date,category,region,units_sold,stock_available,avg_price,promotion_flag
2022-01-21,Dairy,North,19,288,5.93,1
2022-01-21,Dairy,South,50,475,4.433333333333334,1
2022-01-21,Dairy,West,16,222,3.77,0
2022-01-22,Dairy,North,47,687,5.652,0
2022-01-22,Dairy,South,47,567,4.113333333333333,0
2022-01-22,Dairy,West,73,802,5.467499999999999,1
2022-01-23,Dairy,North,71,872,4.971666666666667,1
2022-01-23,Dairy,South,73,729,5.47,1
2022-01-23,Dairy,West,53,810,5.712000000000001,0
2022-01-24,Dairy,North,56,757,5.432,0
2022-01-24,Dairy,South,57,731,6.075,1
2022-01-24,Dairy,West,37,613,5.2525,0
2022-01-25,Dairy,North,48,712,5.505,0
2022-01-25,Dairy,South,74,858,3.616000000000001,1
2022-01-25,Dairy,West,49,634,5.78,0
2022-01-26,Dairy,North,57,666,4.736,1
2022-01-26,Dairy,South,82,941,4.761666666666667,1
2022-01-26,Dairy,West,54,721,3.79,0
2022-01-27,Dairy,North,81,914,3.605,1
2022-01-27,Dairy,South,65,803,4.5216666666666665,0
2022-01-27,Dairy,West,43,527,5.489999999999999,0
2022-01-28,Dairy,North,73,702,3.765000000000001,1
2022-01-28,Dairy,South,94,1000,6.703333333333333,1
2022-01-28,Dairy,West,88,1129,6.816666666666666,0
2022-01-29,Dairy,North,41,618,5.19,0
2022-01-29,Dairy,South,71,841,4.903333333333333,1
2022-01-29,Dairy,West,73,1057,5.051666666666667,1
2022-01-30,Dairy,North,53,682,4.415,0
2022-01-30,Dairy,South,44,550,5.195,1
2022-01-30,Dairy,West,84,739,5.712,1
2022-01-31,Dairy,North,78,917,5.583333333333333,1
2022-01-31,Dairy,South,136,1129,5.141666666666667,1
2022-01-31,Dairy,West,108,1008,5.68,1
2022-02-01,Dairy,North,60,900,3.1933333333333334,1
2022-02-01,Dairy,South,36,533,4.46,0
2022-02-01,Dairy,West,78,802,6.13,1
2022-02-02,Dairy,North,40,471,4.433333333333334,1
2022-02-02,Dairy,South,64,889,5.174,0
2022-02-02,Dairy,West,63,825,4.63,1
2022-02-03,Dairy,North,50,658,5.9575,0
2022-02-03,Dairy,South,76,883,6.037999999999999,0
2022-02-03,Dairy,West,62,875,6.318,0
2022-02-04,Dairy,North,63,801,5.1825,0
2022-02-04,Dairy,South,97,1001,5.558333333333334,1
2022-02-04,Dairy,West,72,963,4.793333333333334,0
2022-02-05,Dairy,North,66,758,4.195,1
2022-02-05,Dairy,South,64,760,5.308,1
2022-02-05,Dairy,West,59,807,4.964,0
2022-02-06,Dairy,North,59,687,3.414,1
2022-02-06,Dairy,South,64,749,6.5825000000000005,0
2022-02-06,Dairy,West,101,743,6.0120000000000005,1
2022-02-07,Dairy,North,73,767,4.996666666666667,1
2022-02-07,Dairy,South,65,843,6.374,0
2022-02-07,Dairy,West,56,772,5.022,0
2022-02-08,Dairy,North,69,1018,5.596666666666667,0
2022-02-08,Dairy,South,57,598,6.5175,1
2022-02-08,Dairy,West,106,911,5.454999999999999,1
2022-02-09,Dairy,North,83,913,5.523333333333333,1
2022-02-09,Dairy,South,48,570,5.69,1
2022-02-09,Dairy,West,98,1007,6.591666666666668,1
2022-02-10,Dairy,North,92,999,4.943333333333333,1
2022-02-10,Dairy,South,37,523,4.3500000000000005,0
2022-02-10,Dairy,West,72,915,3.536,1
2022-02-11,Dairy,North,60,829,4.058,0
2022-02-11,Dairy,South,75,1069,5.65,0
2022-02-11,Dairy,West,61,868,5.5,0
2022-02-12,Dairy,North,64,826,4.502,1
2022-02-12,Dairy,South,44,343,3.895,1
2022-02-12,Dairy,West,82,796,5.622,1
2022-02-13,Dairy,North,80,825,5.525,1
2022-02-13,Dairy,South,37,414,6.1675,0
2022-02-13,Dairy,West,76,898,6.484999999999999,0
2022-02-14,Dairy,North,57,641,4.388,1
2022-02-14,Dairy,South,69,765,4.614,1
2022-02-14,Dairy,West,48,730,5.992,0
2022-02-15,Dairy,North,50,668,6.238,1
2022-02-15,Dairy,South,55,910,6.243333333333333,0
2022-02-15,Dairy,West,46,585,3.955,0
2022-02-16,Dairy,North,52,606,2.99,1
2022-02-16,Dairy,South,97,954,5.0183333333333335,1
2022-02-16,Dairy,West,32,485,6.69,0
2022-02-17,Dairy,North,64,568,6.89,1
2022-02-17,Dairy,South,64,770,6.044,1
2022-02-17,Dairy,West,98,992,6.633333333333333,1
2022-02-18,Dairy,North,99,830,4.862,1
2022-02-18,Dairy,South,71,999,4.345,0
2022-02-18,Dairy,West,47,456,5.666,1
2022-02-19,Dairy,North,70,714,4.26,1
2022-02-19,Dairy,South,66,794,5.601999999999999,0
2022-02-19,Dairy,West,76,994,5.081666666666666,1
2022-02-20,Dairy,North,70,888,6.266666666666667,0
2022-02-20,Dairy,South,71,939,6.5920000000000005,1
2022-02-20,Dairy,West,65,695,6.5225,1
2022-02-21,Dairy,North,122,938,3.81,1
2022-02-21,Dairy,South,70,683,5.16,1
2022-02-21,Dairy,West,54,770,5.366,0
2022-02-22,Dairy,North,75,1032,4.226666666666667,1
2022-02-22,Dairy,South,56,634,4.155,1
2022-02-22,Dairy,West,44,609,5.178,0
2022-02-23,Dairy,North,56,716,4.57,1
2022-02-23,Dairy,South,26,498,3.99,0
2022-02-23,Dairy,West,60,829,7.065,1
2022-02-24,Dairy,North,97,885,4.6125,1
2022-02-24,Dairy,South,53,772,5.85,0
2022-02-24,Dairy,West,54,646,7.237500000000001,0
2022-02-25,Dairy,North,79,946,3.844,1
2022-02-25,Dairy,South,70,986,4.514,0
2022-02-25,Dairy,West,65,662,4.052,1
2022-02-26,Dairy,North,52,598,5.118,1
2022-02-26,Dairy,South,67,971,4.554,1
2022-02-26,Dairy,West,76,831,4.693333333333333,1
2022-02-27,Dairy,North,38,531,4.7375,0
2022-02-27,Dairy,South,41,388,4.4925,1
2022-02-27,Dairy,West,58,723,6.183999999999999,1
2022-02-28,Dairy,North,112,1217,5.5175,1
2022-02-28,Dairy,South,142,1167,3.9928571428571433,1
2022-02-28,Dairy,West,104,891,5.463333333333334,1
2022-03-01,Dairy,North,178,1676,4.19,1
2022-03-01,Dairy,South,194,1612,5.845555555555555,1
2022-03-01,Dairy,West,141,1453,6.538888888888889,0
2022-03-02,Dairy,North,153,1391,4.367777777777778,1
2022-03-02,Dairy,South,108,1295,6.445,0
2022-03-02,Dairy,West,143,1227,5.66125,1
2022-03-03,Dairy,North,140,1223,4.858333333333333,1
2022-03-03,Dairy,South,92,1001,4.503333333333333,0
2022-03-03,Dairy,West,91,1031,3.9957142857142856,0
2022-03-04,Dairy,North,82,782,5.76,0
2022-03-04,Dairy,South,112,1314,5.542222222222223,1
2022-03-04,Dairy,West,118,1147,4.050000000000001,1
2022-03-05,Dairy,North,130,1423,5.406666666666666,1
2022-03-05,Dairy,South,140,1274,6.377777777777777,1
2022-03-05,Dairy,West,156,1162,3.9683333333333337,1
2022-03-06,Dairy,North,99,1069,4.895,0
2022-03-06,Dairy,South,103,1102,5.514285714285714,0
2022-03-06,Dairy,West,115,814,4.1450000000000005,1
2022-03-07,Dairy,North,100,990,4.445,1
2022-03-07,Dairy,South,78,691,5.3566666666666665,1
2022-03-07,Dairy,West,132,1241,4.398571428571429,1
2022-03-08,Dairy,North,134,1375,5.097777777777778,1
2022-03-08,Dairy,South,75,678,6.188000000000001,0
2022-03-08,Dairy,West,81,915,4.454285714285715,0
2022-03-09,Dairy,North,112,1323,5.165555555555556,1
2022-03-09,Dairy,South,102,1043,5.45,1
2022-03-09,Dairy,West,131,1340,5.73375,1
2022-03-10,Dairy,North,85,985,5.791428571428571,0
2022-03-10,Dairy,South,145,1344,4.605555555555556,1
2022-03-10,Dairy,West,105,893,4.46,1
2022-03-11,Dairy,North,104,944,6.353333333333334,1
2022-03-11,Dairy,South,124,1276,5.8375,0
2022-03-11,Dairy,West,111,1110,5.50875,1
2022-03-12,Dairy,North,122,1428,4.7075,0
2022-03-12,Dairy,South,128,1476,4.167777777777777,0
2022-03-12,Dairy,West,135,1349,6.152222222222222,1
2022-03-13,Dairy,North,270,1916,5.085454545454545,1
2022-03-13,Dairy,South,193,1721,5.73,1
2022-03-13,Dairy,West,163,1630,6.047,1
2022-03-14,Dairy,North,174,1613,5.809090909090909,1
2022-03-14,Dairy,South,201,1458,5.252727272727273,1
2022-03-14,Dairy,West,200,1728,6.825454545454545,1
2022-03-15,Dairy,North,128,1392,5.437142857142858,1
2022-03-15,Dairy,South,208,1813,5.333333333333333,1
2022-03-15,Dairy,West,161,1525,4.692727272727273,0
2022-03-16,Dairy,North,196,1909,5.635454545454545,1
2022-03-16,Dairy,South,191,1761,5.651818181818182,1
2022-03-16,Dairy,West,105,1202,4.967777777777778,0
2022-03-17,Dairy,North,174,1479,6.1240000000000006,1
2022-03-17,Dairy,South,213,2015,5.2375,1
2022-03-17,Dairy,West,212,2074,5.655833333333334,1
2022-03-18,Dairy,North,176,1849,5.607272727272728,1
2022-03-18,Dairy,South,161,1402,4.721111111111111,1
2022-03-18,Dairy,West,156,1275,5.953333333333333,1
2022-03-19,Dairy,North,340,1961,6.244545454545454,1
2022-03-19,Dairy,South,222,1413,4.464,1
2022-03-19,Dairy,West,187,1196,5.76125,1
2022-03-20,Dairy,North,191,1557,5.296,1
2022-03-20,Dairy,South,210,1913,5.659000000000001,0
2022-03-20,Dairy,West,203,1631,5.485,1
2022-03-21,Dairy,North,232,1728,4.1530000000000005,1
2022-03-21,Dairy,South,181,1305,5.29625,1
2022-03-21,Dairy,West,211,1712,6.494,1
2022-03-22,Dairy,North,153,1173,5.225,1
2022-03-22,Dairy,South,157,1211,4.80875,1
2022-03-22,Dairy,West,277,1870,5.53,1
2022-03-23,Dairy,North,191,1561,3.98,0
2022-03-23,Dairy,South,272,2018,5.640833333333333,1
2022-03-23,Dairy,West,190,1309,5.555000000000001,1
2022-03-24,Dairy,North,179,1486,6.260000000000001,1
2022-03-24,Dairy,South,271,1816,5.528181818181818,1
2022-03-24,Dairy,West,166,1249,4.6925,1
2022-03-25,Dairy,North,273,2270,5.504545454545454,1
2022-03-25,Dairy,South,213,1316,4.653333333333333,1
2022-03-25,Dairy,West,151,1023,4.8012500000000005,1
2022-03-26,Dairy,North,149,1149,5.04,1
2022-03-26,Dairy,South,263,1642,4.792727272727273,1
2022-03-26,Dairy,West,195,1612,5.807,1
2022-03-27,Dairy,North,205,1669,4.535454545454545,1
2022-03-27,Dairy,South,129,1334,6.728888888888889,1
2022-03-27,Dairy,West,227,1569,5.8566666666666665,1
2022-03-28,Dairy,North,196,1448,4.348888888888889,1
2022-03-28,Dairy,South,260,2064,5.1466666666666665,1
2022-03-28,Dairy,West,190,1518,5.180000000000001,0
2022-03-29,Dairy,North,263,2069,4.613333333333333,0
2022-03-29,Dairy,South,334,2341,4.510769230769231,1
2022-03-29,Dairy,West,338,2038,6.076428571428571,1
2022-03-30,Dairy,North,201,1745,4.593076923076923,0
2022-03-30,Dairy,South,341,2554,4.808666666666666,1
2022-03-30,Dairy,West,216,1751,5.091818181818182,1
2022-03-31,Dairy,North,250,1814,5.3525,1
2022-03-31,Dairy,South,242,1570,5.971,1
2022-03-31,Dairy,West,303,2209,6.582307692307692,1
2022-04-01,Dairy,North,269,1983,5.45,1
2022-04-01,Dairy,South,277,2184,5.836923076923076,1
2022-04-01,Dairy,West,199,1802,5.148461538461538,0
2022-04-02,Dairy,North,241,1820,5.494615384615385,1
2022-04-02,Dairy,South,246,1805,4.975384615384614,1
2022-04-02,Dairy,West,285,1725,5.220909090909091,1
2022-04-03,Dairy,North,220,1846,4.865833333333334,0
2022-04-03,Dairy,South,260,2019,5.032857142857142,1
2022-04-03,Dairy,West,283,1925,6.101538461538461,1
2022-04-04,Dairy,North,329,2300,4.510769230769231,1
2022-04-04,Dairy,South,314,2191,6.216428571428572,1
2022-04-04,Dairy,West,219,1698,5.467692307692308,1
2022-04-05,Dairy,North,166,1184,5.51125,1
2022-04-05,Dairy,South,256,1967,4.142727272727273,0
2022-04-05,Dairy,West,207,1743,4.957272727272727,1
2022-04-06,Dairy,North,188,1491,4.666,0
2022-04-06,Dairy,South,346,1980,5.97,1
2022-04-06,Dairy,West,262,2222,5.205333333333333,0
2022-04-07,Dairy,North,275,1932,5.23,1
2022-04-07,Dairy,South,290,2044,4.620769230769231,1
2022-04-07,Dairy,West,232,1575,4.2170000000000005,1
2022-04-08,Dairy,North,294,1849,5.810833333333334,1
2022-04-08,Dairy,South,242,1625,5.644545454545455,1
2022-04-08,Dairy,West,329,2076,4.53,1
2022-04-09,Dairy,North,259,1705,5.134615384615385,1
2022-04-09,Dairy,South,219,1744,5.527272727272727,1
2022-04-09,Dairy,West,299,1953,5.319999999999999,1
2022-04-10,Dairy,North,398,2698,6.319375,1
2022-04-10,Dairy,South,300,1878,6.412727272727273,1
2022-04-10,Dairy,West,377,2687,5.469411764705883,1
2022-04-11,Dairy,North,350,2054,5.177333333333333,1
2022-04-11,Dairy,South,293,2062,5.475333333333333,1
2022-04-11,Dairy,West,275,1624,5.229166666666667,1
2022-04-12,Dairy,North,362,2716,4.597222222222222,1
2022-04-12,Dairy,South,411,2520,4.791333333333333,1
2022-04-12,Dairy,West,306,2308,5.8568750000000005,1
2022-04-13,Dairy,North,470,3339,4.701428571428572,1
2022-04-13,Dairy,South,388,3280,5.261904761904762,1
2022-04-13,Dairy,West,430,3057,5.823,1
2022-04-14,Dairy,North,393,2662,5.062352941176471,1
2022-04-14,Dairy,South,420,3020,5.1530000000000005,1
2022-04-14,Dairy,West,520,3506,5.98,1
2022-04-15,Dairy,North,411,2902,4.629444444444444,1
2022-04-15,Dairy,South,351,2803,5.764705882352941,1
2022-04-15,Dairy,West,522,3227,5.439444444444444,1
2022-04-16,Dairy,North,309,2459,5.16625,1
2022-04-16,Dairy,South,415,3018,6.153157894736842,1
2022-04-16,Dairy,West,419,2793,5.933333333333334,1
2022-04-17,Dairy,North,400,2935,5.158888888888889,1
2022-04-17,Dairy,South,474,2855,5.101111111111112,1
2022-04-17,Dairy,West,411,2909,4.7877777777777775,1
2022-04-17,Instant Food,North,43,475,5.976666666666667,0
2022-04-17,Instant Food,South,46,444,2.013333333333333,0
2022-04-17,Instant Food,West,28,331,4.455,0
2022-04-18,Dairy,North,477,3067,5.545789473684211,1
2022-04-18,Dairy,South,362,2815,4.547777777777778,1
2022-04-18,Dairy,West,517,2896,6.894736842105263,1
2022-04-18,Instant Food,North,28,405,6.76,0
2022-04-18,Instant Food,South,31,302,8.4,0
2022-04-18,Instant Food,West,13,148,6.415,1
2022-04-19,Dairy,North,433,3063,5.499473684210526,1
2022-04-19,Dairy,South,422,2981,4.6435,1
2022-04-19,Dairy,West,343,2778,5.275294117647059,1
2022-04-19,Instant Food,North,43,629,5.166666666666667,0
2022-04-19,Instant Food,South,74,732,5.62,1
2022-04-19,Instant Food,West,19,249,3.82,0
2022-04-20,Dairy,North,434,3099,5.086315789473685,1
2022-04-20,Dairy,South,461,2777,4.865,1
2022-04-20,Dairy,West,387,3037,4.471578947368421,0
2022-04-20,Instant Food,North,8,117,6.46,0
2022-04-20,Instant Food,South,40,552,5.366666666666667,0
2022-04-20,Instant Food,West,30,288,6.88,0
2022-04-21,Dairy,North,423,2812,5.949411764705882,1
2022-04-21,Dairy,South,265,2042,5.475714285714285,1
2022-04-21,Dairy,West,264,2008,3.658666666666667,1
2022-04-21,Instant Food,North,25,309,3.8233333333333337,0
2022-04-21,Instant Food,South,20,266,5.404999999999999,0
2022-04-21,Instant Food,West,52,430,5.303333333333334,1
2022-04-22,Dairy,North,417,3108,4.968947368421053,1
2022-04-22,Dairy,South,402,2905,5.489999999999999,1
2022-04-22,Dairy,West,421,2844,5.075294117647059,1
2022-04-22,Instant Food,North,27,125,4.2,1
2022-04-22,Instant Food,South,59,655,5.19,0
2022-04-22,Instant Food,West,38,378,4.6066666666666665,0
2022-04-23,Dairy,North,362,2727,5.572352941176471,1
2022-04-23,Dairy,South,364,2649,4.681111111111111,1
2022-04-23,Dairy,West,360,2594,4.415882352941176,1
2022-04-23,Instant Food,North,38,578,7.363333333333332,0
2022-04-23,Instant Food,South,46,466,5.653333333333333,0
2022-04-23,Instant Food,West,19,197,2.8200000000000003,0
2022-04-24,Dairy,North,495,3472,6.871,1
2022-04-24,Dairy,South,487,3017,5.134444444444444,1
2022-04-24,Dairy,West,260,2129,5.625714285714286,0
2022-04-24,Instant Food,North,73,611,5.23,1
2022-04-24,Instant Food,South,34,342,7.15,0
2022-04-24,Instant Food,West,40,404,3.96,0
2022-04-25,Dairy,North,295,2125,4.525714285714286,1
2022-04-25,Dairy,South,355,2475,6.621666666666666,1
2022-04-25,Dairy,West,392,2906,5.300526315789474,1
2022-04-25,Instant Food,North,53,550,3.9933333333333336,0
2022-04-25,Instant Food,South,37,502,4.243333333333333,0
2022-04-25,Instant Food,West,34,361,5.123333333333333,0
2022-04-26,Dairy,North,399,2687,5.051052631578948,1
2022-04-26,Dairy,South,448,2837,4.892222222222222,1
2022-04-26,Dairy,West,451,2482,5.625294117647059,1
2022-04-26,Instant Food,North,47,334,4.53,1
2022-04-26,Instant Food,South,30,357,4.013333333333333,0
2022-04-26,Instant Food,West,17,218,2.94,0
2022-04-27,Dairy,North,508,2612,5.65125,1
2022-04-27,Dairy,South,321,2324,6.05,1
2022-04-27,Dairy,West,524,3046,4.98,1
2022-04-27,Instant Food,North,37,427,4.776666666666666,0
2022-04-27,Instant Food,South,21,305,5.305,0
2022-04-27,Instant Food,West,62,471,4.746666666666667,1
2022-04-28,Dairy,North,383,2572,4.514375,1
2022-04-28,Dairy,South,411,2784,5.38,1
2022-04-28,Dairy,West,427,2916,4.511875,1
2022-04-28,Instant Food,North,22,230,5.485,0
2022-04-28,Instant Food,South,29,475,5.890000000000001,0
2022-04-28,Instant Food,West,27,263,7.243333333333333,0
2022-04-29,Dairy,North,396,2637,4.125555555555556,1
2022-04-29,Dairy,South,405,2839,4.177368421052631,1
2022-04-29,Dairy,West,492,3080,5.632777777777778,1
2022-04-29,Instant Food,North,43,600,5.996666666666667,0
2022-04-29,Instant Food,South,61,388,6.153333333333333,1
2022-04-29,Instant Food,West,62,456,6.156666666666666,1
2022-04-30,Dairy,North,403,2568,4.611666666666667,1
2022-04-30,Dairy,South,419,3140,5.749047619047619,1
2022-04-30,Dairy,West,351,2627,5.2092857142857145,1
2022-04-30,Instant Food,North,27,324,5.234999999999999,0
2022-04-30,Instant Food,South,18,247,6.18,0
2022-04-30,Instant Food,West,40,290,3.753333333333333,1
2022-05-01,Dairy,North,418,2607,4.598235294117647,1
2022-05-01,Dairy,South,494,2793,5.711666666666667,1
2022-05-01,Dairy,West,395,2777,5.329473684210527,1
2022-05-01,Instant Food,North,42,478,7.416666666666667,0
2022-05-01,Instant Food,South,40,561,5.5633333333333335,0
2022-05-01,Instant Food,West,44,422,6.493333333333332,1
2022-05-02,Dairy,North,420,2796,5.101111111111111,1
2022-05-02,Dairy,South,372,2770,5.685294117647058,1
2022-05-02,Dairy,West,453,3312,5.388421052631578,1
2022-05-02,Instant Food,North,55,675,6.534000000000001,0
2022-05-02,Instant Food,South,66,742,5.604,1
2022-05-02,Instant Food,West,78,678,4.4325,1
2022-05-03,Dairy,North,433,2498,5.6225,1
2022-05-03,Dairy,South,382,2503,5.473125,1
2022-05-03,Dairy,West,548,3394,4.6738888888888885,1
2022-05-03,Instant Food,North,95,867,5.176666666666667,1
2022-05-03,Instant Food,South,72,976,4.126,0
2022-05-03,Instant Food,West,61,770,6.264,0
2022-05-04,Dairy,North,446,2911,5.086666666666667,0
2022-05-04,Dairy,South,475,2768,4.956111111111111,1
2022-05-04,Dairy,West,435,2782,5.349444444444444,1
2022-05-04,Instant Food,North,72,614,5.609999999999999,1
2022-05-04,Instant Food,South,76,757,4.21,1
2022-05-04,Instant Food,West,83,1002,6.15,0
2022-05-05,Dairy,North,438,2765,4.468,1
2022-05-05,Dairy,South,399,2474,5.888823529411765,1
2022-05-05,Dairy,West,328,2214,4.784285714285715,1
2022-05-05,Instant Food,North,50,764,5.6433333333333335,0
2022-05-05,Instant Food,South,49,653,5.540000000000001,0
2022-05-05,Instant Food,West,126,1075,5.971666666666667,1
2022-05-06,Dairy,North,451,2907,4.955,1
2022-05-06,Dairy,South,445,2898,5.376111111111111,1
2022-05-06,Dairy,West,389,2438,5.273333333333333,1
2022-05-06,Instant Food,North,92,770,6.298,1
2022-05-06,Instant Food,South,39,603,6.136666666666667,0
2022-05-06,Instant Food,West,75,882,6.006666666666667,0
2022-05-07,Dairy,North,481,2813,5.604117647058823,1
2022-05-07,Dairy,South,509,3041,4.866842105263157,1
2022-05-07,Dairy,West,401,2602,4.829444444444444,1
2022-05-07,Instant Food,North,84,756,6.276666666666666,1
2022-05-07,Instant Food,South,62,758,6.331666666666667,1
2022-05-07,Instant Food,West,41,696,6.585,0
2022-05-08,Dairy,North,627,3566,5.523809523809524,1
2022-05-08,Dairy,South,478,2892,5.377222222222223,1
2022-05-08,Dairy,West,529,2924,4.077894736842105,1
2022-05-08,Instant Food,North,83,633,3.592,1
2022-05-08,Instant Food,South,86,574,5.843333333333334,1
2022-05-08,Instant Food,West,84,782,5.536,1
2022-05-09,Dairy,North,463,2756,4.307777777777778,1
2022-05-09,Dairy,South,537,2722,5.102777777777778,1
2022-05-09,Dairy,West,356,2403,5.807222222222222,1
2022-05-09,Instant Food,North,110,946,3.6,1
2022-05-09,Instant Food,South,67,890,4.792,0
2022-05-09,Instant Food,West,42,405,4.873333333333334,0
2022-05-10,Dairy,North,612,3465,4.925238095238096,1
2022-05-10,Dairy,South,591,3311,4.182105263157895,1
2022-05-10,Dairy,West,382,2387,5.391875,1
2022-05-10,Instant Food,North,91,811,4.71,1
2022-05-10,Instant Food,South,78,898,5.251666666666666,1
2022-05-10,Instant Food,West,69,823,4.816666666666666,1
2022-05-11,Dairy,North,378,2581,6.491111111111112,1
2022-05-11,Dairy,South,456,2870,5.328333333333333,1
2022-05-11,Dairy,West,474,2627,5.448125,1
2022-05-11,Instant Food,North,100,1127,5.24,0
2022-05-11,Instant Food,South,181,1832,5.293333333333333,1
2022-05-11,Instant Food,West,113,1164,3.4,1
2022-05-12,Dairy,North,546,3029,5.602222222222222,1
2022-05-12,Dairy,South,368,2061,5.255714285714285,1
2022-05-12,Dairy,West,446,2688,4.643125,1
2022-05-12,Instant Food,North,131,1241,4.4925,1
2022-05-12,Instant Food,South,78,1306,4.93,0
2022-05-12,Instant Food,West,145,1291,5.42,1
2022-05-13,Dairy,North,493,3046,6.146111111111111,1
2022-05-13,Dairy,South,389,2546,5.205625,1
2022-05-13,Dairy,West,450,2832,5.00764705882353,1
2022-05-13,Instant Food,North,84,1124,5.165,0
2022-05-13,Instant Food,South,109,1189,5.575714285714286,0
2022-05-13,Instant Food,West,112,919,4.87,1
2022-05-14,Dairy,North,472,2723,4.944444444444445,1
2022-05-14,Dairy,South,479,2604,5.340555555555556,1
2022-05-14,Dairy,West,438,2382,4.033846153846154,1
2022-05-14,Instant Food,North,111,1186,4.05,1
2022-05-14,Instant Food,South,93,896,6.095,1
2022-05-14,Instant Food,West,104,1280,5.0225,1
2022-05-15,Dairy,North,425,2834,4.741666666666666,1
2022-05-15,Dairy,South,327,2228,4.8275,1
2022-05-15,Dairy,West,435,2654,5.091666666666667,1
2022-05-15,Instant Food,North,96,1207,5.277142857142857,1
2022-05-15,Instant Food,South,153,1405,5.66,1
2022-05-15,Instant Food,West,133,1487,4.4525,0
2022-05-16,Dairy,North,382,2651,5.406666666666666,0
2022-05-16,Dairy,South,573,3201,5.1685,1
2022-05-16,Dairy,West,411,2758,4.965625,0
2022-05-16,Instant Food,North,116,1199,4.625,1
2022-05-16,Instant Food,South,96,1209,4.961428571428571,0
2022-05-16,Instant Food,West,76,1074,5.93375,0
2022-05-17,Dairy,North,534,2783,4.636111111111111,1
2022-05-17,Dairy,South,526,2946,5.273684210526316,1
2022-05-17,Dairy,West,475,2769,5.204117647058824,1
2022-05-17,Instant Food,North,97,1251,5.042857142857143,0
2022-05-17,Instant Food,South,98,1336,5.542222222222222,1
2022-05-17,Instant Food,West,105,1196,4.54875,1
2022-05-18,Dairy,North,608,3090,3.7694736842105274,1
2022-05-18,Dairy,South,393,2524,4.786470588235295,1
2022-05-18,Dairy,West,486,2621,5.914000000000001,1
2022-05-18,Instant Food,North,108,1185,5.604444444444444,1
2022-05-18,Instant Food,South,95,1091,4.40125,1
2022-05-18,Instant Food,West,113,1186,5.522857142857142,1
2022-05-19,Dairy,North,422,2666,5.453529411764706,1
2022-05-19,Dairy,South,503,2963,5.042631578947368,1
2022-05-19,Dairy,West,509,3280,5.489047619047619,1
2022-05-19,Instant Food,North,155,1586,6.371111111111111,1
2022-05-19,Instant Food,South,131,1471,4.733333333333333,1
2022-05-19,Instant Food,West,90,737,5.691428571428572,1
2022-05-20,Dairy,North,437,2711,5.479444444444444,1
2022-05-20,Dairy,South,458,2786,4.733157894736841,1
2022-05-20,Dairy,West,472,2425,4.774615384615385,1
2022-05-20,Instant Food,North,97,1224,4.682857142857143,0
2022-05-20,Instant Food,South,128,1510,5.693333333333333,1
2022-05-20,Instant Food,West,105,1140,5.535714285714286,0
2022-05-21,Dairy,North,439,2844,4.215882352941176,1
2022-05-21,Dairy,South,409,2499,4.86,1
2022-05-21,Dairy,West,560,3159,4.897368421052631,1
2022-05-21,Instant Food,North,106,1240,4.8775,1
2022-05-21,Instant Food,South,92,1107,6.392857142857143,0
2022-05-21,Instant Food,West,107,1352,4.21875,1
2022-05-22,Dairy,North,358,2454,4.806842105263158,1
2022-05-22,Dairy,South,478,2880,5.164705882352941,1
2022-05-22,Dairy,West,491,2878,5.578421052631579,1
2022-05-22,Instant Food,North,100,1370,4.7575,0
2022-05-22,Instant Food,South,101,1175,4.9350000000000005,0
2022-05-22,Instant Food,West,143,1463,5.82875,1
2022-05-23,Dairy,North,578,3456,5.151999999999999,1
2022-05-23,Dairy,South,361,2462,4.81,1
2022-05-23,Dairy,West,526,3169,5.355,1
2022-05-23,Instant Food,North,142,1321,4.713333333333334,1
2022-05-23,Instant Food,South,77,915,6.192857142857143,1
2022-05-23,Instant Food,West,140,1218,6.27875,1
2022-05-24,Dairy,North,460,2564,5.174117647058823,1
2022-05-24,Dairy,South,335,2117,4.869166666666667,0
2022-05-24,Dairy,West,556,3114,5.762631578947368,1
2022-05-24,Instant Food,North,96,1206,5.13875,0
2022-05-24,Instant Food,South,136,1568,4.525555555555555,1
2022-05-24,Instant Food,West,102,1134,5.054285714285713,1
2022-05-25,Dairy,North,567,2950,4.731111111111111,1
2022-05-25,Dairy,South,474,2611,6.361176470588235,1
2022-05-25,Dairy,West,431,2302,5.251875,1
2022-05-25,Instant Food,North,99,793,5.635714285714286,1
2022-05-25,Instant Food,South,56,726,6.185714285714285,0
2022-05-25,Instant Food,West,147,1264,5.15625,1
2022-05-26,Dairy,North,479,2653,5.965294117647058,1
2022-05-26,Dairy,South,453,2727,4.982352941176471,1
2022-05-26,Dairy,West,505,2619,5.263333333333334,1
2022-05-26,Instant Food,North,111,1302,5.804444444444445,1
2022-05-26,Instant Food,South,86,1119,4.4275,0
2022-05-26,Instant Food,West,160,1275,6.291428571428571,1
2022-05-27,Dairy,North,511,2639,5.135882352941176,1
2022-05-27,Dairy,South,381,2416,5.588666666666667,1
2022-05-27,Dairy,West,572,3017,4.682941176470588,1
2022-05-27,Instant Food,North,109,1220,5.760000000000001,1
2022-05-27,Instant Food,South,155,1216,6.50375,1
2022-05-27,Instant Food,West,90,1140,3.85875,0
2022-05-28,Dairy,North,592,3014,4.824736842105263,1
2022-05-28,Dairy,South,596,3323,4.5765,1
2022-05-28,Dairy,West,527,3243,5.772,0
2022-05-28,Instant Food,North,118,1376,3.5875,1
2022-05-28,Instant Food,South,97,1260,6.191428571428572,1
2022-05-28,Instant Food,West,107,1284,5.992857142857143,0
2022-05-29,Dairy,North,584,3532,5.397619047619047,1
2022-05-29,Dairy,South,608,3321,5.1657142857142855,1
2022-05-29,Dairy,West,428,2965,6.755882352941176,1
2022-05-29,Instant Food,North,107,1010,5.347142857142857,1
2022-05-29,Instant Food,South,124,1207,5.8475,1
2022-05-29,Instant Food,West,58,589,6.838333333333334,0
2022-05-30,Dairy,North,496,3021,5.759411764705882,1
2022-05-30,Dairy,South,696,3629,5.6525,1
2022-05-30,Dairy,West,608,3352,5.6605,1
2022-05-30,Instant Food,North,46,683,4.72,0
2022-05-30,Instant Food,South,115,1158,4.9037500000000005,1
2022-05-30,Instant Food,West,125,1465,6.532222222222222,0
2022-05-31,Dairy,North,665,3170,5.091052631578948,1
2022-05-31,Dairy,South,431,2381,5.018461538461538,1
2022-05-31,Dairy,West,518,2875,4.985263157894737,1
2022-05-31,Instant Food,North,77,1243,5.4775,0
2022-05-31,Instant Food,South,103,1147,5.178333333333334,1
2022-05-31,Instant Food,West,143,1219,6.137142857142857,1
2022-06-01,Dairy,North,462,2786,5.780526315789474,0
2022-06-01,Dairy,South,644,3091,5.921052631578948,1
2022-06-01,Dairy,West,334,2122,5.3966666666666665,1
2022-06-01,Instant Food,North,127,1404,4.24375,1
2022-06-01,Instant Food,South,98,1182,5.244285714285715,1
2022-06-01,Instant Food,West,79,884,4.433333333333334,1
2022-06-02,Dairy,North,525,3084,5.881500000000001,1
2022-06-02,Dairy,South,499,2802,5.212222222222222,1
2022-06-02,Dairy,West,601,3706,5.589047619047619,1
2022-06-02,Instant Food,North,96,1127,6.695714285714287,1
2022-06-02,Instant Food,South,126,1284,5.756666666666667,1
2022-06-02,Instant Food,West,94,1220,4.875,0
2022-06-03,Dairy,North,559,3126,5.3578947368421055,1
2022-06-03,Dairy,South,508,3042,4.73,1
2022-06-03,Dairy,West,495,2475,4.529411764705882,1
2022-06-03,Instant Food,North,80,1158,6.202500000000001,0
2022-06-03,Instant Food,South,106,1211,4.362857142857143,0
2022-06-03,Instant Food,West,71,1064,3.62125,0
2022-06-04,Dairy,North,554,3075,6.11,1
2022-06-04,Dairy,South,676,3339,5.227777777777778,1
2022-06-04,Dairy,West,491,2945,6.028888888888889,1
2022-06-04,Instant Food,North,115,1196,4.68625,1
2022-06-04,Instant Food,South,111,1394,5.00875,1
2022-06-04,Instant Food,West,105,1391,6.461111111111111,1
2022-06-05,Dairy,North,531,2643,5.546111111111111,1
2022-06-05,Dairy,South,530,2727,5.337058823529412,1
2022-06-05,Dairy,West,564,3388,5.2705,1
2022-06-05,Instant Food,North,112,1584,4.271111111111111,0
2022-06-05,Instant Food,South,77,1051,5.4471428571428575,0
2022-06-05,Instant Food,West,147,1562,6.972222222222222,1
2022-06-06,Dairy,North,494,2556,5.735882352941177,1
2022-06-06,Dairy,South,514,2976,5.406470588235294,1
2022-06-06,Dairy,West,497,2684,5.632777777777778,1
2022-06-06,Instant Food,North,107,1389,5.305,0
2022-06-06,Instant Food,South,127,1235,4.33,1
2022-06-06,Instant Food,West,95,875,6.0,1
2022-06-07,Dairy,North,510,2803,4.710555555555556,1
2022-06-07,Dairy,South,554,2735,4.813529411764706,1
2022-06-07,Dairy,West,582,3290,5.027368421052631,1
2022-06-07,Instant Food,North,98,1119,4.774285714285715,1
2022-06-07,Instant Food,South,124,1120,5.627142857142857,1
2022-06-07,Instant Food,West,117,1240,5.225,1
2022-06-08,Dairy,North,687,3243,5.233333333333333,1
2022-06-08,Dairy,South,605,2900,5.379444444444444,1
2022-06-08,Dairy,West,537,2782,4.827368421052632,1
2022-06-08,Instant Food,North,91,1037,6.958571428571429,1
2022-06-08,Instant Food,South,172,1346,6.054444444444445,1
2022-06-08,Instant Food,West,96,929,5.243333333333333,1
2022-06-09,Dairy,North,536,2869,4.671176470588235,1
2022-06-09,Dairy,South,545,2954,5.148421052631579,1
2022-06-09,Dairy,West,520,2891,4.725,1
2022-06-09,Instant Food,North,104,1267,4.668888888888889,1
2022-06-09,Instant Food,South,97,1148,5.253333333333333,0
2022-06-09,Instant Food,West,91,1081,5.47375,1
2022-06-10,Dairy,North,744,3661,4.428695652173913,1
2022-06-10,Dairy,South,512,2888,5.425263157894737,1
2022-06-10,Dairy,West,631,3185,5.792,1
2022-06-10,Instant Food,North,124,1633,5.011111111111111,0
2022-06-10,Instant Food,South,153,1665,5.513333333333334,1
2022-06-10,Instant Food,West,108,1291,5.67375,1
2022-06-11,Dairy,North,884,3579,4.927368421052631,1
2022-06-11,Dairy,South,689,3115,5.109545454545454,1
2022-06-11,Dairy,West,611,3175,5.7115,1
2022-06-11,Instant Food,North,95,1056,5.115714285714286,1
2022-06-11,Instant Food,South,87,965,5.4471428571428575,1
2022-06-11,Instant Food,West,83,1182,4.315,0
2022-06-12,Dairy,North,772,2897,4.6095,1
2022-06-12,Dairy,South,573,3207,5.3675,1
2022-06-12,Dairy,West,608,3147,5.885,1
2022-06-12,Instant Food,North,216,1764,4.984444444444445,1
2022-06-12,Instant Food,South,162,1374,5.817777777777778,1
2022-06-12,Instant Food,West,91,1134,4.2,1
2022-06-13,Dairy,North,498,2731,5.418235294117647,1
2022-06-13,Dairy,South,452,2663,5.507777777777778,1
2022-06-13,Dairy,West,631,3452,5.865217391304348,1
2022-06-13,Instant Food,North,109,1154,5.524285714285715,1
2022-06-13,Instant Food,South,163,1176,4.642857142857143,1
2022-06-13,Instant Food,West,100,977,5.640000000000001,1
2022-06-14,Dairy,North,478,2432,4.246842105263158,1
2022-06-14,Dairy,South,522,2734,4.677,1
2022-06-14,Dairy,West,497,3083,5.338333333333334,1
2022-06-14,Instant Food,North,149,1177,5.2625,1
2022-06-14,Instant Food,South,143,1193,5.6537500000000005,1
2022-06-14,Instant Food,West,108,1078,5.212857142857144,1
2022-06-15,Dairy,North,736,4038,5.4943478260869565,1
2022-06-15,Dairy,South,593,3479,4.383333333333333,1
2022-06-15,Dairy,West,564,2914,5.219473684210526,1
2022-06-15,Instant Food,North,106,1161,5.055714285714286,0
2022-06-15,Instant Food,South,108,1221,6.69,0
2022-06-15,Instant Food,West,129,1296,5.997777777777778,1
2022-06-16,Dairy,North,564,3610,4.799090909090909,1
2022-06-16,Dairy,South,506,3021,5.0835,1
2022-06-16,Dairy,West,459,2302,5.676470588235294,1
2022-06-16,Instant Food,North,117,1260,5.49,0
2022-06-16,Instant Food,South,147,1246,5.97875,1
2022-06-16,Instant Food,West,168,1455,6.195,1
2022-06-17,Dairy,North,699,3344,5.3645000000000005,1
2022-06-17,Dairy,South,523,2997,5.158421052631579,1
2022-06-17,Dairy,West,688,3946,5.025652173913044,1
2022-06-17,Instant Food,North,136,1175,4.951428571428571,1
2022-06-17,Instant Food,South,135,1204,6.281428571428571,1
2022-06-17,Instant Food,West,138,1428,5.24625,0
2022-06-18,Dairy,North,504,3149,5.9505,1
2022-06-18,Dairy,South,436,2791,5.118947368421053,1
2022-06-18,Dairy,West,580,3015,5.735238095238096,1
2022-06-18,Instant Food,North,171,1468,5.115,1
2022-06-18,Instant Food,South,96,1168,4.885,0
2022-06-18,Instant Food,West,130,1324,4.891111111111112,1
2022-06-19,Dairy,North,553,3021,4.564285714285714,1
2022-06-19,Dairy,South,484,2818,5.566315789473684,1
2022-06-19,Dairy,West,605,3050,5.067894736842105,1
2022-06-19,Instant Food,North,180,1490,4.045555555555556,1
2022-06-19,Instant Food,South,93,1070,5.035714285714286,1
2022-06-19,Instant Food,West,62,826,4.223333333333334,1
2022-06-20,Dairy,North,589,3099,4.7105,1
2022-06-20,Dairy,South,810,3840,5.429523809523809,1
2022-06-20,Dairy,West,677,3721,4.8963636363636365,1
2022-06-20,Instant Food,North,210,1374,5.401428571428572,1
2022-06-20,Instant Food,South,110,1032,4.512857142857143,1
2022-06-20,Instant Food,West,150,1071,4.63,1
2022-06-21,Dairy,North,626,3644,5.121818181818182,1
2022-06-21,Dairy,South,606,3261,5.0525,1
2022-06-21,Dairy,West,638,3314,6.1165,1
2022-06-21,Instant Food,North,140,1290,4.93125,1
2022-06-21,Instant Food,South,112,1107,3.3385714285714285,1
2022-06-21,Instant Food,West,99,1037,5.648571428571429,0
2022-06-22,Dairy,North,584,2989,4.926,1
2022-06-22,Dairy,South,837,3706,5.316818181818181,1
2022-06-22,Dairy,West,387,1937,4.82923076923077,1
2022-06-22,Instant Food,North,99,1275,4.4075,1
2022-06-22,Instant Food,South,73,960,4.483333333333333,1
2022-06-22,Instant Food,West,90,892,4.667142857142857,1
2022-06-23,Dairy,North,696,3323,5.215909090909091,1
2022-06-23,Dairy,South,486,3225,4.626,0
2022-06-23,Dairy,West,761,3490,5.404782608695652,1
2022-06-23,Instant Food,North,105,1101,6.375,0
2022-06-23,Instant Food,South,111,1342,4.734285714285714,0
2022-06-23,Instant Food,West,131,1444,4.963333333333334,0
2022-06-24,Dairy,North,589,3253,5.567619047619048,1
2022-06-24,Dairy,South,579,3489,4.940476190476191,1
2022-06-24,Dairy,West,573,3225,4.626666666666667,1
2022-06-24,Instant Food,North,133,1345,5.92625,1
2022-06-24,Instant Food,South,112,722,6.614,1
2022-06-24,Instant Food,West,90,1023,5.17875,1
2022-06-25,Dairy,North,550,3042,5.186842105263158,1
2022-06-25,Dairy,South,700,3418,5.4465,1
2022-06-25,Dairy,West,661,3209,5.578095238095238,1
2022-06-25,Instant Food,North,148,1312,5.75625,1
2022-06-25,Instant Food,South,97,1020,4.243333333333333,0
2022-06-25,Instant Food,West,93,857,4.338333333333334,0
2022-06-26,Dairy,North,506,2967,5.623684210526315,1
2022-06-26,Dairy,South,683,3108,5.765263157894737,1
2022-06-26,Dairy,West,643,3173,5.051904761904762,1
2022-06-26,Instant Food,North,113,1120,4.199999999999999,1
2022-06-26,Instant Food,South,122,1091,5.47125,1
2022-06-26,Instant Food,West,102,1226,5.361428571428571,0
2022-06-27,Dairy,North,604,3095,4.916818181818182,1
2022-06-27,Dairy,South,601,3178,4.792857142857143,1
2022-06-27,Dairy,West,482,2783,5.626111111111111,1
2022-06-27,Instant Food,North,112,969,4.297142857142857,1
2022-06-27,Instant Food,South,149,1182,5.595714285714286,0
2022-06-27,Instant Food,West,135,1325,5.779999999999999,0
2022-06-28,Dairy,North,530,2966,5.6635,1
2022-06-28,Dairy,South,599,3274,6.3963636363636365,1
2022-06-28,Dairy,West,724,3760,4.777142857142858,1
2022-06-28,Instant Food,North,91,942,7.257142857142857,0
2022-06-28,Instant Food,South,190,1605,5.15,1
2022-06-28,Instant Food,West,168,999,3.991428571428572,1
2022-06-29,Dairy,North,669,3393,5.1477272727272725,1
2022-06-29,Dairy,South,538,3108,4.790869565217391,1
2022-06-29,Dairy,West,657,3759,4.867916666666667,1
2022-06-29,Instant Food,North,154,1050,4.351428571428571,1
2022-06-29,Instant Food,South,149,1513,4.43,0
2022-06-29,Instant Food,West,130,941,6.93625,1
2022-06-30,Dairy,North,638,3657,5.477083333333333,1
2022-06-30,Dairy,South,567,3298,6.127142857142856,1
2022-06-30,Dairy,West,746,3777,4.651304347826087,1
2022-06-30,Instant Food,North,103,898,4.008333333333334,1
2022-06-30,Instant Food,South,130,1154,5.0925,1
2022-06-30,Instant Food,West,97,758,5.4775,1
2022-07-01,Dairy,North,644,3441,4.853809523809524,1
2022-07-01,Dairy,South,523,3244,5.408571428571428,0
2022-07-01,Dairy,West,559,3091,4.7455,1
2022-07-01,Instant Food,North,143,1363,3.50875,1
2022-07-01,Instant Food,South,96,1097,7.541428571428571,0
2022-07-01,Instant Food,West,194,1363,4.904285714285714,1
2022-07-02,Dairy,North,407,2470,4.754705882352941,1
2022-07-02,Dairy,South,552,3178,4.706190476190476,1
2022-07-02,Dairy,West,621,3536,5.385,1
2022-07-02,Instant Food,North,162,1748,5.637777777777777,0
2022-07-02,Instant Food,South,199,1577,5.482222222222222,1
2022-07-02,Instant Food,West,137,1104,3.53125,1
2022-07-03,Dairy,North,524,3237,5.503684210526315,1
2022-07-03,Dairy,South,621,3113,5.324761904761904,1
2022-07-03,Dairy,West,633,3357,5.348421052631579,1
2022-07-03,Instant Food,North,51,584,6.294,0
2022-07-03,Instant Food,South,115,1058,6.597142857142857,1
2022-07-03,Instant Food,West,193,1204,5.428571428571429,1
2022-07-04,Dairy,North,547,3656,4.876363636363636,1
2022-07-04,Dairy,South,710,3774,5.487619047619047,1
2022-07-04,Dairy,West,535,2944,4.898095238095238,1
2022-07-04,Instant Food,North,126,1373,5.785,0
2022-07-04,Instant Food,South,145,1231,5.85625,1
2022-07-04,Instant Food,West,171,1052,5.9525,1
2022-07-05,Dairy,North,618,3189,5.225789473684211,1
2022-07-05,Dairy,South,534,3076,4.798947368421053,1
2022-07-05,Dairy,West,536,3119,5.5815,1
2022-07-05,Instant Food,North,147,1283,5.701428571428572,1
2022-07-05,Instant Food,South,149,1318,4.01125,0
2022-07-05,Instant Food,West,123,1280,4.975714285714285,0
2022-07-06,Dairy,North,606,3313,5.251428571428572,1
2022-07-06,Dairy,South,749,3568,5.164545454545455,1
2022-07-06,Dairy,West,592,3419,4.902727272727272,1
2022-07-06,Instant Food,North,181,1312,4.126666666666667,1
2022-07-06,Instant Food,South,125,1108,5.341666666666666,0
2022-07-06,Instant Food,West,119,1029,3.622857142857143,0
2022-07-07,Dairy,North,485,3007,6.177368421052631,1
2022-07-07,Dairy,South,602,2980,5.024,1
2022-07-07,Dairy,West,529,3030,4.775714285714285,1
2022-07-07,Instant Food,North,207,1389,5.54,1
2022-07-07,Instant Food,South,132,1079,5.675,0
2022-07-07,Instant Food,West,178,1153,7.814999999999999,1
2022-07-08,Dairy,North,468,2874,5.044117647058823,1
2022-07-08,Dairy,South,523,2464,5.189375,1
2022-07-08,Dairy,West,625,3199,5.9857894736842105,1
2022-07-08,Instant Food,North,183,1353,4.98,1
2022-07-08,Instant Food,South,116,931,4.973333333333333,1
2022-07-08,Instant Food,West,159,1140,3.7085714285714286,0
2022-07-09,Dairy,North,527,2994,5.029444444444445,1
2022-07-09,Dairy,South,465,2581,5.472222222222222,1
2022-07-09,Dairy,West,472,2951,4.888,0
2022-07-09,Instant Food,North,151,1165,5.48625,1
2022-07-09,Instant Food,South,151,1279,5.122857142857143,1
2022-07-09,Instant Food,West,191,1358,4.561111111111111,1
2022-07-10,Dairy,North,560,3520,5.512083333333333,1
2022-07-10,Dairy,South,713,3516,5.758095238095239,1
2022-07-10,Dairy,West,604,3851,5.349545454545455,1
2022-07-10,Instant Food,North,168,899,2.7671428571428573,1
2022-07-10,Instant Food,South,112,1022,5.395,0
2022-07-10,Instant Food,West,141,1299,4.7250000000000005,0
2022-07-11,Beverages,North,60,192,7.19,1
2022-07-11,Beverages,South,67,445,5.276666666666666,0
2022-07-11,Beverages,West,96,547,5.046666666666667,1
2022-07-11,Dairy,North,547,3132,5.408095238095238,1
2022-07-11,Dairy,South,665,3355,5.558095238095238,1
2022-07-11,Dairy,West,644,3401,4.658181818181818,1
2022-07-11,Instant Food,North,141,1310,6.92,0
2022-07-11,Instant Food,South,167,1339,7.1475,1
2022-07-11,Instant Food,West,164,1348,4.886666666666667,1
2022-07-12,Beverages,North,69,477,5.963333333333334,0
2022-07-12,Beverages,South,56,431,7.693333333333332,0
2022-07-12,Beverages,West,27,315,3.306666666666666,0
2022-07-12,Dairy,North,599,3241,5.055454545454546,1
2022-07-12,Dairy,South,712,3352,5.648095238095238,1
2022-07-12,Dairy,West,486,2805,4.511666666666667,1
2022-07-12,Instant Food,North,158,1317,6.529999999999999,1
2022-07-12,Instant Food,South,167,1056,5.973333333333334,1
2022-07-12,Instant Food,West,230,1220,4.659999999999999,1
2022-07-13,Beverages,North,25,238,6.41,0
2022-07-13,Beverages,South,49,428,4.703333333333333,0
2022-07-13,Beverages,West,69,595,5.196666666666666,0
2022-07-13,Dairy,North,486,3020,4.89,1
2022-07-13,Dairy,South,587,3301,4.840476190476191,1
2022-07-13,Dairy,West,746,3903,5.521304347826087,1
2022-07-13,Instant Food,North,125,787,5.06,1
2022-07-13,Instant Food,South,164,1350,4.8875,0
2022-07-13,Instant Food,West,136,994,3.766666666666667,1
2022-07-14,Beverages,North,64,382,5.08,1
2022-07-14,Beverages,South,49,378,4.83,0
2022-07-14,Beverages,West,53,451,6.376666666666666,0
2022-07-14,Dairy,North,477,2916,5.335263157894737,1
2022-07-14,Dairy,South,552,3411,4.631428571428572,1
2022-07-14,Dairy,West,707,3677,4.9482608695652175,1
2022-07-14,Instant Food,North,212,1312,4.18,1
2022-07-14,Instant Food,South,128,1300,4.836666666666667,0
2022-07-14,Instant Food,West,158,1232,6.325555555555556,1
2022-07-15,Beverages,North,63,480,5.4,0
2022-07-15,Beverages,South,66,635,4.066666666666666,0
2022-07-15,Beverages,West,53,458,5.543333333333333,0
2022-07-15,Dairy,North,640,3466,5.403636363636363,1
2022-07-15,Dairy,South,484,2650,5.133,1
2022-07-15,Dairy,West,554,2998,5.618421052631579,1
2022-07-15,Instant Food,North,164,1069,7.111428571428571,1
2022-07-15,Instant Food,South,191,1294,3.97,1
2022-07-15,Instant Food,West,184,1219,3.345,1
2022-07-16,Beverages,North,52,422,6.29,0
2022-07-16,Beverages,South,52,398,3.67,1
2022-07-16,Beverages,West,50,363,6.18,0
2022-07-16,Dairy,North,704,3478,4.7700000000000005,1
2022-07-16,Dairy,South,655,4022,5.059090909090909,1
2022-07-16,Dairy,West,335,2349,5.01375,1
2022-07-16,Instant Food,North,151,1363,5.797777777777778,1
2022-07-16,Instant Food,South,92,837,4.7700000000000005,0
2022-07-16,Instant Food,West,127,1078,6.064285714285714,1
2022-07-17,Beverages,North,44,329,5.46,0
2022-07-17,Beverages,South,24,244,2.99,0
2022-07-17,Beverages,West,33,328,3.79,0
2022-07-17,Dairy,North,751,3705,4.6854545454545455,1
2022-07-17,Dairy,South,562,2928,4.87,1
2022-07-17,Dairy,West,674,3121,4.8619047619047615,1
2022-07-17,Instant Food,North,231,1217,6.39375,1
2022-07-17,Instant Food,South,143,1251,5.2425,1
2022-07-17,Instant Food,West,178,1152,6.925714285714285,1
2022-07-18,Beverages,North,38,351,7.015000000000001,0
2022-07-18,Beverages,South,61,547,4.633333333333334,0
2022-07-18,Dairy,North,491,2962,5.542105263157895,1
2022-07-18,Dairy,South,571,2841,5.814761904761904,1
2022-07-18,Dairy,West,518,3072,5.4123809523809525,1
2022-07-18,Instant Food,North,191,1386,4.616666666666666,1
2022-07-18,Instant Food,South,145,1283,6.69125,0
2022-07-18,Instant Food,West,171,1217,5.078888888888889,1
2022-07-19,Beverages,North,52,495,5.096666666666667,0
2022-07-19,Beverages,South,18,169,6.66,0
2022-07-19,Beverages,West,40,352,3.79,0
2022-07-19,Dairy,North,693,3529,4.72304347826087,1
2022-07-19,Dairy,South,522,2986,4.337,1
2022-07-19,Dairy,West,521,3080,5.2965,1
2022-07-19,Instant Food,North,189,1216,5.604285714285714,1
2022-07-19,Instant Food,South,194,1214,5.618888888888889,1
2022-07-19,Instant Food,West,180,1443,4.495555555555556,1
2022-07-20,Beverages,North,70,533,4.76,1
2022-07-20,Beverages,South,44,365,3.44,0
2022-07-20,Beverages,West,56,432,7.330000000000001,1
2022-07-20,Dairy,North,599,3104,5.191578947368421,1
2022-07-20,Dairy,South,439,2842,5.268,1
2022-07-20,Dairy,West,531,3443,4.949545454545454,1
2022-07-20,Instant Food,North,127,1197,4.4425,0
2022-07-20,Instant Food,South,156,986,4.5633333333333335,1
2022-07-20,Instant Food,West,239,1790,4.682222222222222,1
2022-07-21,Beverages,North,69,556,5.993333333333333,0
2022-07-21,Beverages,South,64,437,2.9433333333333334,0
2022-07-21,Beverages,West,34,322,3.755,0
2022-07-21,Dairy,North,598,3136,5.478421052631579,1
2022-07-21,Dairy,South,494,2918,4.7685,1
2022-07-21,Dairy,West,516,2959,5.098571428571429,1
2022-07-21,Instant Food,North,169,1363,5.72,0
2022-07-21,Instant Food,South,194,1346,6.151428571428572,1
2022-07-21,Instant Food,West,116,925,5.927142857142857,0
2022-07-22,Beverages,North,84,501,3.9566666666666666,1
2022-07-22,Beverages,South,76,360,3.81,1
2022-07-22,Beverages,West,154,674,3.6166666666666663,1
2022-07-22,Dairy,North,808,3066,4.652352941176471,1
2022-07-22,Dairy,South,725,3610,4.774,1
2022-07-22,Dairy,West,436,2554,4.851,1
2022-07-22,Instant Food,North,218,1669,5.56,1
2022-07-22,Instant Food,South,154,1372,3.26125,0
2022-07-22,Instant Food,West,265,1622,5.377777777777777,1
2022-07-23,Beverages,North,56,350,5.805,1
2022-07-23,Beverages,South,74,479,6.803333333333334,1
2022-07-23,Beverages,West,97,542,3.85,1
2022-07-23,Dairy,North,665,3700,4.916190476190476,1
2022-07-23,Dairy,South,611,3332,5.719565217391305,1
2022-07-23,Dairy,West,603,3101,5.297894736842105,1
2022-07-23,Instant Food,North,191,1474,4.934444444444444,1
2022-07-23,Instant Food,South,203,1497,5.512222222222222,1
2022-07-23,Instant Food,West,159,1232,6.458571428571429,0
2022-07-24,Beverages,North,47,435,5.553333333333334,0
2022-07-24,Beverages,South,43,342,6.613333333333333,0
2022-07-24,Beverages,West,55,495,6.03,0
2022-07-24,Dairy,North,660,3696,4.928636363636364,1
2022-07-24,Dairy,South,908,4195,5.8275,1
2022-07-24,Dairy,West,556,3335,5.068695652173913,1
2022-07-24,Instant Food,North,241,1350,4.8475,1
2022-07-24,Instant Food,South,138,892,4.078571428571428,1
2022-07-24,Instant Food,West,107,931,4.0216666666666665,0
2022-07-25,Beverages,North,77,504,4.956666666666666,0
2022-07-25,Beverages,South,64,506,4.739999999999999,1
2022-07-25,Beverages,West,32,290,3.795,0
2022-07-25,Dairy,North,524,2761,5.652,1
2022-07-25,Dairy,South,629,3563,5.461818181818182,1
2022-07-25,Dairy,West,529,3186,5.107,1
2022-07-25,Instant Food,North,147,1034,5.765714285714286,1
2022-07-25,Instant Food,South,159,1209,5.448888888888889,0
2022-07-25,Instant Food,West,112,1002,4.38,0
2022-07-26,Beverages,North,94,573,6.06,1
2022-07-26,Beverages,South,33,390,5.035,0
2022-07-26,Beverages,West,69,515,5.833333333333333,0
2022-07-26,Dairy,North,588,3165,4.961428571428572,1
2022-07-26,Dairy,South,574,3103,5.354210526315789,1
2022-07-26,Dairy,West,710,3620,5.510454545454546,1
2022-07-26,Instant Food,North,194,1278,4.40875,1
2022-07-26,Instant Food,South,133,1178,4.985714285714286,1
2022-07-26,Instant Food,West,159,1276,5.3725000000000005,0
2022-07-27,Beverages,North,52,435,6.363333333333333,0
2022-07-27,Beverages,South,45,379,6.095,0
2022-07-27,Beverages,West,53,509,5.066666666666666,0
2022-07-27,Dairy,North,609,3523,5.750454545454545,1
2022-07-27,Dairy,South,426,2555,5.552631578947368,1
2022-07-27,Dairy,West,554,3290,5.068,1
2022-07-27,Instant Food,North,119,1101,7.225,0
2022-07-27,Instant Food,South,119,1213,4.788571428571429,0
2022-07-27,Instant Food,West,213,1571,6.006666666666667,0
2022-07-28,Beverages,North,44,331,5.904999999999999,0
2022-07-28,Beverages,South,75,394,4.346666666666667,1
2022-07-28,Beverages,West,20,242,3.08,0
2022-07-28,Dairy,North,645,3210,5.648421052631579,1
2022-07-28,Dairy,South,663,3591,5.992,1
2022-07-28,Dairy,West,664,4020,5.059583333333333,1
2022-07-28,Instant Food,North,124,1044,5.474285714285714,0
2022-07-28,Instant Food,South,163,1088,4.33,1
2022-07-28,Instant Food,West,130,984,5.11,1
2022-07-29,Beverages,North,65,492,5.383333333333334,0
2022-07-29,Beverages,South,48,471,6.22,0
2022-07-29,Beverages,West,44,401,7.096666666666667,0
2022-07-29,Dairy,North,556,3077,5.990952380952381,1
2022-07-29,Dairy,South,625,3401,5.050454545454546,1
2022-07-29,Dairy,West,670,3773,5.772272727272727,1
2022-07-29,Instant Food,North,175,1148,5.79875,1
2022-07-29,Instant Food,South,133,1159,6.375,1
2022-07-29,Instant Food,West,149,1396,5.065555555555555,0
2022-07-30,Beverages,North,81,549,4.403333333333333,1
2022-07-30,Beverages,South,73,474,5.006666666666667,1
2022-07-30,Beverages,West,40,313,3.0866666666666664,1
2022-07-30,Dairy,North,546,2973,5.829545454545454,1
2022-07-30,Dairy,South,525,3309,5.58952380952381,1
2022-07-30,Dairy,West,588,3129,5.381428571428571,1
2022-07-30,Instant Food,North,63,641,4.6975,1
2022-07-30,Instant Food,South,160,1265,4.4575,0
2022-07-30,Instant Food,West,103,928,6.602857142857142,0
2022-07-31,Beverages,North,41,375,5.173333333333333,0
2022-07-31,Beverages,South,32,243,5.9433333333333325,0
2022-07-31,Beverages,West,34,297,5.4350000000000005,0
2022-07-31,Dairy,North,479,2731,5.336111111111111,1
2022-07-31,Dairy,South,463,2940,5.425000000000001,1
2022-07-31,Dairy,West,600,3565,5.248571428571428,1
2022-07-31,Instant Food,North,192,1601,4.75,1
2022-07-31,Instant Food,South,173,1352,5.13875,1
2022-07-31,Instant Food,West,176,1287,5.055,1
2022-08-01,Beverages,North,50,501,4.266666666666667,0
2022-08-01,Beverages,South,29,327,5.73,0
2022-08-01,Beverages,West,49,349,3.1,0
2022-08-01,Dairy,North,471,3430,5.346666666666667,1
2022-08-01,Dairy,South,435,3018,5.493684210526316,1
2022-08-01,Dairy,West,522,3503,5.9555,1
2022-08-01,Instant Food,North,146,1067,4.88625,1
2022-08-01,Instant Food,South,158,1133,5.55625,1
2022-08-01,Instant Food,West,219,1443,5.2675,1
2022-08-02,Beverages,North,75,448,4.1466666666666665,1
2022-08-02,Beverages,South,27,222,3.45,0
2022-08-02,Beverages,West,21,235,2.34,0
2022-08-02,Dairy,North,490,3331,5.167142857142857,1
2022-08-02,Dairy,South,268,2180,5.2952941176470585,0
2022-08-02,Dairy,West,506,3177,5.307619047619047,1
2022-08-02,Instant Food,North,153,1185,3.781111111111111,1
2022-08-02,Instant Food,South,192,939,5.463333333333334,1
2022-08-02,Instant Food,West,114,988,5.435,0
2022-08-03,Beverages,North,29,270,7.805,0
2022-08-03,Beverages,South,41,482,6.596666666666667,0
2022-08-03,Beverages,West,52,374,5.739999999999999,1
2022-08-03,Dairy,North,586,4011,5.4064,1
2022-08-03,Dairy,South,662,3919,5.224583333333333,1
2022-08-03,Dairy,West,586,3384,5.838181818181818,1
2022-08-03,Instant Food,North,147,1309,5.9575,0
2022-08-03,Instant Food,South,187,1275,4.792222222222223,1
2022-08-03,Instant Food,West,142,1149,5.1325,1
2022-08-04,Beverages,North,41,332,7.796666666666667,0
2022-08-04,Beverages,South,50,416,4.233333333333333,0
2022-08-04,Beverages,West,80,539,3.276666666666667,1
2022-08-04,Dairy,North,374,3116,5.279473684210527,1
2022-08-04,Dairy,South,562,3536,5.1054545454545455,1
2022-08-04,Dairy,West,623,3712,4.817142857142858,1
2022-08-04,Instant Food,North,168,1085,6.19375,1
2022-08-04,Instant Food,South,128,1038,4.011666666666667,0
2022-08-04,Instant Food,West,150,1134,5.4071428571428575,1
2022-08-05,Beverages,North,51,434,6.3566666666666665,0
2022-08-05,Beverages,South,42,387,5.88,0
2022-08-05,Beverages,West,44,270,5.07,1
2022-08-05,Dairy,North,542,3752,5.372962962962963,1
2022-08-05,Dairy,South,531,3525,5.1216,1
2022-08-05,Dairy,West,406,3193,5.4747619047619045,1
2022-08-05,Instant Food,North,151,978,4.427142857142857,1
2022-08-05,Instant Food,South,218,1404,6.088888888888889,1
2022-08-05,Instant Food,West,95,914,7.111666666666667,0
2022-08-06,Beverages,North,51,408,5.863333333333333,1
2022-08-06,Beverages,South,25,262,5.494999999999999,0
2022-08-06,Beverages,West,56,403,4.28,1
2022-08-06,Dairy,North,533,3976,5.9464,1
2022-08-06,Dairy,South,558,3571,4.985,1
2022-08-06,Dairy,West,492,3438,5.027916666666667,1
2022-08-06,Instant Food,North,151,1040,5.775,1
2022-08-06,Instant Food,South,146,1153,5.807142857142857,0
2022-08-06,Instant Food,West,126,1041,4.534285714285715,0
2022-08-07,Beverages,North,55,498,4.506666666666667,0
2022-08-07,Beverages,South,27,311,6.1866666666666665,0
2022-08-07,Beverages,West,52,568,4.85,0
2022-08-07,Dairy,North,624,3423,5.624090909090909,1
2022-08-07,Dairy,South,565,4119,5.2628,1
2022-08-07,Dairy,West,781,4396,5.0975,1
2022-08-07,Instant Food,North,211,1604,4.491111111111112,1
2022-08-07,Instant Food,South,152,1076,4.648571428571429,1
2022-08-07,Instant Food,West,154,1367,5.134444444444444,0
2022-08-08,Beverages,North,54,393,3.0,0
2022-08-08,Beverages,South,65,505,5.626666666666666,0
2022-08-08,Beverages,West,15,124,6.13,0
2022-08-08,Dairy,North,460,3183,4.500526315789474,1
2022-08-08,Dairy,South,586,3491,5.6234782608695655,1
2022-08-08,Dairy,West,651,4309,4.92,1
2022-08-08,Instant Food,North,117,918,7.218333333333334,0
2022-08-08,Instant Food,South,146,1176,6.0875,1
2022-08-08,Instant Food,West,226,1381,5.09375,1
2022-08-09,Beverages,North,54,558,4.363333333333333,0
2022-08-09,Beverages,South,54,395,4.775,0
2022-08-09,Beverages,West,75,391,4.883333333333333,1
2022-08-09,Dairy,North,534,3778,5.2512,1
2022-08-09,Dairy,South,485,3724,4.662083333333333,1
2022-08-09,Dairy,West,529,3889,4.701666666666667,1
2022-08-09,Instant Food,North,128,959,5.93,1
2022-08-09,Instant Food,South,176,1142,4.7871428571428565,1
2022-08-09,Instant Food,West,154,1173,6.21,1
2022-08-10,Beverages,North,134,624,5.503333333333334,1
2022-08-10,Beverages,South,48,504,5.413333333333334,0
2022-08-10,Beverages,West,70,529,2.8833333333333333,1
2022-08-10,Dairy,North,594,4189,5.3173076923076925,1
2022-08-10,Dairy,South,617,4352,5.202307692307692,1
2022-08-10,Dairy,West,505,3250,4.91875,1
2022-08-10,Instant Food,North,200,1637,6.025555555555556,0
2022-08-10,Instant Food,South,151,1124,5.405,1
2022-08-10,Instant Food,West,140,1096,6.915,1
2022-08-11,Beverages,North,51,313,3.655,1
2022-08-11,Beverages,South,37,344,6.633333333333333,0
2022-08-11,Beverages,West,20,200,5.48,0
2022-08-11,Dairy,North,480,3799,5.479583333333333,0
2022-08-11,Dairy,South,542,3717,4.967083333333334,1
2022-08-11,Dairy,West,548,3788,4.743913043478261,1
2022-08-11,Instant Food,North,98,859,5.319999999999999,0
2022-08-11,Instant Food,South,193,1098,4.4037500000000005,1
2022-08-11,Instant Food,West,157,1131,5.2275,1
2022-08-12,Beverages,North,28,269,4.475,0
2022-08-12,Beverages,South,16,250,4.775,0
2022-08-12,Beverages,West,50,556,6.073333333333333,1
2022-08-12,Dairy,North,627,3964,5.202916666666667,1
2022-08-12,Dairy,South,536,3357,5.4134782608695655,1
2022-08-12,Dairy,West,402,2856,4.966842105263157,1
2022-08-12,Instant Food,North,185,1312,3.81625,1
2022-08-12,Instant Food,South,148,1179,5.4775,1
2022-08-12,Instant Food,West,113,1133,4.612857142857143,0
2022-08-13,Beverages,North,25,415,2.52,0
2022-08-13,Beverages,South,43,372,4.4366666666666665,0
2022-08-13,Beverages,West,57,244,6.135,1
2022-08-13,Dairy,North,543,3441,4.975714285714285,1
2022-08-13,Dairy,South,401,3186,5.188181818181818,1
2022-08-13,Dairy,West,575,3763,5.009565217391304,1
2022-08-13,Instant Food,North,207,1548,3.792222222222223,1
2022-08-13,Instant Food,South,162,1108,5.551428571428572,1
2022-08-13,Instant Food,West,198,1130,6.457142857142857,1
2022-08-14,Beverages,North,52,403,6.22,0
2022-08-14,Beverages,South,44,424,8.715,0
2022-08-14,Beverages,West,44,293,7.266666666666667,1
2022-08-14,Dairy,North,647,3712,4.714166666666666,1
2022-08-14,Dairy,South,478,2748,4.802105263157895,1
2022-08-14,Dairy,West,554,3754,5.2096,1
2022-08-14,Instant Food,North,141,1010,5.728571428571429,1
2022-08-14,Instant Food,South,228,1536,3.87625,1
2022-08-14,Instant Food,West,153,1098,5.30625,1
2022-08-15,Beverages,North,56,596,4.06,0
2022-08-15,Beverages,South,44,413,5.3566666666666665,0
2022-08-15,Beverages,West,87,580,7.77,1
2022-08-15,Dairy,North,607,3213,5.475909090909091,1
2022-08-15,Dairy,South,652,4127,4.790416666666666,1
2022-08-15,Dairy,West,688,4291,5.310769230769231,1
2022-08-15,Instant Food,North,207,1385,7.345555555555555,1
2022-08-15,Instant Food,South,178,971,6.151666666666666,1
2022-08-15,Instant Food,West,184,1634,5.12875,0
2022-08-16,Beverages,North,78,485,3.76,1
2022-08-16,Beverages,South,108,668,4.94,1
2022-08-16,Dairy,North,410,2849,5.544705882352941,1
2022-08-16,Dairy,South,693,4016,5.662173913043477,1
2022-08-16,Dairy,West,602,4008,5.531923076923078,1
2022-08-16,Instant Food,North,114,849,4.038333333333333,1
2022-08-16,Instant Food,South,108,889,5.193333333333333,0
2022-08-16,Instant Food,West,161,1418,6.02,0
2022-08-17,Beverages,North,74,516,7.523333333333333,1
2022-08-17,Beverages,South,10,155,4.32,0
2022-08-17,Beverages,West,52,542,5.31,0
2022-08-17,Dairy,North,536,3959,6.168148148148148,1
2022-08-17,Dairy,South,608,3906,5.054615384615385,1
2022-08-17,Dairy,West,507,3462,5.882727272727272,1
2022-08-17,Instant Food,North,103,925,4.8566666666666665,0
2022-08-17,Instant Food,South,168,1587,5.98888888888889,1
2022-08-17,Instant Food,West,177,1372,5.345,0
2022-08-18,Beverages,North,27,335,6.555,0
2022-08-18,Beverages,South,35,352,4.115,0
2022-08-18,Beverages,West,22,185,7.1,0
2022-08-18,Dairy,North,546,3451,5.2,1
2022-08-18,Dairy,South,540,4031,5.858333333333333,1
2022-08-18,Dairy,West,564,3598,4.962727272727273,1
2022-08-18,Instant Food,North,147,1287,6.231249999999999,1
2022-08-18,Instant Food,South,194,1212,3.741111111111112,1
2022-08-18,Instant Food,West,157,1201,5.82375,1
2022-08-19,Beverages,North,49,457,5.420000000000001,0
2022-08-19,Beverages,South,68,390,4.773333333333333,1
2022-08-19,Beverages,West,32,333,3.82,0
2022-08-19,Dairy,North,565,3986,5.872916666666666,1
2022-08-19,Dairy,South,648,3943,5.36625,1
2022-08-19,Dairy,West,523,3464,5.17,1
2022-08-19,Instant Food,North,175,1419,5.524285714285715,0
2022-08-19,Instant Food,South,140,966,5.902857142857143,1
2022-08-19,Instant Food,West,113,786,4.895714285714285,1
2022-08-20,Beverages,North,75,577,4.47,1
2022-08-20,Beverages,South,50,408,6.073333333333333,1
2022-08-20,Beverages,West,35,414,3.06,0
2022-08-20,Dairy,North,631,4035,4.763333333333333,1
2022-08-20,Dairy,South,597,3731,4.617692307692308,1
2022-08-20,Dairy,West,455,3193,5.372857142857143,1
2022-08-20,Instant Food,North,167,1200,4.38,1
2022-08-20,Instant Food,South,193,1209,5.51125,1
2022-08-20,Instant Food,West,164,1185,6.205,1
2022-08-21,Beverages,North,86,516,6.6066666666666665,1
2022-08-21,Beverages,South,45,447,3.335,0
2022-08-21,Beverages,West,46,473,5.266666666666667,0
2022-08-21,Dairy,North,594,4463,5.3428,1
2022-08-21,Dairy,South,483,3489,5.719565217391305,1
2022-08-21,Dairy,West,645,3893,5.827916666666667,1
2022-08-21,Instant Food,North,144,1276,3.5557142857142856,1
2022-08-21,Instant Food,South,171,1405,6.50875,0
2022-08-21,Instant Food,West,165,958,6.237142857142857,1
2022-08-22,Beverages,North,33,332,4.456666666666667,1
2022-08-22,Beverages,South,30,237,6.12,0
2022-08-22,Beverages,West,15,114,7.02,0
2022-08-22,Dairy,North,467,3202,5.641904761904762,1
2022-08-22,Dairy,South,566,3609,5.242083333333333,1
2022-08-22,Dairy,West,443,3107,5.064,1
2022-08-22,Instant Food,North,106,931,5.438000000000001,1
2022-08-22,Instant Food,South,218,1321,4.445,1
2022-08-22,Instant Food,West,180,1328,6.207777777777778,1
2022-08-23,Beverages,North,46,408,5.756666666666667,0
2022-08-23,Beverages,South,39,320,4.695,0
2022-08-23,Beverages,West,37,318,3.715,0
2022-08-23,Dairy,North,503,3179,5.434285714285714,1
2022-08-23,Dairy,South,471,3369,5.437272727272728,1
2022-08-23,Dairy,West,570,3731,5.0548,1
2022-08-23,Instant Food,North,154,1140,5.522222222222222,1
2022-08-23,Instant Food,South,147,1011,6.731428571428571,1
2022-08-23,Instant Food,West,195,1361,6.301428571428572,1
2022-08-24,Beverages,North,142,716,6.03,1
2022-08-24,Beverages,South,45,416,5.233333333333333,0
2022-08-24,Beverages,West,78,480,3.8366666666666656,1
2022-08-24,Dairy,North,490,2736,4.882272727272727,1
2022-08-24,Dairy,South,605,4317,5.037307692307692,1
2022-08-24,Dairy,West,426,3356,6.014782608695652,1
2022-08-24,Instant Food,North,164,1288,5.031111111111112,1
2022-08-24,Instant Food,South,214,1718,6.625555555555556,1
2022-08-24,Instant Food,West,195,1426,3.86125,1
2022-08-25,Beverages,North,65,576,4.623333333333334,0
2022-08-25,Beverages,South,25,235,1.93,0
2022-08-25,Beverages,West,29,275,4.29,0
2022-08-25,Dairy,North,452,2928,4.43,1
2022-08-25,Dairy,South,472,3359,5.7941666666666665,1
2022-08-25,Dairy,West,386,2969,5.849130434782609,1
2022-08-25,Instant Food,North,173,1065,6.378571428571428,1
2022-08-25,Instant Food,South,129,820,4.795,1
2022-08-25,Instant Food,West,109,1067,4.698571428571428,0
2022-08-26,Beverages,North,44,459,4.646666666666667,0
2022-08-26,Beverages,South,35,296,5.075,0
2022-08-26,Beverages,West,68,565,6.88,0
2022-08-26,Dairy,North,529,3779,5.338333333333334,1
2022-08-26,Dairy,South,715,4656,5.509615384615385,1
2022-08-26,Dairy,West,577,3674,4.543478260869565,1
2022-08-26,Instant Food,North,144,1097,3.975,1
2022-08-26,Instant Food,South,227,1304,6.478571428571429,1
2022-08-26,Instant Food,West,193,1242,5.69875,1
2022-08-27,Beverages,North,21,205,1.71,0
2022-08-27,Beverages,South,42,465,5.22,0
2022-08-27,Beverages,West,37,222,6.8,1
2022-08-27,Dairy,North,557,3391,5.7269565217391305,1
2022-08-27,Dairy,South,466,3198,5.046190476190477,1
2022-08-27,Dairy,West,396,3293,4.554090909090909,0
2022-08-27,Instant Food,North,195,1273,5.00625,1
2022-08-27,Instant Food,South,145,1077,5.86625,1
2022-08-27,Instant Food,West,108,1106,5.365714285714286,0
2022-08-28,Beverages,North,57,512,4.163333333333333,0
2022-08-28,Beverages,South,62,455,6.966666666666666,1
2022-08-28,Beverages,West,30,321,3.51,0
2022-08-28,Dairy,North,506,3360,5.427142857142857,1
2022-08-28,Dairy,South,493,3291,4.938181818181818,1
2022-08-28,Dairy,West,546,3855,5.267391304347826,1
2022-08-28,Instant Food,North,208,1358,3.9877777777777776,1
2022-08-28,Instant Food,South,236,1674,4.727777777777778,1
2022-08-28,Instant Food,West,178,1485,4.551111111111111,1
2022-08-29,Beverages,North,57,637,5.05,0
2022-08-29,Beverages,South,58,524,3.436666666666666,0
2022-08-29,Beverages,West,70,531,3.2533333333333334,1
2022-08-29,Dairy,North,708,4268,5.200769230769231,1
2022-08-29,Dairy,South,505,3808,5.292608695652174,0
2022-08-29,Dairy,West,542,3879,5.671304347826087,1
2022-08-29,Instant Food,North,126,1079,5.195,0
2022-08-29,Instant Food,South,158,1073,3.207142857142857,1
2022-08-29,Instant Food,West,214,1456,5.897777777777778,1
2022-08-30,Beverages,North,27,276,5.19,0
2022-08-30,Beverages,South,30,389,6.286666666666666,0
2022-08-30,Beverages,West,52,385,4.3133333333333335,1
2022-08-30,Dairy,North,554,3662,5.005,1
2022-08-30,Dairy,South,577,3826,5.294545454545455,1
2022-08-30,Dairy,West,529,3705,4.440909090909091,1
2022-08-30,Instant Food,North,171,1031,6.07,1
2022-08-30,Instant Food,South,170,1181,5.937777777777778,1
2022-08-30,Instant Food,West,180,1235,5.96625,1
2022-08-31,Beverages,North,69,626,5.263333333333333,1
2022-08-31,Beverages,South,64,523,7.293333333333334,0
2022-08-31,Beverages,West,41,378,5.346666666666667,0
2022-08-31,Dairy,North,579,3896,6.230869565217391,1
2022-08-31,Dairy,South,448,3051,4.8955,1
2022-08-31,Dairy,West,510,3611,5.716521739130434,1
2022-08-31,Instant Food,North,135,1086,4.561249999999999,0
2022-08-31,Instant Food,South,166,1399,4.96625,1
2022-08-31,Instant Food,West,117,1005,4.638571428571429,0
2022-09-01,Beverages,North,30,365,3.735,0
2022-09-01,Beverages,South,58,594,4.586666666666667,1
2022-09-01,Beverages,West,15,162,4.245,0
2022-09-01,Dairy,North,493,3727,5.6013636363636365,1
2022-09-01,Dairy,South,521,4003,5.5316,1
2022-09-01,Dairy,West,427,3651,4.717391304347826,1
2022-09-01,Instant Food,North,163,1123,5.58,1
2022-09-01,Instant Food,South,224,1355,4.901111111111111,1
2022-09-01,Instant Food,West,99,819,5.712,1
2022-09-02,Beverages,North,8,101,7.43,0
2022-09-02,Beverages,South,46,493,7.210000000000001,0
2022-09-02,Beverages,West,44,324,5.175000000000001,1
2022-09-02,Dairy,North,424,3618,5.050416666666666,1
2022-09-02,Dairy,South,451,3581,6.012173913043478,1
2022-09-02,Dairy,West,450,3848,5.653333333333333,1
2022-09-02,Instant Food,North,226,1188,4.51875,1
2022-09-02,Instant Food,South,137,959,4.6125,1
2022-09-02,Instant Food,West,196,1239,3.968571428571429,1
2022-09-03,Beverages,North,38,152,5.73,1
2022-09-03,Beverages,South,43,512,6.98,0
2022-09-03,Beverages,West,61,431,6.6000000000000005,1
2022-09-03,Dairy,North,463,4261,5.14375,0
2022-09-03,Dairy,South,523,3318,4.775714285714286,1
2022-09-03,Dairy,West,382,2900,4.957142857142857,1
2022-09-03,Instant Food,North,224,1434,5.757777777777778,1
2022-09-03,Instant Food,South,166,1160,4.94875,1
2022-09-03,Instant Food,West,160,967,4.5525,1
2022-09-04,Beverages,North,65,665,5.043333333333334,1
2022-09-04,Beverages,South,37,254,4.99,1
2022-09-04,Beverages,West,59,562,4.056666666666667,0
2022-09-04,Dairy,North,438,3285,5.154090909090909,1
2022-09-04,Dairy,South,572,4313,5.808,1
2022-09-04,Dairy,West,551,3823,5.218333333333333,1
2022-09-04,Instant Food,North,135,1096,5.73,0
2022-09-04,Instant Food,South,127,1055,4.881428571428572,0
2022-09-04,Instant Food,West,221,1356,5.753333333333334,1
2022-09-05,Beverages,North,56,371,5.886666666666667,0
2022-09-05,Beverages,South,55,235,4.845000000000001,1
2022-09-05,Beverages,West,96,497,4.796666666666667,0
2022-09-05,Dairy,North,447,3424,5.121304347826087,1
2022-09-05,Dairy,South,496,3641,5.185217391304348,1
2022-09-05,Dairy,West,500,3320,4.720909090909091,1
2022-09-05,Instant Food,North,159,1123,4.91375,1
2022-09-05,Instant Food,South,206,1516,5.571111111111112,1
2022-09-05,Instant Food,West,60,605,5.656000000000001,0
2022-09-06,Beverages,North,57,437,5.18,0
2022-09-06,Beverages,South,14,138,4.75,0
2022-09-06,Beverages,West,92,568,6.43,0
2022-09-06,Dairy,North,432,3416,5.386666666666667,1
2022-09-06,Dairy,South,480,3743,5.148181818181818,1
2022-09-06,Dairy,West,352,3361,5.880909090909091,0
2022-09-06,Instant Food,North,120,1011,5.319999999999999,0
2022-09-06,Instant Food,South,142,1179,6.072857142857143,0
2022-09-06,Instant Food,West,193,1364,5.766666666666667,1
2022-09-07,Beverages,North,76,522,6.576666666666667,0
2022-09-07,Beverages,South,68,460,3.5766666666666667,0
2022-09-07,Beverages,West,50,368,4.473333333333334,0
2022-09-07,Dairy,North,414,3549,5.22,1
2022-09-07,Dairy,South,558,3531,5.175217391304348,1
2022-09-07,Dairy,West,413,3483,5.852173913043478,1
2022-09-07,Instant Food,North,102,1065,4.08,0
2022-09-07,Instant Food,South,170,1491,3.89625,1
2022-09-07,Instant Food,West,177,1135,5.865714285714286,1
2022-09-08,Beverages,North,34,271,6.15,0
2022-09-08,Beverages,South,27,254,3.135,0
2022-09-08,Beverages,West,71,580,6.1933333333333325,0
2022-09-08,Dairy,North,450,3636,4.774090909090909,1
2022-09-08,Dairy,South,551,4153,5.682222222222221,1
2022-09-08,Dairy,West,481,3716,5.624090909090909,1
2022-09-08,Instant Food,North,130,1036,5.888333333333333,1
2022-09-08,Instant Food,South,138,1165,5.4157142857142855,1
2022-09-08,Instant Food,West,160,1174,6.02625,1
2022-09-09,Beverages,North,68,430,4.683333333333334,0
2022-09-09,Beverages,South,87,657,3.9766666666666666,0
2022-09-09,Beverages,West,44,246,5.905,0
2022-09-09,Dairy,North,420,3430,4.8963636363636365,1
2022-09-09,Dairy,South,384,3547,4.336956521739131,1
2022-09-09,Dairy,West,446,3749,5.166956521739131,1
2022-09-09,Instant Food,North,162,930,5.458333333333333,1
2022-09-09,Instant Food,South,148,1146,4.981428571428571,0
2022-09-09,Instant Food,West,118,836,3.158333333333333,1
2022-09-10,Beverages,North,50,329,5.449999999999999,0
2022-09-10,Beverages,South,46,384,6.54,0
2022-09-10,Beverages,West,47,322,3.475,0
2022-09-10,Dairy,North,413,3392,5.179047619047619,1
2022-09-10,Dairy,South,431,3442,4.6444,1
2022-09-10,Dairy,West,565,3960,5.5062500000000005,1
2022-09-10,Instant Food,North,244,1599,4.7844444444444445,1
2022-09-10,Instant Food,South,147,890,6.876666666666666,1
2022-09-10,Instant Food,West,120,1031,5.457142857142857,0
2022-09-10,Snacks,North,48,409,5.135,0
2022-09-10,Snacks,South,49,302,7.615,1
2022-09-10,Snacks,West,42,423,3.073333333333333,0
2022-09-11,Beverages,North,52,381,3.863333333333333,0
2022-09-11,Beverages,South,71,515,2.6733333333333333,0
2022-09-11,Beverages,West,43,298,3.85,0
2022-09-11,Dairy,North,444,3032,6.377142857142856,1
2022-09-11,Dairy,South,503,3619,5.601739130434782,1
2022-09-11,Dairy,West,493,3525,5.915217391304348,1
2022-09-11,Instant Food,North,199,1138,6.105714285714286,1
2022-09-11,Instant Food,South,215,1628,5.739999999999999,0
2022-09-11,Instant Food,West,147,1154,6.44,0
2022-09-11,Snacks,North,27,290,2.03,0
2022-09-11,Snacks,South,56,521,3.536666666666666,0
2022-09-11,Snacks,West,29,310,6.734999999999999,0
2022-09-12,Beverages,North,54,364,5.41,0
2022-09-12,Beverages,South,34,275,3.18,0
2022-09-12,Beverages,West,111,584,2.986666666666667,1
2022-09-12,Dairy,North,483,4018,5.738260869565217,1
2022-09-12,Dairy,South,539,4315,4.5284615384615385,1
2022-09-12,Dairy,West,450,4015,5.4925,1
2022-09-12,Instant Food,North,229,1354,6.02375,1
2022-09-12,Instant Food,South,173,1303,4.9025,1
2022-09-12,Instant Food,West,136,1150,5.991428571428571,0
2022-09-12,Snacks,North,60,602,4.319999999999999,0
2022-09-12,Snacks,South,29,363,8.445,0
2022-09-12,Snacks,West,54,496,3.823333333333333,0
2022-09-13,Beverages,North,52,310,4.66,0
2022-09-13,Beverages,South,56,333,3.565,1
2022-09-13,Beverages,West,80,552,6.336666666666666,0
2022-09-13,Dairy,North,439,3386,5.307083333333334,1
2022-09-13,Dairy,South,522,4357,5.109230769230769,1
2022-09-13,Dairy,West,379,3377,5.09909090909091,1
2022-09-13,Instant Food,North,113,1129,3.987142857142857,0
2022-09-13,Instant Food,South,165,1125,5.948333333333333,1
2022-09-13,Instant Food,West,163,1186,3.9414285714285713,0
2022-09-13,Snacks,North,65,606,4.73,0
2022-09-13,Snacks,South,73,439,6.386666666666667,1
2022-09-13,Snacks,West,50,415,5.293333333333333,1
2022-09-14,Beverages,North,59,418,7.463333333333334,0
2022-09-14,Beverages,South,74,508,6.533333333333334,0
2022-09-14,Beverages,West,17,113,8.19,0
2022-09-14,Dairy,North,397,3643,5.149523809523809,1
2022-09-14,Dairy,South,489,4018,5.18375,1
2022-09-14,Dairy,West,525,3935,4.760434782608695,1
2022-09-14,Instant Food,North,123,1299,4.54875,1
2022-09-14,Instant Food,South,136,1020,6.262857142857143,0
2022-09-14,Instant Food,West,192,1124,5.0600000000000005,1
2022-09-14,Snacks,North,12,99,1.92,0
2022-09-14,Snacks,South,25,187,8.6,0
2022-09-14,Snacks,West,66,592,4.920000000000001,0
2022-09-15,Beverages,North,87,525,2.9599999999999995,0
2022-09-15,Beverages,South,95,654,6.423333333333333,0
2022-09-15,Beverages,West,53,395,2.936666666666667,0
2022-09-15,Dairy,North,527,3712,4.876666666666667,1
2022-09-15,Dairy,South,500,3647,5.142173913043478,1
2022-09-15,Dairy,West,429,3352,4.484090909090909,1
2022-09-15,Instant Food,North,164,1313,3.56,0
2022-09-15,Instant Food,South,197,1280,4.99875,1
2022-09-15,Instant Food,West,170,1345,4.81125,0
2022-09-15,Snacks,North,50,466,5.69,1
2022-09-15,Snacks,South,45,486,3.0933333333333337,0
2022-09-15,Snacks,West,77,523,4.8133333333333335,1
2022-09-16,Beverages,North,54,396,3.365,0
2022-09-16,Beverages,South,96,393,6.546666666666667,1
2022-09-16,Beverages,West,71,460,5.613333333333333,0
2022-09-16,Dairy,North,510,3415,5.448181818181818,1
2022-09-16,Dairy,South,375,3439,4.890454545454546,1
2022-09-16,Dairy,West,441,4078,5.544782608695653,1
2022-09-16,Instant Food,North,143,1322,5.14625,0
2022-09-16,Instant Food,South,168,1160,4.5225,1
2022-09-16,Instant Food,West,166,1184,5.597142857142857,1
2022-09-16,Snacks,North,46,458,6.553333333333334,0
2022-09-16,Snacks,South,36,329,8.01,0
2022-09-16,Snacks,West,23,282,5.23,0
2022-09-17,Beverages,North,78,421,6.640000000000001,1
2022-09-17,Beverages,South,75,533,6.786666666666666,0
2022-09-17,Beverages,West,58,417,2.93,0
2022-09-17,Dairy,North,452,3417,5.520952380952381,1
2022-09-17,Dairy,South,477,3665,5.5180952380952375,1
2022-09-17,Dairy,West,489,3855,5.581363636363636,1
2022-09-17,Instant Food,North,156,1275,5.5,0
2022-09-17,Instant Food,South,147,1045,4.742857142857143,1
2022-09-17,Instant Food,West,178,1201,4.61375,1
2022-09-17,Snacks,North,51,425,5.14,1
2022-09-17,Snacks,South,127,690,4.726666666666667,1
2022-09-17,Snacks,West,60,393,4.3133333333333335,1
2022-09-18,Beverages,North,38,229,7.125,0
2022-09-18,Beverages,South,68,454,3.73,0
2022-09-18,Beverages,West,70,474,3.7,0
2022-09-18,Dairy,North,491,4193,5.954782608695653,1
2022-09-18,Dairy,South,302,2928,4.4755,1
2022-09-18,Dairy,West,414,3231,5.857272727272727,1
2022-09-18,Instant Food,North,152,1237,6.873749999999999,0
2022-09-18,Instant Food,South,139,1156,5.22,1
2022-09-18,Instant Food,West,125,1034,4.758571428571429,1
2022-09-18,Snacks,North,50,472,6.916666666666667,0
2022-09-18,Snacks,South,46,328,6.065,1
2022-09-18,Snacks,West,37,380,6.37,0
2022-09-19,Beverages,North,63,427,3.936666666666666,0
2022-09-19,Beverages,South,80,471,5.556666666666668,0
2022-09-19,Beverages,West,33,241,5.436666666666667,0
2022-09-19,Dairy,North,616,4164,5.275384615384615,1
2022-09-19,Dairy,South,502,4008,5.232,1
2022-09-19,Dairy,West,408,3482,6.295217391304347,1
2022-09-19,Instant Food,North,182,1113,5.54125,1
2022-09-19,Instant Food,South,152,1205,4.19875,0
2022-09-19,Instant Food,West,66,571,4.8275,0
2022-09-19,Snacks,North,41,483,4.496666666666667,0
2022-09-19,Snacks,South,55,506,2.47,0
2022-09-19,Snacks,West,35,370,6.37,0
2022-09-20,Beverages,North,62,517,6.373333333333332,0
2022-09-20,Beverages,South,69,444,6.05,0
2022-09-20,Beverages,West,58,424,6.083333333333333,0
2022-09-20,Dairy,North,474,3968,4.573913043478261,1
2022-09-20,Dairy,South,497,3791,5.423750000000001,1
2022-09-20,Dairy,West,497,3871,5.018,1
2022-09-20,Instant Food,North,205,971,5.328333333333333,1
2022-09-20,Instant Food,South,132,1145,4.156666666666667,1
2022-09-20,Instant Food,West,130,871,3.83,1
2022-09-20,Snacks,North,48,444,6.386666666666667,0
2022-09-20,Snacks,South,55,535,3.773333333333333,0
2022-09-20,Snacks,West,49,559,7.580000000000001,0
2022-09-21,Beverages,North,81,484,5.23,1
2022-09-21,Beverages,South,84,511,6.789999999999999,0
2022-09-21,Beverages,West,66,407,5.63,1
2022-09-21,Dairy,North,458,3649,4.413809523809523,1
2022-09-21,Dairy,South,557,4465,5.7604,1
2022-09-21,Dairy,West,522,4087,5.472916666666666,1
2022-09-21,Instant Food,North,197,1513,4.726666666666667,0
2022-09-21,Instant Food,South,236,1339,4.16375,1
2022-09-21,Instant Food,West,140,1036,5.415714285714286,0
2022-09-21,Snacks,North,40,413,3.846666666666666,0
2022-09-21,Snacks,South,21,248,5.75,0
2022-09-21,Snacks,West,40,358,5.355,0
2022-09-22,Beverages,North,72,546,5.06,0
2022-09-22,Beverages,South,57,275,8.715,1
2022-09-22,Beverages,West,74,589,3.543333333333333,0
2022-09-22,Dairy,North,435,3415,6.393333333333333,1
2022-09-22,Dairy,South,434,3629,5.314545454545455,1
2022-09-22,Dairy,West,524,4432,5.582000000000001,1
2022-09-22,Instant Food,North,144,1214,5.125,1
2022-09-22,Instant Food,South,180,1411,5.207142857142857,1
2022-09-22,Instant Food,West,167,1034,6.218571428571429,1
2022-09-22,Snacks,North,56,520,6.336666666666667,0
2022-09-22,Snacks,South,90,624,4.3500000000000005,1
2022-09-22,Snacks,West,70,562,4.323333333333333,0
2022-09-23,Beverages,North,74,501,4.096666666666667,0
2022-09-23,Beverages,South,70,490,5.933333333333334,0
2022-09-23,Beverages,West,28,301,6.58,0
2022-09-23,Dairy,North,358,2959,5.6475,1
2022-09-23,Dairy,South,371,3514,4.9235,1
2022-09-23,Dairy,West,415,3581,5.505,1
2022-09-23,Instant Food,North,199,1295,5.128888888888889,1
2022-09-23,Instant Food,South,133,1036,4.59125,1
2022-09-23,Instant Food,West,112,971,5.444285714285714,0
2022-09-23,Snacks,North,69,633,4.586666666666667,0
2022-09-23,Snacks,South,76,622,7.386666666666667,1
2022-09-23,Snacks,West,35,254,3.26,1
2022-09-24,Beverages,North,69,545,6.18,0
2022-09-24,Beverages,South,67,535,6.803333333333334,1
2022-09-24,Dairy,North,539,4292,5.0484,1
2022-09-24,Dairy,South,394,3588,5.340454545454546,1
2022-09-24,Dairy,West,407,3280,5.696363636363636,1
2022-09-24,Instant Food,North,140,1101,6.322857142857143,0
2022-09-24,Instant Food,South,187,1191,4.3825,1
2022-09-24,Instant Food,West,147,1239,6.04875,1
2022-09-24,Snacks,North,45,522,4.933333333333334,0
2022-09-24,Snacks,South,68,535,6.210000000000001,1
2022-09-24,Snacks,West,25,239,8.21,0
2022-09-25,Beverages,North,44,317,3.5250000000000004,0
2022-09-25,Beverages,South,65,475,6.579999999999999,0
2022-09-25,Beverages,West,64,457,5.47,0
2022-09-25,Dairy,North,331,2919,4.2375,1
2022-09-25,Dairy,South,416,4068,5.583333333333333,1
2022-09-25,Dairy,West,379,3403,5.301818181818182,1
2022-09-25,Instant Food,North,170,1338,5.946666666666666,1
2022-09-25,Instant Food,South,167,1047,4.80875,1
2022-09-25,Instant Food,West,173,1118,5.432857142857143,1
2022-09-25,Snacks,North,26,258,3.063333333333333,0
2022-09-25,Snacks,South,42,448,6.175,0
2022-09-26,Beverages,North,40,312,7.65,0
2022-09-26,Beverages,South,58,390,4.28,0
2022-09-26,Beverages,West,88,398,4.79,1
2022-09-26,Dairy,North,318,2675,5.756666666666667,1
2022-09-26,Dairy,South,415,3761,4.947727272727272,1
2022-09-26,Dairy,West,439,3652,6.084347826086956,1
2022-09-26,Instant Food,North,208,1429,4.9025,0
2022-09-26,Instant Food,South,154,1029,6.258571428571429,1
2022-09-26,Instant Food,West,190,1146,5.671428571428572,1
2022-09-26,Snacks,North,27,292,3.67,0
2022-09-26,Snacks,South,42,372,6.243333333333333,0
2022-09-26,Snacks,West,45,343,7.77,0
2022-09-27,Beverages,North,119,567,6.826666666666667,1
2022-09-27,Beverages,South,78,460,5.073333333333333,0
2022-09-27,Beverages,West,51,362,7.279999999999999,0
2022-09-27,Dairy,North,413,3613,4.456086956521739,1
2022-09-27,Dairy,South,411,3256,6.121304347826087,1
2022-09-27,Dairy,West,530,3705,4.722083333333333,1
2022-09-27,Instant Food,North,189,1324,6.415,1
2022-09-27,Instant Food,South,164,1289,5.363333333333333,1
2022-09-27,Instant Food,West,165,1305,6.125,0
2022-09-27,Snacks,North,45,463,3.373333333333333,0
2022-09-27,Snacks,South,28,291,5.48,0
2022-09-27,Snacks,West,47,488,4.726666666666667,1
2022-09-28,Beverages,North,94,504,6.016666666666666,1
2022-09-28,Beverages,South,118,722,5.05,0
2022-09-28,Beverages,West,18,124,5.4,0
2022-09-28,Dairy,North,498,4256,5.441481481481481,1
2022-09-28,Dairy,South,579,3953,6.051428571428572,1
2022-09-28,Dairy,West,550,4946,4.776071428571428,1
2022-09-28,Instant Food,North,237,1388,5.205555555555556,1
2022-09-28,Instant Food,South,135,1111,6.305714285714286,1
2022-09-28,Instant Food,West,191,1270,5.03,1
2022-09-28,Snacks,North,19,308,6.3933333333333335,0
2022-09-28,Snacks,South,57,591,5.33,0
2022-09-28,Snacks,West,35,351,6.405,0
2022-09-29,Beverages,North,82,414,4.36,1
2022-09-29,Beverages,South,38,302,6.615,0
2022-09-29,Beverages,West,87,375,5.59,1
2022-09-29,Dairy,North,549,4567,4.971851851851852,1
2022-09-29,Dairy,South,459,3625,4.8195,1
2022-09-29,Dairy,West,481,3702,4.753333333333333,1
2022-09-29,Instant Food,North,164,1184,4.6,1
2022-09-29,Instant Food,South,185,1587,4.684444444444445,0
2022-09-29,Instant Food,West,225,1698,5.9,1
2022-09-29,Snacks,North,56,671,2.2,0
2022-09-29,Snacks,South,21,247,5.359999999999999,1
2022-09-29,Snacks,West,44,432,3.806666666666666,0
2022-09-30,Beverages,North,56,412,6.313333333333333,0
2022-09-30,Beverages,South,53,305,8.015,0
2022-09-30,Beverages,West,116,566,5.253333333333334,1
2022-09-30,Dairy,North,488,3991,5.43,1
2022-09-30,Dairy,South,445,3709,4.825652173913043,1
2022-09-30,Dairy,West,365,3207,5.3344,1
2022-09-30,Instant Food,North,142,1230,5.32,0
2022-09-30,Instant Food,South,145,1023,4.924285714285714,1
2022-09-30,Instant Food,West,159,1069,5.19375,1
2022-09-30,Snacks,North,63,398,5.076666666666667,1
2022-09-30,Snacks,South,37,277,3.885,0
2022-09-30,Snacks,West,24,107,2.14,1
2022-10-01,Beverages,North,74,572,6.346666666666667,0
2022-10-01,Beverages,South,68,603,7.789999999999999,0
2022-10-01,Beverages,West,45,287,4.955,1
2022-10-01,Dairy,North,476,3811,4.865769230769231,1
2022-10-01,Dairy,South,419,3400,5.398461538461539,1
2022-10-01,Dairy,West,414,3686,5.7516,1
2022-10-01,Instant Food,North,161,1151,5.956666666666667,0
2022-10-01,Instant Food,South,282,1594,5.0088888888888885,1
2022-10-01,Instant Food,West,183,1107,5.47375,1
2022-10-01,Snacks,North,49,524,4.416666666666667,0
2022-10-01,Snacks,South,46,598,3.706666666666667,0
2022-10-01,Snacks,West,70,672,7.1000000000000005,0
2022-10-02,Beverages,North,58,423,7.393333333333333,0
2022-10-02,Beverages,South,54,462,3.815,0
2022-10-02,Beverages,West,52,526,4.94,0
2022-10-02,Dairy,North,507,4254,5.9876,1
2022-10-02,Dairy,South,609,4716,4.711379310344827,1
2022-10-02,Dairy,West,397,3965,5.409583333333334,1
2022-10-02,Instant Food,North,118,814,5.462,0
2022-10-02,Instant Food,South,223,1460,5.044444444444444,1
2022-10-02,Instant Food,West,217,1357,4.38625,1
2022-10-02,Snacks,North,29,240,6.335,0
2022-10-02,Snacks,South,59,454,7.133333333333333,1
2022-10-02,Snacks,West,21,280,5.654999999999999,0
2022-10-03,Beverages,North,73,615,4.636666666666667,0
2022-10-03,Beverages,South,61,513,5.546666666666667,0
2022-10-03,Beverages,West,62,400,7.649999999999999,1
2022-10-03,Dairy,North,346,3358,5.182173913043478,1
2022-10-03,Dairy,South,478,4205,5.500416666666666,1
2022-10-03,Dairy,West,412,3912,4.986153846153846,1
2022-10-03,Instant Food,North,244,1676,5.144444444444444,1
2022-10-03,Instant Food,South,167,1216,5.217142857142858,0
2022-10-03,Instant Food,West,182,1278,4.921250000000001,1
2022-10-03,Snacks,North,29,307,2.955,1
2022-10-03,Snacks,South,12,170,7.1850000000000005,0
2022-10-03,Snacks,West,46,444,5.126666666666666,1
2022-10-04,Beverages,North,49,261,7.14,1
2022-10-04,Beverages,South,46,342,2.325,0
2022-10-04,Beverages,West,50,383,7.109999999999999,0
2022-10-04,Dairy,North,457,4461,5.133448275862069,1
2022-10-04,Dairy,South,480,4448,5.41,1
2022-10-04,Dairy,West,513,4871,4.656774193548388,1
2022-10-04,Instant Food,North,237,1557,5.445,0
2022-10-04,Instant Food,South,141,1064,5.895714285714285,1
2022-10-04,Instant Food,West,171,1213,5.62125,1
2022-10-04,Snacks,North,31,274,2.155,0
2022-10-04,Snacks,South,49,546,4.12,0
2022-10-04,Snacks,West,60,469,5.125,1
2022-10-05,Beverages,North,42,375,4.426666666666667,0
2022-10-05,Beverages,South,40,347,5.47,0
2022-10-05,Beverages,West,58,362,3.73,1
2022-10-05,Dairy,North,347,3189,4.7245,1
2022-10-05,Dairy,South,442,4105,4.914,1
2022-10-05,Dairy,West,459,4611,5.556428571428572,1
2022-10-05,Instant Food,North,248,1469,5.031111111111112,1
2022-10-05,Instant Food,South,218,1360,4.30875,1
2022-10-05,Instant Food,West,219,1533,6.6033333333333335,1
2022-10-05,Snacks,North,50,505,7.613333333333333,1
2022-10-05,Snacks,South,38,270,5.07,1
2022-10-05,Snacks,West,31,338,2.085,0
2022-10-06,Beverages,North,38,249,4.705,0
2022-10-06,Beverages,South,104,419,3.106666666666667,1
2022-10-06,Beverages,West,48,407,5.456666666666667,0
2022-10-06,Dairy,North,554,5017,4.949999999999999,1
2022-10-06,Dairy,South,491,3945,5.452857142857143,1
2022-10-06,Dairy,West,401,4064,5.398518518518518,1
2022-10-06,Instant Food,North,182,1045,6.287142857142858,1
2022-10-06,Instant Food,South,199,1304,4.3625,1
2022-10-06,Instant Food,West,187,1340,5.821111111111112,1
2022-10-06,Snacks,North,73,518,4.66,1
2022-10-06,Snacks,South,47,444,7.346666666666667,1
2022-10-06,Snacks,West,42,363,3.89,0
2022-10-07,Beverages,North,63,423,4.63,0
2022-10-07,Beverages,South,53,408,6.170000000000001,0
2022-10-07,Beverages,West,56,608,1.92,0
2022-10-07,Dairy,North,432,4671,4.751785714285715,0
2022-10-07,Dairy,South,487,4384,4.731724137931034,1
2022-10-07,Dairy,West,418,4091,5.324642857142857,1
2022-10-07,Instant Food,North,175,1347,3.86625,0
2022-10-07,Instant Food,South,137,1017,5.115714285714286,0
2022-10-07,Instant Food,West,170,1444,4.918888888888889,1
2022-10-07,Snacks,North,49,464,5.04,0
2022-10-07,Snacks,South,29,290,4.78,0
2022-10-07,Snacks,West,37,446,5.306666666666668,0
2022-10-08,Beverages,North,64,363,6.47,1
2022-10-08,Beverages,South,58,462,4.913333333333333,0
2022-10-08,Beverages,West,55,442,4.659999999999999,0
2022-10-08,Dairy,North,453,4445,5.8088,1
2022-10-08,Dairy,South,565,4551,5.7721875,1
2022-10-08,Dairy,West,410,4014,4.662083333333333,1
2022-10-08,Instant Food,North,193,1365,5.42375,1
2022-10-08,Instant Food,South,162,1000,4.53,1
2022-10-08,Instant Food,West,90,504,5.0225,1
2022-10-08,Snacks,North,45,383,4.763333333333333,1
2022-10-08,Snacks,South,46,450,3.5700000000000003,1
2022-10-08,Snacks,West,74,515,5.373333333333334,1
2022-10-09,Beverages,North,75,533,3.9066666666666654,0
2022-10-09,Beverages,South,102,747,6.373333333333334,1
2022-10-09,Beverages,West,54,498,6.22,0
2022-10-09,Dairy,North,465,4402,4.798620689655173,1
2022-10-09,Dairy,South,471,4737,5.168518518518519,1
2022-10-09,Dairy,West,445,3825,5.554615384615385,1
2022-10-09,Instant Food,North,180,1167,4.6275,1
2022-10-09,Instant Food,South,165,977,4.722857142857143,1
2022-10-09,Instant Food,West,207,1268,6.32375,1
2022-10-09,Snacks,North,28,340,6.484999999999999,0
2022-10-09,Snacks,South,42,553,7.873333333333334,0
2022-10-09,Snacks,West,15,178,5.4,0
2022-10-10,Beverages,North,53,437,5.083333333333333,0
2022-10-10,Beverages,South,39,321,2.465,0
2022-10-10,Beverages,West,92,323,4.62,1
2022-10-10,Dairy,North,395,4013,4.980357142857144,1
2022-10-10,Dairy,South,497,4741,5.221851851851852,1
2022-10-10,Dairy,West,452,4159,5.453333333333334,1
2022-10-10,Instant Food,North,185,1357,5.395555555555556,1
2022-10-10,Instant Food,South,179,1074,5.46,1
2022-10-10,Instant Food,West,177,1152,6.047499999999999,1
2022-10-10,Snacks,North,61,380,2.335,1
2022-10-10,Snacks,South,47,463,5.273333333333333,0
2022-10-10,Snacks,West,38,391,4.823333333333333,0
2022-10-11,Beverages,North,36,326,5.685,0
2022-10-11,Beverages,South,79,464,5.63,1
2022-10-11,Beverages,West,43,399,6.18,0
2022-10-11,Dairy,North,487,4620,5.768571428571429,1
2022-10-11,Dairy,South,553,4404,5.081111111111111,1
2022-10-11,Dairy,West,386,3508,5.388,1
2022-10-11,Instant Food,North,170,1115,6.36625,1
2022-10-11,Instant Food,South,273,1439,4.037777777777778,1
2022-10-11,Instant Food,West,55,455,3.768,0
2022-10-11,Snacks,North,40,431,6.455,0
2022-10-11,Snacks,South,53,574,6.09,0
2022-10-11,Snacks,West,21,262,2.85,0
2022-10-12,Beverages,North,33,252,2.44,0
2022-10-12,Beverages,South,45,340,3.045,0
2022-10-12,Beverages,West,19,120,6.11,0
2022-10-12,Dairy,North,528,4838,4.777,1
2022-10-12,Dairy,South,486,4512,5.5,1
2022-10-12,Dairy,West,538,5121,5.21741935483871,1
2022-10-12,Instant Food,North,172,1363,3.46625,0
2022-10-12,Instant Food,South,244,1607,4.673333333333334,0
2022-10-12,Instant Food,West,163,1124,5.654444444444445,1
2022-10-12,Snacks,North,35,324,7.965,0
2022-10-12,Snacks,South,49,415,5.62,1
2022-10-12,Snacks,West,52,497,4.8133333333333335,0
2022-10-13,Beverages,North,66,312,5.08,1
2022-10-13,Beverages,South,38,377,3.735,0
2022-10-13,Beverages,West,26,240,8.65,0
2022-10-13,Dairy,North,515,4301,5.183333333333333,1
2022-10-13,Dairy,South,434,3689,4.8342307692307696,1
2022-10-13,Dairy,West,459,4564,4.572666666666667,1
2022-10-13,Instant Food,North,223,1342,5.133333333333334,1
2022-10-13,Instant Food,South,126,978,4.3342857142857145,1
2022-10-13,Instant Food,West,149,1086,4.125714285714285,0
2022-10-13,Snacks,North,39,351,5.535,1
2022-10-13,Snacks,South,44,464,5.545,0
2022-10-13,Snacks,West,23,366,8.02,0
2022-10-14,Beverages,North,32,315,6.66,0
2022-10-14,Beverages,South,23,199,1.94,0
2022-10-14,Beverages,West,55,464,5.193333333333333,1
2022-10-14,Dairy,North,477,4427,6.08,1
2022-10-14,Dairy,South,506,4865,5.958666666666667,1
2022-10-14,Dairy,West,559,4949,5.182666666666666,1
2022-10-14,Instant Food,North,200,1333,4.9944444444444445,1
2022-10-14,Instant Food,South,210,1686,4.0744444444444445,1
2022-10-14,Instant Food,West,151,1106,4.781428571428571,1
2022-10-14,Snacks,North,34,367,4.5200000000000005,1
2022-10-14,Snacks,South,23,138,8.79,1
2022-10-14,Snacks,West,50,557,5.1033333333333335,0
2022-10-15,Beverages,North,28,186,4.73,1
2022-10-15,Beverages,South,45,336,2.68,0
2022-10-15,Beverages,West,34,248,3.655,0
2022-10-15,Dairy,North,523,4559,5.114827586206896,1
2022-10-15,Dairy,South,534,4433,5.21076923076923,1
2022-10-15,Dairy,West,452,4625,5.563103448275863,1
2022-10-15,Instant Food,North,194,1197,5.1875,1
2022-10-15,Instant Food,South,102,664,5.748,0
2022-10-15,Instant Food,West,232,1015,6.077142857142857,1
2022-10-15,Snacks,North,44,535,3.563333333333333,0
2022-10-15,Snacks,South,51,517,5.766666666666667,0
2022-10-15,Snacks,West,47,553,3.8733333333333335,0
2022-10-16,Beverages,North,70,433,5.753333333333333,1
2022-10-16,Beverages,South,69,521,6.003333333333333,1
2022-10-16,Beverages,West,77,379,4.99,1
2022-10-16,Dairy,North,506,4981,5.50103448275862,1
2022-10-16,Dairy,South,428,4288,6.016666666666667,1
2022-10-16,Dairy,West,445,4570,5.536071428571428,1
2022-10-16,Instant Food,North,89,708,6.445,0
2022-10-16,Instant Food,South,148,1147,5.772857142857143,0
2022-10-16,Instant Food,West,145,806,6.88,1
2022-10-16,Snacks,North,46,489,2.763333333333333,0
2022-10-16,Snacks,South,47,304,5.5,1
2022-10-16,Snacks,West,53,528,4.783333333333333,0
2022-10-17,Beverages,North,56,309,7.6,1
2022-10-17,Beverages,South,85,423,3.053333333333333,1
2022-10-17,Beverages,West,61,486,5.316666666666667,0
2022-10-17,Dairy,North,443,3869,4.586666666666667,1
2022-10-17,Dairy,South,424,4429,5.376296296296296,1
2022-10-17,Dairy,West,436,4157,5.507777777777778,1
2022-10-17,Instant Food,North,222,1382,6.00375,1
2022-10-17,Instant Food,South,220,1267,5.845714285714286,1
2022-10-17,Instant Food,West,130,995,5.56,0
2022-10-17,Snacks,North,23,231,6.585,0
2022-10-17,Snacks,South,19,345,6.255,0
2022-10-17,Snacks,West,43,441,4.236666666666667,0
2022-10-18,Beverages,North,71,565,4.346666666666667,1
2022-10-18,Beverages,South,74,597,4.8933333333333335,1
2022-10-18,Beverages,West,36,286,4.315,0
2022-10-18,Dairy,North,451,4790,4.650714285714286,1
2022-10-18,Dairy,South,557,5045,5.765,1
2022-10-18,Dairy,West,477,4052,5.450740740740741,1
2022-10-18,Instant Food,North,157,1204,5.452857142857143,0
2022-10-18,Instant Food,South,238,1582,6.29111111111111,1
2022-10-18,Instant Food,West,141,926,4.640000000000001,0
2022-10-18,Snacks,North,30,304,2.13,0
2022-10-18,Snacks,South,21,273,4.24,0
2022-10-18,Snacks,West,11,108,3.585,0
2022-10-19,Beverages,North,89,565,5.46,1
2022-10-19,Beverages,South,72,419,5.733333333333333,1
2022-10-19,Beverages,West,59,533,5.16,0
2022-10-19,Dairy,North,436,4397,5.77448275862069,1
2022-10-19,Dairy,South,468,4311,5.024615384615384,1
2022-10-19,Dairy,West,561,4976,5.9178125,1
2022-10-19,Instant Food,North,193,1465,5.517777777777778,1
2022-10-19,Instant Food,South,172,1072,4.89,1
2022-10-19,Instant Food,West,211,1245,6.2925,1
2022-10-19,Snacks,North,40,512,4.44,0
2022-10-19,Snacks,South,38,423,4.416666666666667,0
2022-10-19,Snacks,West,70,645,6.9866666666666655,1
2022-10-20,Beverages,North,44,341,4.905,0
2022-10-20,Beverages,South,89,409,5.78,1
2022-10-20,Beverages,West,41,304,4.676666666666667,0
2022-10-20,Dairy,North,434,4556,5.345185185185185,1
2022-10-20,Dairy,South,488,4612,5.695483870967742,1
2022-10-20,Dairy,West,416,4184,5.39,1
2022-10-20,Instant Food,North,162,1148,4.06125,0
2022-10-20,Instant Food,South,167,1180,6.15,1
2022-10-20,Instant Food,West,153,1256,5.15875,0
2022-10-20,Snacks,South,119,728,5.776666666666666,1
2022-10-20,Snacks,West,42,516,4.46,0
2022-10-21,Beverages,North,41,432,5.083333333333333,0
2022-10-21,Beverages,South,78,337,4.273333333333333,1
2022-10-21,Beverages,West,48,315,4.535,1
2022-10-21,Dairy,North,482,4812,5.452758620689656,1
2022-10-21,Dairy,South,470,4523,5.8870000000000005,1
2022-10-21,Dairy,West,487,4424,4.938666666666666,1
2022-10-21,Instant Food,North,183,1304,4.98375,1
2022-10-21,Instant Food,South,196,1167,5.948888888888889,1
2022-10-21,Instant Food,West,193,1529,5.171250000000001,1
2022-10-21,Snacks,North,35,386,6.92,0
2022-10-21,Snacks,South,60,572,4.8,1
2022-10-21,Snacks,West,21,335,5.203333333333333,1
2022-10-22,Beverages,North,42,328,3.595,0
2022-10-22,Beverages,South,56,385,3.753333333333333,1
2022-10-22,Beverages,West,43,336,5.775,0
2022-10-22,Dairy,North,430,3996,5.215,1
2022-10-22,Dairy,South,487,4801,5.123,1
2022-10-22,Dairy,West,510,4911,5.66448275862069,1
2022-10-22,Instant Food,North,249,1497,4.326666666666666,1
2022-10-22,Instant Food,South,175,1313,5.3566666666666665,0
2022-10-22,Instant Food,West,174,1269,5.2075,1
2022-10-22,Snacks,North,55,455,6.25,1
2022-10-22,Snacks,South,26,259,4.683333333333334,1
2022-10-22,Snacks,West,53,471,6.213333333333334,0
2022-10-23,Beverages,North,58,420,2.973333333333333,0
2022-10-23,Beverages,South,52,438,7.086666666666667,0
2022-10-23,Beverages,West,38,525,5.830000000000001,0
2022-10-23,Dairy,North,436,4154,5.256666666666666,1
2022-10-23,Dairy,South,511,4487,5.797333333333333,1
2022-10-23,Dairy,West,442,4216,5.335555555555556,1
2022-10-23,Instant Food,North,133,827,6.107142857142857,1
2022-10-23,Instant Food,South,150,1152,5.111428571428571,1
2022-10-23,Instant Food,West,167,1385,5.481111111111111,1
2022-10-23,Snacks,North,62,580,5.906666666666666,0
2022-10-23,Snacks,South,36,449,6.933333333333333,0
2022-10-23,Snacks,West,40,434,5.2,0
2022-10-24,Beverages,North,62,519,5.796666666666667,0
2022-10-24,Beverages,South,64,291,6.515000000000001,1
2022-10-24,Beverages,West,58,547,3.2966666666666664,0
2022-10-24,Dairy,North,443,4469,4.991785714285714,1
2022-10-24,Dairy,South,549,4892,4.541724137931035,1
2022-10-24,Dairy,West,424,4377,5.002068965517242,1
2022-10-24,Instant Food,North,195,1271,5.9675,1
2022-10-24,Instant Food,South,157,1260,6.7125,0
2022-10-24,Instant Food,West,219,1267,5.34625,1
2022-10-24,Snacks,North,40,412,6.16,0
2022-10-24,Snacks,South,13,123,2.65,0
2022-10-24,Snacks,West,60,563,3.9133333333333336,1
2022-10-25,Beverages,North,60,462,3.96,0
2022-10-25,Beverages,South,23,161,6.36,0
2022-10-25,Beverages,West,32,336,5.845000000000001,0
2022-10-25,Dairy,North,424,4174,4.988518518518519,1
2022-10-25,Dairy,South,527,4537,5.314333333333334,1
2022-10-25,Dairy,West,504,4973,4.775666666666667,1
2022-10-25,Instant Food,North,136,1178,4.4175,0
2022-10-25,Instant Food,South,174,1138,4.522857142857143,1
2022-10-25,Instant Food,West,162,1279,5.4725,1
2022-10-25,Snacks,North,57,577,5.5633333333333335,0
2022-10-25,Snacks,South,52,550,4.903333333333333,0
2022-10-25,Snacks,West,38,389,3.5666666666666664,0
2022-10-26,Beverages,North,38,383,5.15,0
2022-10-26,Beverages,South,36,276,3.48,0
2022-10-26,Beverages,West,61,515,5.383333333333333,0
2022-10-26,Dairy,North,424,4103,5.2328,1
2022-10-26,Dairy,South,419,4130,5.81423076923077,1
2022-10-26,Dairy,West,369,3754,5.562,1
2022-10-26,Instant Food,North,181,1307,5.475,1
2022-10-26,Instant Food,South,217,1433,5.346666666666667,1
2022-10-26,Instant Food,West,197,1331,4.93875,1
2022-10-26,Snacks,North,34,430,4.866666666666666,0
2022-10-26,Snacks,South,57,299,6.343333333333334,1
2022-10-26,Snacks,West,29,342,4.963333333333334,0
2022-10-27,Beverages,North,100,499,4.586666666666667,1
2022-10-27,Beverages,South,29,297,4.93,0
2022-10-27,Beverages,West,28,226,8.57,0
2022-10-27,Dairy,North,404,4463,5.013928571428572,1
2022-10-27,Dairy,South,442,4649,5.580689655172414,1
2022-10-27,Dairy,West,374,3686,4.776538461538461,1
2022-10-27,Instant Food,North,155,885,5.236,1
2022-10-27,Instant Food,South,188,1258,5.832222222222223,1
2022-10-27,Instant Food,West,126,1067,5.80875,0
2022-10-27,Snacks,North,43,496,5.236666666666667,0
2022-10-27,Snacks,South,56,473,4.613333333333333,1
2022-10-27,Snacks,West,39,400,4.203333333333333,0
2022-10-28,Beverages,North,32,185,3.995,1
2022-10-28,Beverages,South,47,359,5.720000000000001,0
2022-10-28,Beverages,West,78,445,4.3933333333333335,1
2022-10-28,Dairy,North,459,4694,5.543703703703704,1
2022-10-28,Dairy,South,395,3969,5.0448,1
2022-10-28,Dairy,West,394,3444,5.243333333333333,1
2022-10-28,Instant Food,North,172,1478,4.515555555555555,0
2022-10-28,Instant Food,South,123,990,5.3116666666666665,0
2022-10-28,Instant Food,West,176,1378,6.04375,0
2022-10-28,Snacks,North,36,382,4.449999999999999,0
2022-10-28,Snacks,South,16,141,1.54,0
2022-10-28,Snacks,West,38,401,3.643333333333333,0
2022-10-29,Beverages,North,34,372,2.44,0
2022-10-29,Beverages,South,104,425,5.6066666666666665,1
2022-10-29,Beverages,West,22,177,7.95,0
2022-10-29,Dairy,North,571,4943,5.2384375,1
2022-10-29,Dairy,South,471,4898,5.052758620689655,1
2022-10-29,Dairy,West,448,4281,5.371923076923077,1
2022-10-29,Instant Food,North,171,1251,5.22,1
2022-10-29,Instant Food,South,236,1422,4.5,1
2022-10-29,Instant Food,West,103,765,5.290000000000001,0
2022-10-29,Snacks,North,55,520,6.473333333333334,0
2022-10-29,Snacks,South,30,261,6.833333333333333,0
2022-10-29,Snacks,West,31,316,5.395,0
2022-10-30,Beverages,North,52,525,6.07,0
2022-10-30,Beverages,South,12,173,4.2,0
2022-10-30,Beverages,West,36,292,5.68,0
2022-10-30,Dairy,North,487,4722,4.222222222222222,1
2022-10-30,Dairy,South,433,4382,5.257241379310345,1
2022-10-30,Dairy,West,495,4555,5.467931034482758,1
2022-10-30,Instant Food,North,211,1223,4.405714285714286,1
2022-10-30,Instant Food,South,193,1468,5.78125,0
2022-10-30,Instant Food,West,177,1079,4.721666666666667,1
2022-10-30,Snacks,North,52,350,7.095000000000001,1
2022-10-30,Snacks,South,35,335,4.08,0
2022-10-30,Snacks,West,57,524,4.136666666666667,1
2022-10-31,Beverages,North,94,472,5.026666666666666,1
2022-10-31,Beverages,South,38,272,4.61,0
2022-10-31,Beverages,West,11,116,6.74,0
2022-10-31,Dairy,North,377,4344,5.3625,0
2022-10-31,Dairy,South,492,4667,5.239642857142857,1
2022-10-31,Dairy,West,402,4099,5.674814814814815,1
2022-10-31,Instant Food,North,127,1153,4.704285714285715,0
2022-10-31,Instant Food,South,155,1128,4.311428571428571,1
2022-10-31,Instant Food,West,192,1284,5.714285714285714,0
2022-10-31,Snacks,North,45,561,5.786666666666666,0
2022-10-31,Snacks,South,37,344,5.36,0
2022-10-31,Snacks,West,68,640,4.526666666666666,1
2022-11-01,Beverages,North,13,118,7.21,0
2022-11-01,Beverages,South,75,494,3.77,1
2022-11-01,Beverages,West,56,534,5.633333333333333,0
2022-11-01,Dairy,North,475,4978,5.59375,1
2022-11-01,Dairy,South,507,4427,4.380357142857143,1
2022-11-01,Dairy,West,514,4665,4.862258064516129,1
2022-11-01,Instant Food,North,143,946,5.056666666666667,1
2022-11-01,Instant Food,South,261,1412,4.73125,1
2022-11-01,Instant Food,West,178,1121,4.918888888888889,0
2022-11-01,Snacks,North,67,437,4.1866666666666665,1
2022-11-01,Snacks,South,54,513,4.083333333333333,0
2022-11-01,Snacks,West,15,187,4.83,0
2022-11-02,Beverages,North,67,593,6.713333333333334,0
2022-11-02,Beverages,South,59,517,6.353333333333334,0
2022-11-02,Beverages,West,46,316,6.21,1
2022-11-02,Dairy,North,452,4307,5.184,1
2022-11-02,Dairy,South,586,4822,5.664,1
2022-11-02,Dairy,West,494,4155,5.134230769230769,1
2022-11-02,Instant Food,North,122,758,6.378,1
2022-11-02,Instant Food,South,120,872,4.266,0
2022-11-02,Instant Food,West,199,1495,5.671111111111111,0
2022-11-02,Snacks,North,9,98,4.29,0
2022-11-02,Snacks,South,37,467,4.95,0
2022-11-02,Snacks,West,42,314,3.41,1
2022-11-03,Beverages,North,45,373,4.64,0
2022-11-03,Beverages,South,39,416,6.736666666666667,0
2022-11-03,Beverages,West,53,363,6.6066666666666665,1
2022-11-03,Dairy,North,384,3664,5.4437500000000005,1
2022-11-03,Dairy,South,414,4362,5.113928571428572,1
2022-11-03,Dairy,West,518,4700,6.043571428571428,1
2022-11-03,Instant Food,North,264,1377,5.51875,1
2022-11-03,Instant Food,South,107,722,4.904,0
2022-11-03,Instant Food,West,98,693,4.593999999999999,0
2022-11-03,Snacks,North,42,419,3.3166666666666664,0
2022-11-03,Snacks,South,33,416,5.326666666666667,0
2022-11-03,Snacks,West,30,283,7.345000000000001,0
2022-11-04,Beverages,North,41,412,4.31,0
2022-11-04,Beverages,South,31,299,3.945,0
2022-11-04,Beverages,West,45,432,4.32,0
2022-11-04,Dairy,North,499,4528,5.300370370370371,1
2022-11-04,Dairy,South,451,5140,5.269310344827586,1
2022-11-04,Dairy,West,383,3801,6.025,1
2022-11-04,Instant Food,North,273,1417,5.40875,1
2022-11-04,Instant Food,South,168,868,4.348571428571429,1
2022-11-04,Instant Food,West,175,1050,5.551428571428572,1
2022-11-04,Snacks,North,57,519,6.463333333333334,1
2022-11-04,Snacks,South,52,529,6.793333333333333,0
2022-11-04,Snacks,West,39,509,6.013333333333333,0
2022-11-05,Beverages,North,105,580,5.603333333333334,1
2022-11-05,Beverages,South,18,114,6.58,0
2022-11-05,Beverages,West,43,345,7.449999999999999,0
2022-11-05,Dairy,North,542,5117,5.206363636363636,1
2022-11-05,Dairy,South,507,5247,4.7953125,1
2022-11-05,Dairy,West,427,4504,5.2575,1
2022-11-05,Instant Food,North,207,1259,6.944444444444445,1
2022-11-05,Instant Food,South,140,1031,5.0512500000000005,1
2022-11-05,Instant Food,West,259,1676,4.767777777777777,1
2022-11-05,Snacks,North,33,263,2.12,0
2022-11-05,Snacks,South,77,459,4.113333333333333,1
2022-11-05,Snacks,West,36,258,3.675,0
2022-11-06,Beverages,North,18,278,6.96,0
2022-11-06,Beverages,South,15,224,7.09,0
2022-11-06,Beverages,West,66,616,5.236666666666666,0
2022-11-06,Dairy,North,496,4730,5.361666666666666,1
2022-11-06,Dairy,South,513,5284,5.3512903225806445,1
2022-11-06,Dairy,West,493,4512,4.821379310344828,1
2022-11-06,Instant Food,North,181,1313,5.5975,0
2022-11-06,Instant Food,South,186,1320,5.528571428571429,1
2022-11-06,Instant Food,West,165,980,4.358333333333333,1
2022-11-06,Snacks,North,82,561,6.0,0
2022-11-06,Snacks,South,64,457,4.666666666666667,0
2022-11-06,Snacks,West,119,538,6.276666666666666,1
2022-11-07,Beverages,North,67,492,4.343333333333333,0
2022-11-07,Beverages,South,50,531,3.86,0
2022-11-07,Beverages,West,25,236,5.12,0
2022-11-07,Dairy,North,524,4910,4.90655172413793,1
2022-11-07,Dairy,South,460,5027,5.127096774193548,1
2022-11-07,Dairy,West,516,4906,5.126060606060606,1
2022-11-07,Instant Food,North,163,1172,3.86,1
2022-11-07,Instant Food,South,163,1371,5.565,0
2022-11-07,Instant Food,West,170,1347,6.01375,1
2022-11-07,Snacks,North,64,498,7.583333333333333,0
2022-11-07,Snacks,South,26,270,4.48,0
2022-11-07,Snacks,West,47,322,4.805,0
2022-11-08,Beverages,North,15,90,7.285,1
2022-11-08,Beverages,South,78,678,5.126666666666667,0
2022-11-08,Beverages,West,24,304,3.2,0
2022-11-08,Dairy,North,470,4795,5.110666666666666,1
2022-11-08,Dairy,South,424,4175,5.944827586206896,1
2022-11-08,Dairy,West,688,6199,4.836470588235294,1
2022-11-08,Instant Food,North,189,1250,6.13,1
2022-11-08,Instant Food,South,111,952,5.626666666666666,0
2022-11-08,Instant Food,West,217,1308,5.701111111111112,1
2022-11-08,Snacks,North,59,285,4.58,1
2022-11-08,Snacks,South,66,484,5.716666666666666,1
2022-11-08,Snacks,West,62,444,5.8933333333333335,1
2022-11-09,Beverages,North,48,473,6.866666666666667,0
2022-11-09,Beverages,South,64,474,5.183333333333334,1
2022-11-09,Beverages,West,64,536,6.47,0
2022-11-09,Dairy,North,518,5117,5.4290625,1
2022-11-09,Dairy,South,450,4751,4.759666666666666,1
2022-11-09,Dairy,West,441,4660,5.542666666666666,1
2022-11-09,Instant Food,North,241,1548,3.734444444444444,1
2022-11-09,Instant Food,South,71,834,4.816666666666666,0
2022-11-09,Instant Food,West,194,1151,6.174444444444444,1
2022-11-09,Snacks,North,71,397,6.335,1
2022-11-09,Snacks,South,65,580,4.746666666666667,0
2022-11-09,Snacks,West,57,386,1.735,0
2022-11-10,Beverages,North,48,494,2.6933333333333334,0
2022-11-10,Beverages,South,89,449,3.8366666666666656,1
2022-11-10,Beverages,West,26,196,6.1433333333333335,0
2022-11-10,Dairy,North,503,4654,5.693548387096774,1
2022-11-10,Dairy,South,471,4275,4.878888888888889,1
2022-11-10,Dairy,West,459,4476,5.271612903225807,1
2022-11-10,Instant Food,North,206,1931,5.128181818181818,0
2022-11-10,Instant Food,South,177,1368,4.814,1
2022-11-10,Instant Food,West,264,1778,4.982727272727273,1
2022-11-10,Snacks,North,25,217,7.08,0
2022-11-10,Snacks,South,71,579,5.336666666666666,0
2022-11-10,Snacks,West,65,350,4.145,1
2022-11-11,Beverages,North,73,726,5.883333333333333,0
2022-11-11,Beverages,South,49,470,6.859999999999999,0
2022-11-11,Beverages,West,44,469,6.363333333333333,0
2022-11-11,Dairy,North,517,4664,5.228,1
2022-11-11,Dairy,South,433,4694,5.604285714285714,1
2022-11-11,Dairy,West,469,4279,4.942142857142857,1
2022-11-11,Instant Food,North,205,1934,5.237,0
2022-11-11,Instant Food,South,180,1708,4.838,1
2022-11-11,Instant Food,West,133,1298,5.05,0
2022-11-11,Snacks,North,137,575,3.873333333333333,1
2022-11-11,Snacks,South,65,400,3.736666666666667,1
2022-11-11,Snacks,West,66,430,5.1433333333333335,0
2022-11-12,Beverages,North,59,546,6.363333333333333,0
2022-11-12,Beverages,South,34,460,7.893333333333333,0
2022-11-12,Beverages,West,64,494,7.52,1
2022-11-12,Dairy,North,482,5108,4.855483870967742,1
2022-11-12,Dairy,South,464,4906,5.652758620689656,1
2022-11-12,Dairy,West,537,4905,5.66875,1
2022-11-12,Instant Food,North,249,1685,5.837,1
2022-11-12,Instant Food,South,255,1964,4.435833333333334,1
2022-11-12,Instant Food,West,177,1308,3.664444444444445,1
2022-11-12,Snacks,North,58,347,4.760000000000001,0
2022-11-12,Snacks,South,31,264,6.305,0
2022-11-12,Snacks,West,65,306,3.84,1
2022-11-13,Beverages,North,28,281,3.5,0
2022-11-13,Beverages,South,77,485,6.29,1
2022-11-13,Beverages,West,79,564,2.91,1
2022-11-13,Dairy,North,637,5909,5.987575757575757,1
2022-11-13,Dairy,South,459,5068,4.907878787878788,1
2022-11-13,Dairy,West,549,5188,4.897,1
2022-11-13,Instant Food,North,309,1884,5.369,1
2022-11-13,Instant Food,South,234,1739,4.863333333333333,1
2022-11-13,Instant Food,West,244,1827,4.454545454545454,1
2022-11-13,Snacks,North,53,384,7.406666666666666,1
2022-11-13,Snacks,South,44,365,6.5,0
2022-11-13,Snacks,West,72,433,4.61,1
2022-11-14,Beverages,North,24,289,4.41,0
2022-11-14,Beverages,South,43,349,7.936666666666667,1
2022-11-14,Beverages,West,50,444,4.8500000000000005,0
2022-11-14,Dairy,North,500,5560,6.201875,1
2022-11-14,Dairy,South,415,4389,5.229259259259259,1
2022-11-14,Dairy,West,511,4930,5.07375,1
2022-11-14,Instant Food,North,207,1777,5.435454545454546,1
2022-11-14,Instant Food,South,266,1525,4.103636363636364,1
2022-11-14,Instant Food,West,241,1548,5.276,1
2022-11-14,Snacks,North,25,220,5.585000000000001,0
2022-11-14,Snacks,South,88,575,5.29,0
2022-11-14,Snacks,West,60,369,2.49,1
2022-11-15,Beverages,North,67,353,7.025,1
2022-11-15,Beverages,South,36,339,5.705,0
2022-11-15,Beverages,West,23,264,8.135,0
2022-11-15,Dairy,North,367,3974,5.037857142857143,1
2022-11-15,Dairy,South,414,4693,5.536666666666667,0
2022-11-15,Dairy,West,573,5197,4.636451612903225,1
2022-11-15,Instant Food,North,148,1448,4.547272727272727,0
2022-11-15,Instant Food,South,177,1449,5.90875,1
2022-11-15,Instant Food,West,206,1599,4.647777777777778,1
2022-11-15,Snacks,North,45,314,2.39,0
2022-11-15,Snacks,South,106,462,4.816666666666666,1
2022-11-15,Snacks,West,21,137,2.1,0
2022-11-16,Beverages,South,87,650,4.843333333333333,1
2022-11-16,Beverages,West,54,555,4.103333333333333,0
2022-11-16,Dairy,North,489,4869,4.855172413793104,1
2022-11-16,Dairy,South,413,4186,4.928571428571429,1
2022-11-16,Dairy,West,380,4533,4.705333333333333,1
2022-11-16,Instant Food,North,200,1696,5.065454545454545,1
2022-11-16,Instant Food,South,225,1843,4.918181818181818,1
2022-11-16,Instant Food,West,177,1638,4.759,0
2022-11-16,Snacks,North,59,477,5.976666666666667,1
2022-11-16,Snacks,South,30,276,5.505000000000001,0
2022-11-16,Snacks,West,43,336,5.315,1
2022-11-17,Beverages,North,8,123,2.83,0
2022-11-17,Beverages,South,47,411,7.57,0
2022-11-17,Beverages,West,57,447,3.81,0
2022-11-17,Dairy,North,473,4893,5.193928571428572,1
2022-11-17,Dairy,South,430,4185,5.092,1
2022-11-17,Dairy,West,574,5565,5.296470588235295,1
2022-11-17,Instant Food,North,198,1752,4.4,0
2022-11-17,Instant Food,South,214,1850,5.226666666666667,1
2022-11-17,Instant Food,West,163,1329,6.287777777777778,1
2022-11-17,Snacks,North,65,452,4.226666666666667,1
2022-11-17,Snacks,South,27,250,2.615,0
2022-11-17,Snacks,West,93,547,5.386666666666667,1
2022-11-18,Beverages,North,39,417,7.04,0
2022-11-18,Beverages,South,56,438,2.273333333333333,1
2022-11-18,Beverages,West,62,438,8.123333333333333,0
2022-11-18,Dairy,North,454,4564,4.865806451612904,1
2022-11-18,Dairy,South,464,4485,5.626,1
2022-11-18,Dairy,West,559,4724,5.173793103448276,1
2022-11-18,Instant Food,North,183,1717,5.782,1
2022-11-18,Instant Food,South,125,998,4.64125,1
2022-11-18,Instant Food,West,193,1599,4.951818181818182,1
2022-11-18,Snacks,North,69,430,2.66,0
2022-11-18,Snacks,South,41,275,7.38,0
2022-11-18,Snacks,West,106,495,7.026666666666666,1
2022-11-19,Beverages,North,60,448,5.14,1
2022-11-19,Beverages,South,49,361,3.98,1
2022-11-19,Beverages,West,31,434,6.666666666666667,0
2022-11-19,Dairy,North,403,4456,5.488709677419355,1
2022-11-19,Dairy,South,450,4703,4.689677419354839,1
2022-11-19,Dairy,West,537,5493,4.575454545454546,1
2022-11-19,Instant Food,North,233,1581,4.825454545454545,1
2022-11-19,Instant Food,South,242,1813,4.965454545454545,1
2022-11-19,Instant Food,West,210,1815,5.587,1
2022-11-19,Snacks,North,67,358,4.2,1
2022-11-19,Snacks,South,75,480,4.6066666666666665,1
2022-11-19,Snacks,West,30,150,4.74,0
2022-11-20,Beverages,North,46,303,7.665,1
2022-11-20,Beverages,South,64,609,6.4866666666666655,0
2022-11-20,Beverages,West,46,394,5.505,0
2022-11-20,Dairy,North,473,4798,6.166896551724138,1
2022-11-20,Dairy,South,599,5641,5.643142857142857,1
2022-11-20,Dairy,West,477,5144,4.574375,1
2022-11-20,Instant Food,North,175,1492,5.30625,1
2022-11-20,Instant Food,South,193,1603,6.331,1
2022-11-20,Instant Food,West,163,1377,5.77888888888889,1
2022-11-20,Snacks,North,23,251,4.895,0
2022-11-20,Snacks,South,63,371,5.97,0
2022-11-20,Snacks,West,95,567,6.77,1
2022-11-21,Beverages,North,72,457,3.83,1
2022-11-21,Beverages,South,72,563,4.92,1
2022-11-21,Beverages,West,60,422,5.453333333333333,1
2022-11-21,Dairy,North,564,4744,4.760714285714286,1
2022-11-21,Dairy,South,501,5292,4.695588235294117,1
2022-11-21,Dairy,West,494,4956,4.80344827586207,1
2022-11-21,Instant Food,North,260,2010,4.991666666666666,1
2022-11-21,Instant Food,South,225,1681,5.189,0
2022-11-21,Instant Food,West,216,1719,3.924545454545455,1
2022-11-21,Snacks,North,100,412,7.32,1
2022-11-21,Snacks,South,50,342,5.635,0
2022-11-21,Snacks,West,118,530,7.140000000000001,1
2022-11-22,Beverages,North,50,463,5.363333333333333,0
2022-11-22,Beverages,South,66,489,4.023333333333333,1
2022-11-22,Beverages,West,82,421,3.6466666666666665,1
2022-11-22,Dairy,North,486,4777,5.3834375,1
2022-11-22,Dairy,South,439,4351,5.576333333333333,1
2022-11-22,Dairy,West,463,4638,5.068888888888889,1
2022-11-22,Instant Food,North,216,1858,5.553636363636364,0
2022-11-22,Instant Food,South,244,1834,5.050000000000001,1
2022-11-22,Instant Food,West,108,1065,4.91625,0
2022-11-22,Snacks,North,97,486,3.293333333333333,1
2022-11-22,Snacks,South,61,442,5.866666666666667,0
2022-11-22,Snacks,West,48,363,3.835,0
2022-11-23,Beverages,North,42,314,3.655,0
2022-11-23,Beverages,South,24,290,5.09,0
2022-11-23,Beverages,West,52,308,3.58,1
2022-11-23,Dairy,North,398,4102,5.109259259259259,1
2022-11-23,Dairy,South,472,4833,5.122068965517241,1
2022-11-23,Dairy,West,389,4037,5.469285714285713,1
2022-11-23,Instant Food,North,201,1835,5.3127272727272725,0
2022-11-23,Instant Food,South,211,1665,5.886666666666667,1
2022-11-23,Instant Food,West,314,1945,5.496363636363636,1
2022-11-23,Snacks,North,40,279,1.58,0
2022-11-23,Snacks,South,49,318,4.185,0
2022-11-23,Snacks,West,52,416,3.053333333333333,0
2022-11-24,Beverages,North,78,497,3.376666666666667,1
2022-11-24,Beverages,South,66,564,4.946666666666666,0
2022-11-24,Beverages,West,60,480,7.3,0
2022-11-24,Dairy,North,566,5304,5.2821875,1
2022-11-24,Dairy,South,497,4587,5.501724137931035,1
2022-11-24,Dairy,West,573,5635,6.335454545454545,1
2022-11-24,Instant Food,North,225,1912,6.256666666666667,1
2022-11-24,Instant Food,South,195,1416,5.2170000000000005,1
2022-11-24,Instant Food,West,278,2092,5.045833333333333,1
2022-11-24,Snacks,North,76,523,5.580000000000001,0
2022-11-24,Snacks,South,47,318,2.225,0
2022-11-24,Snacks,West,73,471,4.54,0
2022-11-25,Beverages,North,39,300,4.916666666666667,1
2022-11-25,Beverages,South,67,544,5.923333333333333,1
2022-11-25,Beverages,West,83,577,4.03,1
2022-11-25,Dairy,North,511,4771,5.670333333333334,1
2022-11-25,Dairy,South,388,3713,6.09125,1
2022-11-25,Dairy,West,473,4351,5.523333333333333,1
2022-11-25,Instant Food,North,204,1416,5.2010000000000005,1
2022-11-25,Instant Food,South,172,1656,4.2263636363636365,1
2022-11-25,Instant Food,West,196,1680,4.137,1
2022-11-25,Snacks,North,73,565,6.416666666666667,0
2022-11-25,Snacks,South,69,435,3.313333333333334,0
2022-11-25,Snacks,West,62,374,5.35,0
2022-11-26,Beverages,North,45,378,5.083333333333333,1
2022-11-26,Beverages,South,18,216,5.109999999999999,0
2022-11-26,Beverages,West,40,347,5.62,0
2022-11-26,Dairy,North,524,5104,5.316666666666666,1
2022-11-26,Dairy,South,503,4675,4.938125,1
2022-11-26,Dairy,West,421,4555,4.269333333333334,1
2022-11-26,Instant Food,North,182,1533,4.98,0
2022-11-26,Instant Food,South,242,1715,4.983636363636363,1
2022-11-26,Instant Food,West,176,1576,4.72,1
2022-11-26,Snacks,North,39,309,7.890000000000001,0
2022-11-26,Snacks,South,55,451,6.503333333333333,0
2022-11-26,Snacks,West,78,567,6.23,0
2022-11-27,Beverages,North,38,386,5.526666666666666,0
2022-11-27,Beverages,South,42,455,4.73,0
2022-11-27,Beverages,West,27,272,3.23,0
2022-11-27,Dairy,North,483,4223,5.0768,1
2022-11-27,Dairy,South,559,5178,4.894193548387097,1
2022-11-27,Dairy,West,576,5065,5.421290322580645,1
2022-11-27,Instant Food,North,186,1581,5.212999999999999,1
2022-11-27,Instant Food,South,199,1701,3.41,1
2022-11-27,Instant Food,West,219,1665,5.278333333333333,1
2022-11-27,Snacks,North,123,932,5.62,1
2022-11-27,Snacks,South,55,688,5.9575000000000005,0
2022-11-27,Snacks,West,112,977,5.934,0
2022-11-28,Beverages,North,59,333,2.81,1
2022-11-28,Beverages,South,45,274,3.83,1
2022-11-28,Beverages,West,60,545,5.116666666666667,0
2022-11-28,Dairy,North,450,4999,5.767741935483872,1
2022-11-28,Dairy,South,457,4693,5.574838709677419,1
2022-11-28,Dairy,West,544,4883,5.686999999999999,1
2022-11-28,Instant Food,North,208,1237,4.593333333333334,1
2022-11-28,Instant Food,South,167,1218,4.385,1
2022-11-28,Instant Food,West,230,1862,6.657272727272727,1
2022-11-28,Snacks,North,80,806,5.096,0
2022-11-28,Snacks,South,99,873,5.691666666666666,0
2022-11-28,Snacks,West,109,680,4.616,1
2022-11-29,Beverages,North,36,408,5.400000000000001,0
2022-11-29,Beverages,South,54,470,3.4933333333333336,0
2022-11-29,Beverages,West,80,561,5.053333333333334,1
2022-11-29,Dairy,North,501,4648,6.015483870967741,1
2022-11-29,Dairy,South,522,4581,5.622068965517241,1
2022-11-29,Dairy,West,502,4772,5.369375,1
2022-11-29,Instant Food,North,158,1505,4.448181818181818,1
2022-11-29,Instant Food,South,228,1665,6.184,1
2022-11-29,Instant Food,West,207,1811,4.776363636363636,1
2022-11-29,Snacks,North,74,730,6.176,0
2022-11-29,Snacks,South,89,916,4.8533333333333335,0
2022-11-29,Snacks,West,75,717,6.093999999999999,0
2022-11-30,Beverages,North,56,381,3.19,1
2022-11-30,Beverages,South,17,116,7.87,1
2022-11-30,Beverages,West,93,611,5.993333333333333,1
2022-11-30,Dairy,North,668,5875,5.096470588235294,1
2022-11-30,Dairy,South,610,5296,5.256176470588236,1
2022-11-30,Dairy,West,429,4817,5.791851851851852,1
2022-11-30,Instant Food,North,208,1742,5.29,0
2022-11-30,Instant Food,South,212,1540,6.265,1
2022-11-30,Instant Food,West,195,1429,4.20125,1
2022-11-30,Snacks,North,93,843,5.093333333333334,1
2022-11-30,Snacks,South,120,899,4.23,1
2022-11-30,Snacks,West,116,949,5.220000000000001,0
2022-12-01,Beverages,North,71,588,6.746666666666667,1
2022-12-01,Beverages,South,44,449,3.856666666666667,0
2022-12-01,Beverages,West,40,392,4.3566666666666665,0
2022-12-01,Dairy,North,484,4694,4.254666666666667,1
2022-12-01,Dairy,South,543,4824,5.221666666666667,1
2022-12-01,Dairy,West,533,4993,6.06258064516129,0
2022-12-01,Instant Food,North,186,1543,5.208181818181818,0
2022-12-01,Instant Food,South,265,1913,5.8554545454545455,1
2022-12-01,Instant Food,West,149,1519,4.8,0
2022-12-01,Snacks,North,72,825,4.5600000000000005,0
2022-12-01,Snacks,South,77,737,2.942,1
2022-12-01,Snacks,West,126,898,6.996666666666667,1
2022-12-02,Beverages,North,55,569,7.0633333333333335,0
2022-12-02,Beverages,South,53,394,6.1000000000000005,1
2022-12-02,Beverages,West,57,495,5.98,1
2022-12-02,Dairy,North,644,4865,5.12896551724138,1
2022-12-02,Dairy,South,527,4550,4.931785714285715,1
2022-12-02,Dairy,West,568,4898,5.094848484848485,1
2022-12-02,Instant Food,North,298,2080,5.050833333333333,1
2022-12-02,Instant Food,South,199,1862,4.583636363636364,0
2022-12-02,Instant Food,West,197,1547,4.732222222222223,0
2022-12-02,Snacks,North,73,755,4.804,0
2022-12-02,Snacks,South,72,770,4.2620000000000005,0
2022-12-02,Snacks,West,74,739,5.14,0
2022-12-03,Beverages,North,36,367,4.27,0
2022-12-03,Beverages,South,75,401,4.24,1
2022-12-03,Beverages,West,46,458,3.23,0
2022-12-03,Dairy,North,480,4875,4.925757575757576,1
2022-12-03,Dairy,South,487,5000,4.884838709677419,1
2022-12-03,Dairy,West,633,5986,5.779090909090909,1
2022-12-03,Instant Food,North,226,1653,6.009090909090909,1
2022-12-03,Instant Food,South,195,1695,3.710833333333333,1
2022-12-03,Instant Food,West,186,1598,5.115,1
2022-12-03,Snacks,North,81,749,5.772,1
2022-12-03,Snacks,South,77,562,7.4725,1
2022-12-03,Snacks,West,46,473,4.8625,0
2022-12-04,Beverages,North,51,362,8.08,1
2022-12-04,Beverages,South,26,344,5.199999999999999,0
2022-12-04,Beverages,West,58,471,4.94,1
2022-12-04,Dairy,North,575,5303,4.789090909090909,1
2022-12-04,Dairy,South,437,4177,5.192692307692307,1
2022-12-04,Dairy,West,472,4506,5.185757575757576,1
2022-12-04,Instant Food,North,136,1215,4.59125,0
2022-12-04,Instant Food,South,173,1532,5.401818181818182,1
2022-12-04,Instant Food,West,176,1293,5.0488888888888885,1
2022-12-04,Snacks,North,74,672,4.7700000000000005,0
2022-12-04,Snacks,South,73,564,5.2250000000000005,1
2022-12-04,Snacks,West,75,536,4.735,1
2022-12-05,Beverages,North,64,419,4.153333333333333,1
2022-12-05,Beverages,South,27,289,5.69,0
2022-12-05,Beverages,West,36,350,6.775,0
2022-12-05,Dairy,North,382,4066,5.261379310344828,1
2022-12-05,Dairy,South,462,4164,5.68,1
2022-12-05,Dairy,West,583,5322,5.836666666666667,1
2022-12-05,Instant Food,North,276,1578,5.446363636363636,1
2022-12-05,Instant Food,South,192,1567,5.243636363636363,1
2022-12-05,Instant Food,West,151,1147,5.92,1
2022-12-05,Snacks,North,100,781,5.826,1
2022-12-05,Snacks,South,52,533,4.8125,0
2022-12-05,Snacks,West,78,700,6.15,1
2022-12-06,Beverages,North,27,280,6.455,0
2022-12-06,Beverages,South,35,216,8.045,1
2022-12-06,Beverages,West,74,472,7.543333333333334,1
2022-12-06,Dairy,North,536,4963,4.954516129032259,1
2022-12-06,Dairy,South,535,4666,5.45,1
2022-12-06,Dairy,West,591,5956,5.3425714285714285,1
2022-12-06,Instant Food,North,200,1679,5.998181818181819,1
2022-12-06,Instant Food,South,276,1768,6.521818181818182,1
2022-12-06,Instant Food,West,174,1442,4.9030000000000005,0
2022-12-06,Snacks,North,120,917,3.725,1
2022-12-06,Snacks,South,81,704,6.445,1
2022-12-06,Snacks,West,70,825,4.876,0
2022-12-07,Beverages,North,48,337,3.4,1
2022-12-07,Beverages,South,44,388,3.24,0
2022-12-07,Beverages,West,56,320,6.73,1
2022-12-07,Dairy,North,479,4323,5.905862068965518,1
2022-12-07,Dairy,South,560,5367,5.277941176470589,1
2022-12-07,Dairy,West,635,5350,5.167428571428572,1
2022-12-07,Instant Food,North,168,1653,5.009,0
2022-12-07,Instant Food,South,194,1494,5.706363636363637,1
2022-12-07,Instant Food,West,273,2004,6.825454545454545,1
2022-12-07,Snacks,North,35,361,4.775,0
2022-12-07,Snacks,South,119,854,3.418333333333333,1
2022-12-07,Snacks,West,108,856,5.346666666666667,1
2022-12-08,Beverages,North,51,461,2.59,0
2022-12-08,Beverages,South,81,610,2.9233333333333333,1
2022-12-08,Beverages,West,41,367,2.245,0
2022-12-08,Dairy,North,517,5021,5.465483870967742,1
2022-12-08,Dairy,South,460,5116,5.665151515151515,1
2022-12-08,Dairy,West,538,5135,5.3825806451612905,1
2022-12-08,Instant Food,North,142,1214,3.77375,1
2022-12-08,Instant Food,South,226,1789,5.598000000000001,1
2022-12-08,Instant Food,West,204,1600,4.973333333333333,1
2022-12-08,Snacks,North,89,913,5.742,0
2022-12-08,Snacks,South,129,1221,6.271666666666666,0
2022-12-08,Snacks,West,92,853,6.226,0
2022-12-09,Beverages,North,60,579,4.3133333333333335,1
2022-12-09,Beverages,South,35,451,6.083333333333333,0
2022-12-09,Beverages,West,47,386,5.085,1
2022-12-09,Dairy,North,524,5050,4.4584375,1
2022-12-09,Dairy,South,517,4938,5.6025,1
2022-12-09,Dairy,West,506,4377,5.269666666666667,1
2022-12-09,Instant Food,North,216,1528,6.142222222222222,1
2022-12-09,Instant Food,South,209,1825,6.435454545454546,1
2022-12-09,Instant Food,West,150,1141,4.638,1
2022-12-09,Snacks,North,53,426,5.742,1
2022-12-09,Snacks,South,115,993,5.755,0
2022-12-09,Snacks,West,102,971,6.883333333333333,1
2022-12-10,Beverages,North,56,517,3.765,0
2022-12-10,Beverages,South,85,571,3.0,1
2022-12-10,Beverages,West,39,420,6.676666666666666,1
2022-12-10,Dairy,North,482,4863,5.008333333333334,1
2022-12-10,Dairy,South,542,5134,5.748387096774193,1
2022-12-10,Dairy,West,605,4962,5.468,1
2022-12-10,Instant Food,North,321,2103,5.628333333333334,1
2022-12-10,Instant Food,South,226,1893,5.156153846153846,1
2022-12-10,Instant Food,West,231,2112,6.557142857142857,1
2022-12-10,Snacks,North,59,564,6.274,0
2022-12-10,Snacks,South,96,1039,5.390000000000001,0
2022-12-10,Snacks,West,112,960,6.064,1
2022-12-11,Beverages,North,49,513,5.523333333333333,0
2022-12-11,Beverages,South,23,261,6.994999999999999,1
2022-12-11,Beverages,West,60,530,7.723333333333334,0
2022-12-11,Dairy,North,523,4850,5.8773333333333335,1
2022-12-11,Dairy,South,466,5055,5.095,1
2022-12-11,Dairy,West,528,4408,5.227931034482759,1
2022-12-11,Instant Food,North,265,2275,5.308571428571428,1
2022-12-11,Instant Food,South,248,2133,4.405833333333334,1
2022-12-11,Instant Food,West,246,2143,4.558333333333334,1
2022-12-11,Snacks,North,94,848,4.44,1
2022-12-11,Snacks,South,154,973,3.96,1
2022-12-11,Snacks,West,58,713,5.414,0
2022-12-12,Beverages,North,36,446,4.36,0
2022-12-12,Beverages,South,82,593,5.23,1
2022-12-12,Beverages,West,31,362,4.8500000000000005,0
2022-12-12,Dairy,North,593,4763,5.278666666666667,1
2022-12-12,Dairy,South,644,5277,4.788928571428571,1
2022-12-12,Dairy,West,560,5360,5.725294117647059,1
2022-12-12,Instant Food,North,227,2244,4.9471428571428575,1
2022-12-12,Instant Food,South,276,2055,5.657692307692307,1
2022-12-12,Instant Food,West,273,1947,4.843846153846154,1
2022-12-12,Snacks,North,73,682,6.132000000000001,1
2022-12-12,Snacks,South,114,1011,4.831666666666667,1
2022-12-12,Snacks,West,91,819,4.64,1
2022-12-13,Beverages,North,40,416,6.493333333333333,0
2022-12-13,Beverages,South,53,373,4.475,1
2022-12-13,Beverages,West,72,514,3.1966666666666668,1
2022-12-13,Dairy,North,618,5584,4.7128125,1
2022-12-13,Dairy,South,577,5000,5.652333333333333,1
2022-12-13,Dairy,West,445,4328,5.414666666666666,1
2022-12-13,Instant Food,North,246,2245,4.539333333333333,1
2022-12-13,Instant Food,South,265,2178,6.195,1
2022-12-13,Instant Food,West,264,2029,5.686923076923078,1
2022-12-13,Snacks,North,61,582,6.605,1
2022-12-13,Snacks,South,77,640,5.415,0
2022-12-13,Snacks,West,88,621,5.736,1
2022-12-14,Beverages,North,37,345,4.99,0
2022-12-14,Beverages,South,78,449,5.45,1
2022-12-14,Beverages,West,12,154,7.09,0
2022-12-14,Dairy,North,527,4874,5.081764705882353,1
2022-12-14,Dairy,South,511,4520,4.977142857142857,1
2022-12-14,Dairy,West,543,5249,5.7009375,1
2022-12-14,Instant Food,North,242,2033,5.3585714285714285,1
2022-12-14,Instant Food,South,171,1563,3.691,1
2022-12-14,Instant Food,West,288,1866,4.823333333333333,1
2022-12-14,Snacks,North,97,881,5.596666666666667,1
2022-12-14,Snacks,South,70,843,5.634,0
2022-12-14,Snacks,West,84,862,5.5200000000000005,0
2022-12-15,Beverages,North,39,469,6.213333333333334,0
2022-12-15,Beverages,South,44,340,4.28,1
2022-12-15,Beverages,West,33,351,2.77,0
2022-12-15,Dairy,North,590,5520,5.3278125,1
2022-12-15,Dairy,South,544,4911,5.0684375,1
2022-12-15,Dairy,West,505,4848,5.026129032258065,1
2022-12-15,Instant Food,North,235,2053,5.11090909090909,0
2022-12-15,Instant Food,South,276,1874,5.823076923076924,1
2022-12-15,Instant Food,West,280,2166,5.799230769230769,1
2022-12-15,Snacks,North,26,347,5.77,1
2022-12-15,Snacks,South,157,1131,5.073333333333333,1
2022-12-15,Snacks,West,66,722,5.612,0
2022-12-16,Beverages,North,46,365,5.67,0
2022-12-16,Beverages,South,25,244,5.375,0
2022-12-16,Beverages,West,12,117,1.7,0
2022-12-16,Dairy,North,488,4668,5.710666666666667,1
2022-12-16,Dairy,South,478,3929,5.246923076923077,1
2022-12-16,Dairy,West,466,4712,5.018387096774194,1
2022-12-16,Instant Food,North,259,1863,3.595,1
2022-12-16,Instant Food,South,301,2467,4.578571428571428,1
2022-12-16,Instant Food,West,203,1959,5.5515384615384615,1
2022-12-16,Snacks,North,86,360,7.814999999999999,1
2022-12-16,Snacks,South,50,534,6.0425,1
2022-12-16,Snacks,West,96,896,5.268,1
2022-12-17,Beverages,North,68,512,7.710000000000001,1
2022-12-17,Beverages,South,40,364,6.484999999999999,0
2022-12-17,Beverages,West,37,256,5.26,1
2022-12-17,Dairy,North,595,5161,5.20875,1
2022-12-17,Dairy,South,477,4390,5.2796666666666665,1
2022-12-17,Dairy,West,504,4973,5.67225806451613,1
2022-12-17,Instant Food,North,231,1727,5.646153846153847,1
2022-12-17,Instant Food,South,280,2015,4.673333333333333,1
2022-12-17,Instant Food,West,320,2431,5.4835714285714285,1
2022-12-17,Snacks,North,111,883,3.236,1
2022-12-17,Snacks,South,85,965,4.361666666666667,0
2022-12-17,Snacks,West,96,909,5.351999999999999,0
2022-12-18,Beverages,North,54,449,3.7066666666666666,1
2022-12-18,Beverages,South,44,339,6.6,1
2022-12-18,Beverages,West,40,387,7.290000000000001,0
2022-12-18,Dairy,North,488,5020,5.778125,1
2022-12-18,Dairy,South,555,4981,4.66774193548387,1
2022-12-18,Dairy,West,414,3968,5.233214285714285,1
2022-12-18,Instant Food,North,350,2608,6.270666666666667,1
2022-12-18,Instant Food,South,298,2207,4.836666666666667,1
2022-12-18,Instant Food,West,234,2134,5.234166666666667,0
2022-12-18,Snacks,North,104,864,4.086666666666667,1
2022-12-18,Snacks,South,130,1154,4.7250000000000005,1
2022-12-18,Snacks,West,112,1009,5.534999999999999,1
2022-12-19,Beverages,North,22,169,8.62,0
2022-12-19,Beverages,South,18,141,2.1,0
2022-12-19,Beverages,West,35,436,5.766666666666667,0
2022-12-19,Dairy,North,516,4648,5.081666666666666,1
2022-12-19,Dairy,South,452,4348,5.44,1
2022-12-19,Dairy,West,420,4497,6.014666666666667,1
2022-12-19,Instant Food,North,344,2565,5.047857142857143,1
2022-12-19,Instant Food,South,315,2092,5.703076923076923,1
2022-12-19,Instant Food,West,229,2046,5.633571428571429,1
2022-12-19,Snacks,North,64,506,3.856666666666667,1
2022-12-19,Snacks,South,113,1130,4.678,1
2022-12-19,Snacks,West,104,931,6.3566666666666665,1
2022-12-20,Beverages,North,48,440,5.873333333333332,0
2022-12-20,Beverages,South,58,565,5.21,0
2022-12-20,Beverages,West,33,394,5.0,0
2022-12-20,Dairy,North,599,5119,5.632424242424243,1
2022-12-20,Dairy,South,531,4729,5.142666666666667,1
2022-12-20,Dairy,West,469,5118,4.878787878787879,1
2022-12-20,Instant Food,North,278,2308,6.024285714285715,1
2022-12-20,Instant Food,South,256,2089,4.087857142857143,1
2022-12-20,Instant Food,West,272,2205,4.800714285714285,1
2022-12-20,Snacks,North,77,644,6.0775,1
2022-12-20,Snacks,South,97,902,4.773999999999999,1
2022-12-20,Snacks,West,80,683,5.672499999999999,1
2022-12-21,Beverages,North,70,522,5.3,1
2022-12-21,Beverages,South,53,389,3.9,0
2022-12-21,Beverages,West,29,229,7.18,1
2022-12-21,Dairy,North,603,4993,5.696875,1
2022-12-21,Dairy,South,521,4672,5.464848484848485,1
2022-12-21,Dairy,West,480,4350,5.104516129032258,1
2022-12-21,Instant Food,North,292,2046,4.598333333333334,1
2022-12-21,Instant Food,South,224,1900,4.374,1
2022-12-21,Instant Food,West,159,1449,5.066,0
2022-12-21,Snacks,North,99,961,4.955,1
2022-12-21,Snacks,South,74,843,6.483333333333333,1
2022-12-21,Snacks,West,121,916,4.67,1
2022-12-22,Beverages,North,43,347,4.766666666666667,0
2022-12-22,Beverages,South,57,462,6.696666666666666,1
2022-12-22,Beverages,West,32,336,5.446666666666666,0
2022-12-22,Dairy,North,436,4322,4.834827586206897,1
2022-12-22,Dairy,South,550,5170,5.626129032258064,1
2022-12-22,Dairy,West,573,5399,4.5926470588235295,1
2022-12-22,Instant Food,North,398,2698,5.431428571428572,1
2022-12-22,Instant Food,South,278,1913,5.904166666666666,1
2022-12-22,Instant Food,West,273,2300,5.123846153846154,1
2022-12-22,Snacks,North,96,704,6.314,1
2022-12-22,Snacks,South,96,918,4.846666666666667,1
2022-12-22,Snacks,West,105,831,3.28,0
2022-12-23,Beverages,North,27,292,7.35,0
2022-12-23,Beverages,South,56,555,5.07,0
2022-12-23,Beverages,West,90,454,5.443333333333334,1
2022-12-23,Dairy,North,508,4739,5.806551724137931,1
2022-12-23,Dairy,South,435,4429,5.420333333333334,1
2022-12-23,Dairy,West,593,5102,5.443870967741935,1
2022-12-23,Instant Food,North,235,1894,4.482307692307692,1
2022-12-23,Instant Food,South,262,2504,6.258666666666667,0
2022-12-23,Instant Food,West,246,1730,5.4338461538461535,1
2022-12-23,Snacks,North,65,893,4.6450000000000005,0
2022-12-23,Snacks,South,101,788,5.05,1
2022-12-23,Snacks,West,49,395,4.206666666666667,1
2022-12-24,Beverages,North,21,233,2.745,0
2022-12-24,Beverages,South,65,490,5.483333333333333,1
2022-12-24,Beverages,West,85,587,5.436666666666667,1
2022-12-24,Dairy,North,590,4685,5.886896551724138,1
2022-12-24,Dairy,South,534,4945,5.019677419354839,1
2022-12-24,Dairy,West,446,4472,5.5746875,1
2022-12-24,Instant Food,North,202,1748,5.4354545454545455,1
2022-12-24,Instant Food,South,331,2318,5.524666666666667,1
2022-12-24,Instant Food,West,230,2047,4.686153846153847,0
2022-12-24,Snacks,North,146,1213,5.580000000000001,1
2022-12-24,Snacks,South,96,813,4.63,1
2022-12-24,Snacks,West,98,949,3.4800000000000004,0
2022-12-25,Beverages,North,47,428,4.87,0
2022-12-25,Beverages,South,27,255,6.6850000000000005,0
2022-12-25,Beverages,West,36,409,4.246666666666667,0
2022-12-25,Dairy,North,520,4408,4.687142857142858,1
2022-12-25,Dairy,South,504,5098,5.164838709677419,1
2022-12-25,Dairy,West,479,4755,4.76103448275862,1
2022-12-25,Instant Food,North,256,2283,5.755000000000001,0
2022-12-25,Instant Food,South,334,2567,4.871333333333334,1
2022-12-25,Instant Food,West,222,1898,4.020714285714286,1
2022-12-25,Snacks,North,79,614,6.4575000000000005,1
2022-12-25,Snacks,South,85,847,6.014,1
2022-12-25,Snacks,West,52,490,5.7625,1
2022-12-26,Beverages,North,35,368,5.36,0
2022-12-26,Beverages,South,20,254,4.67,0
2022-12-26,Beverages,West,45,465,4.423333333333333,0
2022-12-26,Dairy,North,580,5076,5.598064516129032,1
2022-12-26,Dairy,South,456,4736,4.808064516129033,1
2022-12-26,Dairy,West,499,4524,5.343793103448276,1
2022-12-26,Instant Food,North,184,1599,5.761,0
2022-12-26,Instant Food,South,237,1905,4.861538461538462,1
2022-12-26,Instant Food,West,168,1507,4.943636363636364,1
2022-12-26,Snacks,North,88,812,4.973333333333334,1
2022-12-26,Snacks,South,78,631,6.745,1
2022-12-26,Snacks,West,83,807,6.33,1
2022-12-27,Beverages,North,47,401,6.15,0
2022-12-27,Beverages,South,100,598,5.223333333333334,1
2022-12-27,Beverages,West,51,483,7.16,0
2022-12-27,Dairy,North,602,5147,5.177878787878788,1
2022-12-27,Dairy,South,565,5005,4.8221875,1
2022-12-27,Dairy,West,500,4547,5.836875,1
2022-12-27,Instant Food,North,222,2052,5.227142857142858,1
2022-12-27,Instant Food,South,263,2359,5.311428571428571,1
2022-12-27,Instant Food,West,219,1893,5.986666666666667,1
2022-12-27,Snacks,North,86,848,5.872,1
2022-12-27,Snacks,South,65,726,5.022,0
2022-12-27,Snacks,West,86,992,3.852,0
2022-12-28,Beverages,North,60,583,6.316666666666666,1
2022-12-28,Beverages,South,56,450,5.3500000000000005,1
2022-12-28,Beverages,West,48,496,6.203333333333333,0
2022-12-28,Dairy,North,545,5394,4.7446875,1
2022-12-28,Dairy,South,566,5133,5.43,1
2022-12-28,Dairy,West,428,4372,4.718518518518518,1
2022-12-28,Instant Food,North,202,1527,5.077692307692308,1
2022-12-28,Instant Food,South,312,2458,4.776666666666667,1
2022-12-28,Instant Food,West,297,1906,4.569230769230769,1
2022-12-28,Snacks,North,62,638,5.408333333333332,1
2022-12-28,Snacks,South,93,760,5.683333333333334,1
2022-12-28,Snacks,West,120,1068,3.013333333333333,1
2022-12-29,Beverages,North,50,367,5.003333333333333,1
2022-12-29,Beverages,South,14,184,6.6066666666666665,0
2022-12-29,Beverages,West,46,453,6.756666666666667,0
2022-12-29,Dairy,North,527,5139,4.614545454545454,1
2022-12-29,Dairy,South,506,4752,5.5415625,1
2022-12-29,Dairy,West,524,5058,4.502121212121212,1
2022-12-29,Instant Food,North,304,2257,5.831428571428572,1
2022-12-29,Instant Food,South,228,2239,5.037857142857143,0
2022-12-29,Instant Food,West,195,1896,3.8181818181818175,0
2022-12-29,Snacks,North,64,640,5.045,1
2022-12-29,Snacks,South,91,938,5.311999999999999,0
2022-12-29,Snacks,West,93,785,5.108,1
2022-12-30,Beverages,North,32,404,6.27,0
2022-12-30,Beverages,South,68,348,5.196666666666666,1
2022-12-30,Beverages,West,70,538,4.79,0
2022-12-30,Dairy,North,503,5103,6.410967741935484,1
2022-12-30,Dairy,South,620,5389,5.135294117647058,1
2022-12-30,Dairy,West,382,3485,5.591666666666666,1
2022-12-30,Instant Food,North,227,2022,5.374,1
2022-12-30,Instant Food,South,257,2159,4.7475,1
2022-12-30,Instant Food,West,213,2085,4.2975,0
2022-12-30,Snacks,North,78,651,4.84,1
2022-12-30,Snacks,South,42,507,5.4925,1
2022-12-30,Snacks,West,65,808,5.85,0
2022-12-31,Beverages,North,15,139,1.95,0
2022-12-31,Beverages,South,46,274,5.47,1
2022-12-31,Beverages,West,36,352,3.1950000000000003,0
2022-12-31,Dairy,North,488,4106,5.471724137931035,1
2022-12-31,Dairy,South,418,4174,5.693,1
2022-12-31,Dairy,West,480,4479,4.973793103448276,1
2022-12-31,Instant Food,North,220,2007,5.352307692307692,1
2022-12-31,Instant Food,South,211,1593,4.943,1
2022-12-31,Instant Food,West,265,2049,4.492857142857143,1
2022-12-31,Snacks,North,98,1010,4.945,0
2022-12-31,Snacks,South,118,762,5.87,1
2022-12-31,Snacks,West,76,832,7.337999999999999,0
2023-01-01,Beverages,North,46,451,7.283333333333334,1
2023-01-01,Beverages,South,34,310,5.696666666666666,0
2023-01-01,Beverages,West,29,396,6.6000000000000005,0
2023-01-01,Dairy,North,519,4384,5.028333333333333,1
2023-01-01,Dairy,South,663,5504,5.47735294117647,1
2023-01-01,Dairy,West,548,4948,5.112758620689656,1
2023-01-01,Instant Food,North,224,1731,4.845833333333333,1
2023-01-01,Instant Food,South,251,2083,4.3981818181818175,1
2023-01-01,Instant Food,West,304,2225,5.450769230769231,1
2023-01-01,Snacks,North,80,775,5.018,1
2023-01-01,Snacks,South,85,894,6.101999999999999,0
2023-01-01,Snacks,West,124,1077,5.48,1
2023-01-02,Beverages,North,35,260,3.92,1
2023-01-02,Beverages,South,57,507,4.713333333333334,0
2023-01-02,Beverages,West,41,388,4.41,1
2023-01-02,Dairy,North,606,4480,5.747741935483871,1
2023-01-02,Dairy,South,681,5153,5.2203333333333335,1
2023-01-02,Dairy,West,662,5498,5.151515151515151,1
2023-01-02,Instant Food,North,167,1543,5.206153846153847,0
2023-01-02,Instant Food,South,185,1685,5.111818181818182,0
2023-01-02,Instant Food,West,333,2512,5.035714285714286,1
2023-01-02,Snacks,North,84,939,7.043333333333333,0
2023-01-02,Snacks,South,90,1006,5.645,0
2023-01-02,Snacks,West,89,658,5.680000000000001,1
2023-01-03,Beverages,North,64,506,5.333333333333333,1
2023-01-03,Beverages,South,32,298,5.535,0
2023-01-03,Beverages,West,55,418,4.345000000000001,0
2023-01-03,Dairy,North,608,5150,5.386969696969698,1
2023-01-03,Dairy,South,535,4837,5.71,1
2023-01-03,Dairy,West,603,4754,5.2275757575757575,1
2023-01-03,Instant Food,North,272,2260,5.625714285714285,1
2023-01-03,Instant Food,South,303,1911,5.4946153846153845,1
2023-01-03,Instant Food,West,301,2205,4.795384615384615,1
2023-01-03,Snacks,North,91,888,6.862,0
2023-01-03,Snacks,South,146,1050,6.1000000000000005,1
2023-01-03,Snacks,West,60,677,4.9825,0
2023-01-04,Beverages,North,72,486,6.18,1
2023-01-04,Beverages,South,75,512,2.846666666666667,1
2023-01-04,Beverages,West,36,258,4.235,1
2023-01-04,Dairy,North,456,4235,5.501428571428571,1
2023-01-04,Dairy,South,546,4571,5.412999999999999,1
2023-01-04,Dairy,West,487,4353,5.191481481481482,1
2023-01-04,Instant Food,North,282,2112,5.635714285714285,1
2023-01-04,Instant Food,South,263,2244,5.0321428571428575,1
2023-01-04,Instant Food,West,261,2283,5.7457142857142856,1
2023-01-04,Snacks,North,73,722,3.69,1
2023-01-04,Snacks,South,87,1023,5.43,0
2023-01-04,Snacks,West,70,706,6.740000000000001,0
2023-01-05,Beverages,North,19,214,5.13,0
2023-01-05,Beverages,South,46,320,5.3,1
2023-01-05,Beverages,West,47,474,4.82,0
2023-01-05,Dairy,North,546,4665,4.874137931034483,1
2023-01-05,Dairy,South,742,5759,5.413125,1
2023-01-05,Dairy,West,649,5623,5.132352941176471,1
2023-01-05,Instant Food,North,327,2064,5.35,1
2023-01-05,Instant Food,South,332,2196,6.098461538461539,1
2023-01-05,Instant Food,West,208,1536,5.256363636363637,0
2023-01-05,Snacks,North,124,1101,5.968333333333334,1
2023-01-05,Snacks,South,57,504,5.6525,1
2023-01-05,Snacks,West,80,879,4.851666666666667,1
2023-01-06,Beverages,North,46,409,3.703333333333333,0
2023-01-06,Beverages,South,47,487,6.086666666666667,0
2023-01-06,Beverages,West,27,272,7.76,0
2023-01-06,Dairy,North,554,4724,5.556129032258065,1
2023-01-06,Dairy,South,647,5503,5.636129032258064,1
2023-01-06,Dairy,West,561,4870,5.255000000000001,1
2023-01-06,Instant Food,North,233,2071,4.19,0
2023-01-06,Instant Food,South,348,2277,4.716428571428572,1
2023-01-06,Instant Food,West,410,2639,5.2250000000000005,1
2023-01-06,Snacks,North,99,951,4.7700000000000005,1
2023-01-06,Snacks,South,165,1071,5.446666666666666,1
2023-01-06,Snacks,West,49,489,4.463333333333334,0
2023-01-07,Beverages,North,43,377,5.55,0
2023-01-07,Beverages,South,66,420,4.726666666666667,1
2023-01-07,Beverages,West,28,343,3.17,0
2023-01-07,Dairy,North,693,5291,5.333636363636363,1
2023-01-07,Dairy,South,525,4265,4.918214285714286,1
2023-01-07,Dairy,West,605,4539,4.969655172413793,1
2023-01-07,Instant Food,North,238,1366,5.105555555555556,1
2023-01-07,Instant Food,South,351,2448,4.923076923076923,1
2023-01-07,Instant Food,West,290,1905,5.877692307692308,1
2023-01-07,Snacks,North,93,858,5.351666666666667,1
2023-01-07,Snacks,South,64,879,5.178333333333334,0
2023-01-07,Snacks,West,73,849,4.444,0
2023-01-08,Beverages,South,109,715,3.353333333333333,1
2023-01-08,Beverages,West,21,207,4.695,0
2023-01-08,Dairy,North,612,4968,5.507037037037037,1
2023-01-08,Dairy,South,768,5225,5.502258064516129,1
2023-01-08,Dairy,West,620,5384,4.92375,1
2023-01-08,Instant Food,North,294,2024,5.4423076923076925,1
2023-01-08,Instant Food,South,271,2268,5.958571428571429,0
2023-01-08,Instant Food,West,275,1648,6.455,1
2023-01-08,Snacks,North,101,916,4.841666666666667,1
2023-01-08,Snacks,South,71,847,4.221666666666667,1
2023-01-08,Snacks,West,128,1194,5.058571428571428,1
2023-01-09,Beverages,North,42,408,6.09,0
2023-01-09,Beverages,South,47,431,8.530000000000001,0
2023-01-09,Beverages,West,43,515,6.773333333333333,0
2023-01-09,Dairy,North,473,4178,4.844615384615385,1
2023-01-09,Dairy,South,649,4730,5.879090909090909,1
2023-01-09,Dairy,West,519,4646,4.672413793103448,1
2023-01-09,Instant Food,North,234,1844,5.797499999999999,0
2023-01-09,Instant Food,South,261,1990,4.98,1
2023-01-09,Instant Food,West,362,2304,5.438571428571429,1
2023-01-09,Snacks,North,116,969,5.145714285714285,1
2023-01-09,Snacks,South,111,1055,4.088571428571429,1
2023-01-09,Snacks,West,160,1543,5.7,1
2023-01-10,Beverages,North,76,462,4.09,1
2023-01-10,Beverages,South,33,378,2.48,0
2023-01-10,Beverages,West,52,609,5.446666666666666,0
2023-01-10,Dairy,North,528,4704,5.932333333333333,1
2023-01-10,Dairy,South,542,4888,5.522068965517241,1
2023-01-10,Dairy,West,714,5082,4.53483870967742,1
2023-01-10,Instant Food,North,294,2043,3.785,1
2023-01-10,Instant Food,South,295,2300,4.131538461538462,1
2023-01-10,Instant Food,West,244,1782,4.4158333333333335,1
2023-01-10,Snacks,North,124,1263,6.00875,1
2023-01-10,Snacks,South,79,1013,5.267142857142858,0
2023-01-10,Snacks,West,116,1503,4.895555555555556,0
2023-01-11,Beverages,North,60,514,5.563333333333333,1
2023-01-11,Beverages,South,46,443,5.010000000000001,0
2023-01-11,Beverages,West,25,268,4.9,0
2023-01-11,Dairy,North,532,4416,4.863571428571428,1
2023-01-11,Dairy,South,554,4409,5.276071428571428,1
2023-01-11,Dairy,West,593,4883,5.328387096774194,1
2023-01-11,Instant Food,North,264,1819,4.941666666666666,1
2023-01-11,Instant Food,South,319,2513,5.583571428571429,1
2023-01-11,Instant Food,West,327,2437,5.539285714285714,1
2023-01-11,Snacks,North,117,1207,5.561428571428571,1
2023-01-11,Snacks,South,98,1041,4.712857142857144,0
2023-01-11,Snacks,West,163,1888,5.595555555555555,0
2023-01-12,Beverages,North,60,453,6.236666666666667,1
2023-01-12,Beverages,South,15,204,4.67,0
2023-01-12,Beverages,West,83,618,3.613333333333333,1
2023-01-12,Dairy,North,589,5360,5.6,1
2023-01-12,Dairy,South,576,4505,5.326896551724138,1
2023-01-12,Dairy,West,480,4206,4.679615384615385,1
2023-01-12,Instant Food,North,279,1959,5.69923076923077,1
2023-01-12,Instant Food,South,318,2035,5.006923076923077,1
2023-01-12,Instant Food,West,387,2131,4.79,1
2023-01-12,Snacks,North,96,1313,6.31875,0
2023-01-12,Snacks,South,142,1222,5.445,1
2023-01-12,Snacks,West,118,1372,5.5775,1
2023-01-13,Beverages,North,43,430,5.285,0
2023-01-13,Beverages,South,15,154,3.675,1
2023-01-13,Beverages,West,44,456,6.073333333333333,0
2023-01-13,Dairy,North,626,5278,4.848214285714286,1
2023-01-13,Dairy,South,661,5212,5.042424242424243,1
2023-01-13,Dairy,West,714,5516,5.373636363636363,1
2023-01-13,Instant Food,North,319,2179,5.905,1
2023-01-13,Instant Food,South,282,1737,4.9,1
2023-01-13,Instant Food,West,247,1663,5.993636363636363,1
2023-01-13,Snacks,North,111,1327,4.7375,0
2023-01-13,Snacks,South,150,1322,4.69125,1
2023-01-13,Snacks,West,93,1060,4.134285714285714,0
2023-01-14,Beverages,North,40,389,4.633333333333333,0
2023-01-14,Beverages,South,14,140,2.3,0
2023-01-14,Beverages,West,44,415,4.92,0
2023-01-14,Dairy,North,512,4689,5.123548387096775,1
2023-01-14,Dairy,South,655,4964,5.180000000000001,1
2023-01-14,Dairy,West,569,4549,4.954827586206896,1
2023-01-14,Instant Food,North,300,1975,5.459166666666667,1
2023-01-14,Instant Food,South,221,1726,4.863636363636363,1
2023-01-14,Instant Food,West,251,1855,4.8015384615384615,1
2023-01-14,Snacks,North,138,1273,5.746666666666666,0
2023-01-14,Snacks,South,94,871,4.827142857142857,1
2023-01-14,Snacks,West,73,927,5.754285714285714,0
2023-01-15,Beverages,North,62,598,5.73,0
2023-01-15,Beverages,South,50,525,3.52,0
2023-01-15,Beverages,West,25,213,4.025,1
2023-01-15,Dairy,North,662,5141,4.694545454545454,1
2023-01-15,Dairy,South,615,4838,5.256333333333333,1
2023-01-15,Dairy,West,664,5700,4.632352941176471,1
2023-01-15,Instant Food,North,234,1972,5.549285714285714,0
2023-01-15,Instant Food,South,215,1768,4.727142857142858,1
2023-01-15,Instant Food,West,207,1763,4.472727272727273,0
2023-01-15,Snacks,North,142,1403,6.044444444444444,1
2023-01-15,Snacks,South,144,1422,5.8175,1
2023-01-15,Snacks,West,111,1258,4.982857142857142,0
2023-01-16,Beverages,North,25,275,5.99,0
2023-01-16,Beverages,South,35,563,5.966666666666666,0
2023-01-16,Beverages,West,37,444,5.793333333333333,0
2023-01-16,Dairy,North,544,4769,5.090344827586207,1
2023-01-16,Dairy,South,527,4698,4.775,1
2023-01-16,Dairy,West,605,5341,5.171818181818182,1
2023-01-16,Instant Food,North,241,1557,4.408333333333333,1
2023-01-16,Instant Food,South,289,1938,4.134615384615385,1
2023-01-16,Instant Food,West,343,2175,4.071538461538461,1
2023-01-16,Snacks,North,98,1132,5.28125,1
2023-01-16,Snacks,South,96,1110,3.92125,0
2023-01-16,Snacks,West,63,807,4.206666666666666,0
2023-01-17,Beverages,North,55,677,4.696666666666666,0
2023-01-17,Beverages,South,57,356,5.1850000000000005,1
2023-01-17,Beverages,West,28,321,4.81,0
2023-01-17,Dairy,North,529,4229,5.709642857142858,1
2023-01-17,Dairy,South,668,5425,5.6296875,1
2023-01-17,Dairy,West,653,4473,5.2203333333333335,1
2023-01-17,Instant Food,North,274,2126,5.746153846153846,0
2023-01-17,Instant Food,South,283,2160,6.19,1
2023-01-17,Instant Food,West,195,1404,6.209090909090909,1
2023-01-17,Snacks,North,145,1225,4.1775,1
2023-01-17,Snacks,South,88,1157,6.525714285714286,0
2023-01-17,Snacks,West,111,1380,4.74625,0
2023-01-18,Beverages,North,37,545,5.55,0
2023-01-18,Beverages,South,58,522,6.140000000000001,1
2023-01-18,Beverages,West,43,527,4.1466666666666665,0
2023-01-18,Dairy,North,519,4429,5.408275862068965,1
2023-01-18,Dairy,South,588,4821,5.6706666666666665,1
2023-01-18,Dairy,West,600,5157,5.230645161290322,1
2023-01-18,Instant Food,North,179,1377,4.468,1
2023-01-18,Instant Food,South,311,2240,4.7821428571428575,1
2023-01-18,Instant Food,West,349,2120,4.37,1
2023-01-18,Snacks,North,102,1122,6.204285714285715,1
2023-01-18,Snacks,South,149,1337,6.2075,1
2023-01-18,Snacks,West,61,793,6.776666666666666,1
2023-01-19,Beverages,North,54,632,6.136666666666667,0
2023-01-19,Beverages,South,65,541,3.553333333333333,1
2023-01-19,Beverages,West,30,400,7.423333333333333,0
2023-01-19,Dairy,North,451,3866,6.0504,1
2023-01-19,Dairy,South,630,5020,4.858484848484849,1
2023-01-19,Dairy,West,657,5361,5.295483870967741,1
2023-01-19,Instant Food,North,386,2562,5.967142857142858,1
2023-01-19,Instant Food,South,319,1839,5.429166666666667,1
2023-01-19,Instant Food,West,310,2055,4.597692307692308,1
2023-01-19,Snacks,North,119,1078,4.897142857142858,1
2023-01-19,Snacks,South,115,1079,4.62125,1
2023-01-19,Snacks,West,56,665,6.048333333333333,1
2023-01-20,Beverages,North,68,508,6.45,1
2023-01-20,Beverages,South,44,460,3.846666666666667,0
2023-01-20,Beverages,West,56,604,7.593333333333334,0
2023-01-20,Dairy,North,583,4999,5.808285714285714,1
2023-01-20,Dairy,South,520,4877,5.28,1
2023-01-20,Dairy,West,487,4683,4.577241379310345,1
2023-01-20,Instant Food,North,359,2618,5.237142857142857,1
2023-01-20,Instant Food,South,303,2005,4.603571428571429,1
2023-01-20,Instant Food,West,297,2033,5.393076923076923,1
2023-01-20,Snacks,North,155,1392,6.83625,1
2023-01-20,Snacks,South,162,1397,5.016249999999999,1
2023-01-20,Snacks,West,146,1317,4.415,1
2023-01-21,Beverages,North,32,329,6.133333333333333,1
2023-01-21,Beverages,South,74,537,6.3566666666666665,1
2023-01-21,Beverages,West,52,397,4.17,1
2023-01-21,Dairy,North,580,5056,4.486060606060605,1
2023-01-21,Dairy,South,640,5111,5.06125,1
2023-01-21,Dairy,West,614,5348,4.381875,1
2023-01-21,Instant Food,North,310,2127,5.029285714285714,1
2023-01-21,Instant Food,South,294,2066,6.121666666666667,0
2023-01-21,Instant Food,West,272,1869,6.109166666666667,1
2023-01-21,Snacks,North,105,1135,5.771428571428571,0
2023-01-21,Snacks,South,113,1384,5.0925,0
2023-01-21,Snacks,West,111,1049,4.728571428571429,1
2023-01-22,Beverages,North,47,498,6.18,0
2023-01-22,Beverages,South,40,400,5.94,1
2023-01-22,Beverages,West,62,564,3.62,1
2023-01-22,Dairy,North,671,5148,5.753428571428572,1
2023-01-22,Dairy,South,497,4604,4.634193548387096,1
2023-01-22,Dairy,West,699,5536,5.029375,1
2023-01-22,Instant Food,North,307,2176,5.525,1
2023-01-22,Instant Food,South,266,2064,3.9376923076923074,1
2023-01-22,Instant Food,West,225,1757,5.248333333333334,1
2023-01-22,Snacks,North,147,1567,5.571111111111112,0
2023-01-22,Snacks,South,127,1318,4.6975,0
2023-01-22,Snacks,West,120,1133,4.645714285714286,1
2023-01-23,Beverages,North,77,575,5.1066666666666665,1
2023-01-23,Beverages,South,23,358,4.626666666666667,0
2023-01-23,Beverages,West,37,467,4.09,0
2023-01-23,Dairy,North,596,5289,5.095625,1
2023-01-23,Dairy,South,640,5673,5.301714285714286,1
2023-01-23,Dairy,West,563,5027,5.4763636363636365,1
2023-01-23,Instant Food,North,330,2102,4.748461538461539,1
2023-01-23,Instant Food,South,267,1572,5.593,1
2023-01-23,Instant Food,West,281,2010,5.454285714285715,1
2023-01-23,Snacks,North,140,1377,5.992222222222222,1
2023-01-23,Snacks,South,130,1118,5.241250000000001,1
2023-01-23,Snacks,West,188,1622,5.886666666666667,1
2023-01-24,Beverages,North,32,422,2.34,0
2023-01-24,Beverages,South,33,451,3.6766666666666654,0
2023-01-24,Beverages,West,17,248,7.14,0
2023-01-24,Dairy,North,589,5330,5.198857142857143,1
2023-01-24,Dairy,South,623,5681,5.845405405405406,1
2023-01-24,Dairy,West,689,5522,5.013783783783784,1
2023-01-24,Instant Food,North,363,1998,4.843333333333333,1
2023-01-24,Instant Food,South,249,1775,5.607499999999999,1
2023-01-24,Instant Food,West,254,2092,5.922307692307692,1
2023-01-24,Snacks,North,145,1360,4.358888888888888,0
2023-01-24,Snacks,South,129,1309,4.96625,0
2023-01-24,Snacks,West,121,1161,5.485,0
2023-01-25,Beverages,North,52,612,7.753333333333333,1
2023-01-25,Beverages,South,42,481,4.489999999999999,0
2023-01-25,Beverages,West,21,210,5.085,1
2023-01-25,Dairy,North,633,5374,5.885294117647058,1
2023-01-25,Dairy,South,552,4771,4.996666666666667,1
2023-01-25,Dairy,West,632,5393,5.994999999999999,1
2023-01-25,Instant Food,North,295,2271,5.2335714285714285,1
2023-01-25,Instant Food,South,286,2179,5.380769230769231,0
2023-01-25,Instant Food,West,319,2136,4.291666666666667,1
2023-01-25,Snacks,North,175,1411,5.8225,1
2023-01-25,Snacks,South,95,627,4.426,1
2023-01-25,Snacks,West,146,1189,5.997142857142857,0
2023-01-26,Beverages,North,45,467,7.553333333333334,0
2023-01-26,Beverages,South,40,456,7.116666666666667,0
2023-01-26,Beverages,West,22,315,2.77,0
2023-01-26,Dairy,North,639,5400,5.911428571428572,1
2023-01-26,Dairy,South,570,5456,5.208648648648649,1
2023-01-26,Dairy,West,626,5685,5.57054054054054,1
2023-01-26,Instant Food,North,324,2163,4.175714285714286,1
2023-01-26,Instant Food,South,333,1853,5.904615384615385,1
2023-01-26,Instant Food,West,257,2110,5.482142857142857,0
2023-01-26,Snacks,North,99,807,3.72,1
2023-01-26,Snacks,South,157,1303,5.66625,1
2023-01-26,Snacks,West,279,1464,5.79875,1
2023-01-27,Beverages,North,62,577,5.5,1
2023-01-27,Beverages,South,53,314,4.355,1
2023-01-27,Beverages,West,34,468,4.6466666666666665,0
2023-01-27,Dairy,North,649,5276,5.250909090909091,1
2023-01-27,Dairy,South,614,4937,4.967741935483871,1
2023-01-27,Dairy,West,632,5451,4.906176470588235,1
2023-01-27,Instant Food,North,220,1831,5.440909090909091,1
2023-01-27,Instant Food,South,273,1968,3.646363636363637,1
2023-01-27,Instant Food,West,274,2149,5.506428571428572,1
2023-01-27,Snacks,North,171,1332,5.9,1
2023-01-27,Snacks,South,135,1205,5.26625,1
2023-01-27,Snacks,West,133,1127,4.39625,0
2023-01-28,Beverages,North,41,487,2.335,0
2023-01-28,Beverages,South,27,338,7.563333333333333,0
2023-01-28,Beverages,West,60,586,4.253333333333333,1
2023-01-28,Dairy,North,490,4227,4.441111111111111,1
2023-01-28,Dairy,South,720,5757,5.192857142857143,1
2023-01-28,Dairy,West,614,5213,5.086060606060606,1
2023-01-28,Instant Food,North,217,1618,4.310833333333333,1
2023-01-28,Instant Food,South,260,2108,5.878333333333334,0
2023-01-28,Instant Food,West,263,2258,5.157857142857144,0
2023-01-28,Snacks,North,96,973,3.95625,1
2023-01-28,Snacks,South,138,1333,5.085,0
2023-01-28,Snacks,West,153,1214,5.258571428571429,1
2023-01-29,Beverages,North,40,572,5.723333333333334,0
2023-01-29,Beverages,South,82,510,8.71,1
2023-01-29,Beverages,West,23,292,4.325,0
2023-01-29,Dairy,North,612,5342,5.611875,1
2023-01-29,Dairy,South,579,4803,5.806451612903226,1
2023-01-29,Dairy,West,568,4864,4.8116666666666665,1
2023-01-29,Instant Food,North,267,2017,6.099230769230768,1
2023-01-29,Instant Food,South,286,1980,5.099166666666666,1
2023-01-29,Instant Food,West,323,2145,5.42,1
2023-01-29,Snacks,North,122,1169,4.596666666666668,1
2023-01-29,Snacks,South,172,1153,6.437142857142858,1
2023-01-29,Snacks,West,142,1340,5.671428571428572,0
2023-01-30,Beverages,North,43,371,6.386666666666667,1
2023-01-30,Beverages,South,53,549,5.989999999999999,0
2023-01-30,Beverages,West,86,486,3.8899999999999992,1
2023-01-30,Dairy,North,631,5757,4.954285714285715,1
2023-01-30,Dairy,South,602,5230,5.672571428571429,1
2023-01-30,Dairy,West,553,5120,5.386060606060607,1
2023-01-30,Instant Food,North,361,2249,6.448333333333334,1
2023-01-30,Instant Food,South,208,1656,4.504545454545455,1
2023-01-30,Instant Food,West,242,1807,5.244615384615385,1
2023-01-30,Snacks,North,151,1445,5.235555555555555,0
2023-01-30,Snacks,South,111,1147,5.05,1
2023-01-30,Snacks,West,150,1230,5.41625,1
2023-01-31,Beverages,North,39,422,6.563333333333333,0
2023-01-31,Beverages,South,39,582,5.213333333333334,0
2023-01-31,Beverages,West,40,321,2.88,1
2023-01-31,Dairy,North,623,5468,5.672424242424242,1
2023-01-31,Dairy,South,575,4826,4.889666666666667,1
2023-01-31,Dairy,West,656,5400,4.912121212121212,1
2023-01-31,Instant Food,North,375,2752,5.891428571428572,1
2023-01-31,Instant Food,South,224,1713,5.894545454545455,1
2023-01-31,Instant Food,West,272,1762,5.348999999999999,1
2023-01-31,Snacks,North,181,1788,4.727777777777778,0
2023-01-31,Snacks,South,99,988,5.708333333333333,0
2023-01-31,Snacks,West,97,1010,5.212,0
2023-02-01,Beverages,North,22,206,5.53,0
2023-02-01,Beverages,South,20,262,6.565,0
2023-02-01,Beverages,West,47,434,3.81,0
2023-02-01,Dairy,North,511,3635,4.954444444444444,1
2023-02-01,Dairy,South,671,4634,4.81448275862069,1
2023-02-01,Dairy,West,670,5249,5.885882352941176,1
2023-02-01,Instant Food,North,290,1820,5.415384615384616,1
2023-02-01,Instant Food,South,390,2042,5.110833333333333,1
2023-02-01,Instant Food,West,346,2593,4.745333333333334,1
2023-02-01,Snacks,North,132,1083,3.89,1
2023-02-01,Snacks,South,169,1580,4.41625,0
2023-02-01,Snacks,West,157,1029,6.333333333333333,1
2023-02-02,Beverages,North,39,485,3.716666666666667,0
2023-02-02,Beverages,South,42,579,5.056666666666667,0
2023-02-02,Beverages,West,18,154,2.6,0
2023-02-02,Dairy,North,595,4603,5.251666666666667,1
2023-02-02,Dairy,South,957,5856,5.426176470588236,1
2023-02-02,Dairy,West,690,5408,4.9905405405405405,1
2023-02-02,Instant Food,North,325,2032,5.064615384615385,1
2023-02-02,Instant Food,South,338,1785,5.398461538461539,1
2023-02-02,Instant Food,West,294,2115,5.146923076923077,1
2023-02-02,Snacks,North,101,852,4.506666666666667,1
2023-02-02,Snacks,South,144,1216,5.612857142857144,1
2023-02-02,Snacks,West,195,1269,5.072857142857143,1
2023-02-03,Beverages,North,42,529,3.82,0
2023-02-03,Beverages,South,44,324,3.415,1
2023-02-03,Beverages,West,42,484,7.890000000000001,0
2023-02-03,Dairy,North,757,5148,5.164838709677419,1
2023-02-03,Dairy,South,782,5874,5.221666666666667,1
2023-02-03,Dairy,West,683,5679,5.497777777777777,1
2023-02-03,Instant Food,North,380,2306,4.401333333333333,1
2023-02-03,Instant Food,South,357,2235,5.315384615384615,1
2023-02-03,Instant Food,West,323,2307,5.317857142857143,1
2023-02-03,Snacks,North,126,1345,4.69875,0
2023-02-03,Snacks,South,105,969,4.945,0
2023-02-03,Snacks,West,156,1192,6.4875,1
2023-02-04,Beverages,North,35,340,5.04,0
2023-02-04,Beverages,South,12,116,7.84,0
2023-02-04,Beverages,West,26,319,2.43,0
2023-02-04,Dairy,North,694,5191,4.92375,1
2023-02-04,Dairy,South,688,5257,5.609999999999999,1
2023-02-04,Dairy,West,604,4715,4.7321875,1
2023-02-04,Instant Food,North,328,2300,5.904285714285714,1
2023-02-04,Instant Food,South,452,2772,4.986428571428571,1
2023-02-04,Instant Food,West,238,1716,5.33,0
2023-02-04,Snacks,North,210,1454,5.963333333333334,1
2023-02-04,Snacks,South,111,959,4.903333333333333,1
2023-02-04,Snacks,West,148,1428,5.475,0
2023-02-05,Beverages,North,17,155,4.65,0
2023-02-05,Beverages,South,55,567,4.013333333333334,0
2023-02-05,Beverages,West,20,274,4.455,0
2023-02-05,Dairy,North,750,5334,5.326,1
2023-02-05,Dairy,South,694,5350,4.7546875,1
2023-02-05,Dairy,West,707,5048,5.125,1
2023-02-05,Instant Food,North,258,1902,5.909230769230769,1
2023-02-05,Instant Food,South,336,2296,4.778571428571429,1
2023-02-05,Instant Food,West,276,1935,5.393846153846154,1
2023-02-05,Snacks,North,144,1038,3.494285714285714,1
2023-02-05,Snacks,South,174,1654,6.726666666666667,1
2023-02-05,Snacks,West,216,1722,5.625,1
2023-02-06,Beverages,North,35,426,4.343333333333334,0
2023-02-06,Beverages,South,48,369,3.6766666666666654,1
2023-02-06,Beverages,West,41,385,4.736666666666666,0
2023-02-06,Dairy,North,761,5309,4.8264516129032256,1
2023-02-06,Dairy,South,764,5257,4.838857142857143,1
2023-02-06,Dairy,West,838,6222,5.134444444444444,1
2023-02-06,Instant Food,North,344,2312,4.75,1
2023-02-06,Instant Food,South,336,1958,6.225384615384614,1
2023-02-06,Instant Food,West,281,1946,5.355384615384616,1
2023-02-06,Snacks,North,190,1400,5.08375,1
2023-02-06,Snacks,South,140,1217,5.695,0
2023-02-06,Snacks,West,77,798,5.395,0
2023-02-07,Beverages,North,50,320,5.916666666666667,1
2023-02-07,Beverages,South,49,403,7.566666666666666,1
2023-02-07,Beverages,West,39,342,7.705,0
2023-02-07,Dairy,North,615,4832,5.5525806451612905,1
2023-02-07,Dairy,South,658,4577,5.494516129032259,1
2023-02-07,Dairy,West,739,5127,5.763125,1
2023-02-07,Instant Food,North,357,2472,5.267333333333334,1
2023-02-07,Instant Food,South,381,2326,5.776,1
2023-02-07,Instant Food,West,362,2280,6.095,1
2023-02-07,Snacks,North,151,1266,5.344444444444445,0
2023-02-07,Snacks,South,203,1133,6.735714285714286,1
2023-02-07,Snacks,West,180,1428,4.42875,1
2023-02-08,Beverages,North,21,279,6.53,0
2023-02-08,Beverages,South,51,549,4.42,0
2023-02-08,Beverages,West,57,475,3.49,1
2023-02-08,Dairy,North,740,5699,5.368378378378378,1
2023-02-08,Dairy,South,708,5078,5.589142857142857,1
2023-02-08,Dairy,West,652,5106,4.615666666666667,1
2023-02-08,Instant Food,North,393,2593,5.541428571428571,1
2023-02-08,Instant Food,South,287,1820,4.729230769230769,1
2023-02-08,Instant Food,West,364,1975,5.866363636363636,1
2023-02-08,Snacks,North,119,996,5.9,1
2023-02-08,Snacks,South,109,1048,6.0200000000000005,0
2023-02-08,Snacks,West,98,1023,3.875,0
2023-02-09,Beverages,North,77,530,3.1766666666666663,1
2023-02-09,Beverages,South,14,153,5.543333333333333,0
2023-02-09,Beverages,West,35,472,4.31,0
2023-02-09,Dairy,North,565,4533,4.581666666666666,1
2023-02-09,Dairy,South,635,4222,5.597741935483871,1
2023-02-09,Dairy,West,755,5368,5.345,1
2023-02-09,Instant Food,North,452,2625,5.588571428571428,1
2023-02-09,Instant Food,South,338,2056,4.806923076923077,1
2023-02-09,Instant Food,West,290,1891,4.491666666666667,1
2023-02-09,Snacks,North,177,1452,4.845,1
2023-02-09,Snacks,South,173,1453,5.70875,1
2023-02-09,Snacks,West,170,1464,5.157777777777778,1
2023-02-10,Beverages,North,23,269,3.325,0
2023-02-10,Beverages,South,28,293,3.87,0
2023-02-10,Beverages,West,48,490,6.073333333333333,1
2023-02-10,Dairy,North,700,4970,5.497575757575758,1
2023-02-10,Dairy,South,525,4053,5.843333333333334,1
2023-02-10,Dairy,West,550,4373,4.752,1
2023-02-10,Instant Food,North,309,1923,5.222307692307693,1
2023-02-10,Instant Food,South,369,2055,5.527692307692307,1
2023-02-10,Instant Food,West,275,1997,5.861666666666667,0
2023-02-10,Snacks,North,142,1348,5.267777777777777,1
2023-02-10,Snacks,South,175,1463,4.8244444444444445,1
2023-02-10,Snacks,West,177,1395,3.9225,1
2023-02-11,Beverages,North,18,151,2.76,0
2023-02-11,Beverages,South,61,412,6.843333333333334,1
2023-02-11,Beverages,West,20,268,7.595000000000001,0
2023-02-11,Dairy,North,761,5521,5.7945714285714285,1
2023-02-11,Dairy,South,713,4842,5.321290322580645,1
2023-02-11,Dairy,West,693,5171,5.207272727272727,1
2023-02-11,Instant Food,North,368,2427,5.499333333333333,1
2023-02-11,Instant Food,South,239,1549,4.993636363636363,1
2023-02-11,Instant Food,West,264,1870,5.266363636363637,0
2023-02-11,Snacks,North,123,1135,6.659999999999999,1
2023-02-11,Snacks,South,137,994,4.823333333333333,1
2023-02-11,Snacks,West,135,1104,4.95125,1
2023-02-12,Beverages,North,58,652,6.126666666666668,0
2023-02-12,Beverages,South,86,516,5.766666666666667,1
2023-02-12,Beverages,West,39,506,3.863333333333333,0
2023-02-12,Dairy,North,651,5197,5.566176470588236,1
2023-02-12,Dairy,South,680,5322,5.05,1
2023-02-12,Dairy,West,757,4993,5.3740625,1
2023-02-12,Instant Food,North,246,1410,4.59,1
2023-02-12,Instant Food,South,298,2099,5.618666666666667,1
2023-02-12,Instant Food,West,337,1987,5.219166666666666,1
2023-02-12,Snacks,North,143,1391,5.70625,0
2023-02-12,Snacks,South,151,1475,5.275,0
2023-02-12,Snacks,West,171,1382,5.934444444444444,1
2023-02-13,Beverages,North,60,506,7.513333333333333,0
2023-02-13,Beverages,South,30,397,3.8333333333333335,0
2023-02-13,Beverages,West,19,222,2.74,0
2023-02-13,Dairy,North,719,5584,5.089090909090909,1
2023-02-13,Dairy,South,751,5979,5.052162162162162,1
2023-02-13,Dairy,West,626,4770,5.100625,1
2023-02-13,Instant Food,North,482,2439,4.976666666666666,1
2023-02-13,Instant Food,South,322,2148,5.342307692307693,1
2023-02-13,Instant Food,West,315,2152,5.2775,1
2023-02-13,Snacks,North,203,1230,5.411111111111111,1
2023-02-13,Snacks,South,256,1316,5.12375,1
2023-02-13,Snacks,West,140,1496,5.005555555555556,0
2023-02-14,Beverages,North,30,301,3.945,0
2023-02-14,Beverages,South,40,399,5.763333333333333,1
2023-02-14,Beverages,West,33,368,3.283333333333333,0
2023-02-14,Dairy,North,711,5263,5.591724137931035,1
2023-02-14,Dairy,South,815,5910,5.311999999999999,1
2023-02-14,Dairy,West,878,5840,4.391714285714286,1
2023-02-14,Instant Food,North,196,1549,4.982,0
2023-02-14,Instant Food,South,315,2275,4.75,0
2023-02-14,Instant Food,West,273,2004,5.96,0
2023-02-14,Snacks,North,161,1197,5.214285714285714,1
2023-02-14,Snacks,South,146,1212,5.1475,1
2023-02-14,Snacks,West,155,1216,6.06875,1
2023-02-15,Beverages,North,22,235,4.77,0
2023-02-15,Beverages,South,55,463,6.156666666666666,1
2023-02-15,Beverages,West,29,262,8.02,1
2023-02-15,Dairy,North,735,5230,5.683548387096774,1
2023-02-15,Dairy,South,809,5801,4.833030303030303,1
2023-02-15,Dairy,West,755,4768,5.492758620689655,1
2023-02-15,Instant Food,North,415,2596,5.057142857142857,1
2023-02-15,Instant Food,South,371,2822,4.451428571428571,0
2023-02-15,Instant Food,West,335,1998,5.452500000000001,1
2023-02-15,Snacks,North,160,1443,6.374444444444445,1
2023-02-15,Snacks,South,154,1122,5.8625,1
2023-02-15,Snacks,West,108,979,6.117142857142857,1
2023-02-16,Beverages,North,50,583,4.966666666666668,0
2023-02-16,Beverages,South,43,477,5.163333333333334,0
2023-02-16,Beverages,West,53,577,5.78,0
2023-02-16,Dairy,North,869,5727,5.162424242424243,1
2023-02-16,Dairy,South,722,5649,5.578285714285714,1
2023-02-16,Dairy,West,830,5353,5.341875,1
2023-02-16,Instant Food,North,299,2132,4.783076923076923,1
2023-02-16,Instant Food,South,290,2162,6.050000000000001,0
2023-02-16,Instant Food,West,322,2030,6.147692307692308,1
2023-02-16,Snacks,North,174,1440,4.446666666666666,1
2023-02-16,Snacks,South,104,1067,5.921250000000001,0
2023-02-16,Snacks,West,121,1081,4.19125,1
2023-02-17,Beverages,North,15,142,2.29,0
2023-02-17,Beverages,South,41,415,6.725,0
2023-02-17,Beverages,West,52,297,5.173333333333333,1
2023-02-17,Dairy,North,715,5215,5.392058823529412,1
2023-02-17,Dairy,South,837,5897,5.245,1
2023-02-17,Dairy,West,901,5818,5.117714285714285,1
2023-02-17,Instant Food,North,340,2112,5.651538461538461,1
2023-02-17,Instant Food,South,332,1858,6.41,1
2023-02-17,Instant Food,West,351,2400,4.595333333333333,1
2023-02-17,Snacks,North,136,1157,6.65375,1
2023-02-17,Snacks,South,165,1279,4.50375,1
2023-02-17,Snacks,West,116,1133,4.906666666666666,1
2023-02-18,Beverages,North,31,328,2.0933333333333333,0
2023-02-18,Beverages,South,36,339,2.25,0
2023-02-18,Beverages,West,51,413,8.535,0
2023-02-18,Dairy,North,775,5197,5.4951428571428576,1
2023-02-18,Dairy,South,806,6081,4.95888888888889,1
2023-02-18,Dairy,West,630,4777,5.129032258064516,1
2023-02-18,Instant Food,North,500,2758,5.110666666666666,1
2023-02-18,Instant Food,South,280,2057,4.09,1
2023-02-18,Instant Food,West,299,1838,5.129090909090909,1
2023-02-18,Snacks,North,133,1410,4.575,0
2023-02-18,Snacks,South,262,1925,5.711666666666666,1
2023-02-18,Snacks,West,151,1560,4.891,1
2023-02-19,Beverages,North,53,547,4.05,0
2023-02-19,Beverages,South,37,312,4.18,1
2023-02-19,Beverages,West,21,183,7.775,0
2023-02-19,Dairy,North,760,5451,4.822571428571428,1
2023-02-19,Dairy,South,706,5161,5.324705882352941,1
2023-02-19,Dairy,West,736,5605,5.0063157894736845,1
2023-02-19,Instant Food,North,197,1601,4.891818181818182,0
2023-02-19,Instant Food,South,304,1936,4.498333333333334,1
2023-02-19,Instant Food,West,244,1525,4.746363636363636,1
2023-02-19,Snacks,North,195,1443,4.944444444444445,1
2023-02-19,Snacks,South,191,1776,5.2491666666666665,1
2023-02-19,Snacks,West,194,1396,5.446,1
2023-02-20,Beverages,North,32,365,4.62,0
2023-02-20,Beverages,South,45,502,6.683333333333334,0
2023-02-20,Beverages,West,45,422,5.63,0
2023-02-20,Dairy,North,683,5221,5.530909090909091,1
2023-02-20,Dairy,South,653,4889,4.625588235294118,1
2023-02-20,Dairy,West,679,5077,5.37735294117647,1
2023-02-20,Instant Food,North,293,2011,5.094285714285715,1
2023-02-20,Instant Food,South,341,1949,5.3707142857142856,1
2023-02-20,Instant Food,West,300,2203,5.667692307692308,0
2023-02-20,Snacks,North,155,1532,4.025555555555556,1
2023-02-20,Snacks,South,280,2029,5.852727272727273,1
2023-02-20,Snacks,West,158,1506,5.538888888888889,1
2023-02-21,Beverages,North,30,251,7.26,1
2023-02-21,Beverages,South,35,343,7.263333333333333,0
2023-02-21,Beverages,West,19,223,4.16,0
2023-02-21,Dairy,North,626,4814,4.614545454545454,1
2023-02-21,Dairy,South,684,4353,5.196206896551724,1
2023-02-21,Dairy,West,790,5542,5.028333333333333,1
2023-02-21,Instant Food,North,333,1947,5.003076923076923,1
2023-02-21,Instant Food,South,355,2010,5.380769230769231,1
2023-02-21,Instant Food,West,267,1938,5.116153846153846,1
2023-02-21,Snacks,North,204,1604,3.786,1
2023-02-21,Snacks,South,210,1971,5.710833333333333,0
2023-02-21,Snacks,West,207,1803,6.699090909090909,1
2023-02-22,Beverages,North,47,472,2.9033333333333338,0
2023-02-22,Beverages,South,48,456,5.23,1
2023-02-22,Beverages,West,42,468,2.8433333333333333,0
2023-02-22,Dairy,North,691,5837,4.936285714285715,1
2023-02-22,Dairy,South,776,5573,5.621428571428571,1
2023-02-22,Dairy,West,738,5349,4.645882352941177,1
2023-02-22,Instant Food,North,298,1940,5.62,0
2023-02-22,Instant Food,South,352,2105,4.399230769230769,1
2023-02-22,Instant Food,West,412,2385,4.930000000000001,1
2023-02-22,Snacks,North,136,1483,5.532,1
2023-02-22,Snacks,South,183,1516,6.562,1
2023-02-22,Snacks,West,146,1268,5.488,1
2023-02-23,Beverages,North,42,530,5.2700000000000005,0
2023-02-23,Beverages,South,30,314,7.695,0
2023-02-23,Beverages,West,56,380,6.44,1
2023-02-23,Dairy,North,632,5069,5.607741935483871,1
2023-02-23,Dairy,South,551,4575,4.974333333333333,1
2023-02-23,Dairy,West,767,5439,5.526944444444444,1
2023-02-23,Instant Food,North,347,2244,6.853571428571429,1
2023-02-23,Instant Food,South,509,2648,5.0633333333333335,1
2023-02-23,Instant Food,West,340,2154,5.006428571428572,1
2023-02-23,Snacks,North,125,1426,5.648,0
2023-02-23,Snacks,South,225,1991,5.858333333333333,1
2023-02-23,Snacks,West,177,1508,3.919,1
2023-02-24,Beverages,North,49,513,6.010000000000001,0
2023-02-24,Beverages,South,22,337,6.125,0
2023-02-24,Beverages,West,24,243,4.195,0
2023-02-24,Dairy,North,787,5905,5.292222222222223,1
2023-02-24,Dairy,South,703,5215,5.156969696969697,1
2023-02-24,Dairy,West,663,5321,5.745405405405406,1
2023-02-24,Instant Food,North,292,1919,4.935833333333334,1
2023-02-24,Instant Food,South,361,2190,5.9192857142857145,1
2023-02-24,Instant Food,West,371,2160,5.473333333333334,1
2023-02-24,Snacks,North,161,1424,5.684444444444445,1
2023-02-24,Snacks,South,198,1646,4.919,1
2023-02-24,Snacks,West,193,1321,5.983,1
2023-02-25,Beverages,North,51,591,4.8933333333333335,1
2023-02-25,Beverages,South,28,307,3.73,0
2023-02-25,Beverages,West,74,495,5.523333333333333,1
2023-02-25,Dairy,North,841,5166,5.693055555555556,1
2023-02-25,Dairy,South,741,5652,6.055454545454546,1
2023-02-25,Dairy,West,865,6614,5.56027027027027,1
2023-02-25,Instant Food,North,356,2261,6.052857142857143,1
2023-02-25,Instant Food,South,291,1873,5.703333333333333,1
2023-02-25,Instant Food,West,210,1410,6.2700000000000005,1
2023-02-25,Snacks,North,187,1655,5.805833333333333,1
2023-02-25,Snacks,South,179,1719,5.309,1
2023-02-25,Snacks,West,212,1694,5.521818181818182,1
2023-02-26,Beverages,North,36,300,7.2,1
2023-02-26,Beverages,South,50,551,3.25,0
2023-02-26,Beverages,West,21,180,2.63,0
2023-02-26,Dairy,North,708,4768,5.169032258064516,1
2023-02-26,Dairy,South,630,5031,5.474838709677419,1
2023-02-26,Dairy,West,709,5329,5.038,1
2023-02-26,Instant Food,North,341,2105,6.0441666666666665,1
2023-02-26,Instant Food,South,401,2374,6.1033333333333335,1
2023-02-26,Instant Food,West,332,2063,5.222142857142857,1
2023-02-26,Snacks,North,130,1235,5.085555555555555,1
2023-02-26,Snacks,South,218,2043,6.03,1
2023-02-26,Snacks,West,196,1442,5.797272727272728,1
2023-02-27,Beverages,North,68,619,3.6766666666666654,0
2023-02-27,Beverages,South,56,412,5.463333333333334,1
2023-02-27,Beverages,West,38,529,6.353333333333334,0
2023-02-27,Dairy,North,614,4569,5.39741935483871,1
2023-02-27,Dairy,South,800,5920,5.232285714285714,1
2023-02-27,Dairy,West,584,4774,5.72,1
2023-02-27,Instant Food,North,335,2435,4.959333333333333,1
2023-02-27,Instant Food,South,355,2190,5.087857142857144,1
2023-02-27,Instant Food,West,423,2524,5.7821428571428575,1
2023-02-27,Snacks,North,183,1656,6.6866666666666665,1
2023-02-27,Snacks,South,186,1842,5.494000000000001,0
2023-02-27,Snacks,West,245,1819,5.434444444444444,1
2023-02-28,Beverages,North,45,489,6.865,0
2023-02-28,Beverages,South,43,395,5.466666666666666,0
2023-02-28,Beverages,West,29,324,2.48,0
2023-02-28,Dairy,North,833,5903,4.517714285714286,1
2023-02-28,Dairy,South,631,4639,5.490357142857143,1
2023-02-28,Dairy,West,762,4968,5.044705882352941,1
2023-02-28,Instant Food,North,310,2013,6.193571428571429,1
2023-02-28,Instant Food,South,284,1748,5.964,1
2023-02-28,Instant Food,West,326,1879,5.513076923076923,1
2023-02-28,Snacks,North,209,1655,5.447777777777778,1
2023-02-28,Snacks,South,175,1464,5.52888888888889,1
2023-02-28,Snacks,West,246,2146,4.915,1
2023-03-01,Beverages,North,39,316,7.6,0
2023-03-01,Beverages,South,71,545,4.71,0
2023-03-01,Beverages,West,96,541,4.823333333333334,1
2023-03-01,Dairy,North,878,5293,5.197647058823529,1
2023-03-01,Dairy,South,831,5083,4.996571428571428,1
2023-03-01,Dairy,West,744,5159,5.81875,1
2023-03-01,Instant Food,North,331,2237,4.08,1
2023-03-01,Instant Food,South,289,2130,5.766153846153846,0
2023-03-01,Instant Food,West,262,1924,5.627692307692308,1
2023-03-01,Snacks,North,176,1419,4.444,1
2023-03-01,Snacks,South,225,1721,4.815833333333333,1
2023-03-01,Snacks,West,193,1404,4.482222222222223,1
2023-03-02,Beverages,North,71,452,5.323333333333333,1
2023-03-02,Beverages,South,62,358,7.465,1
2023-03-02,Beverages,West,69,334,4.116666666666666,1
2023-03-02,Dairy,North,655,4804,5.59,1
2023-03-02,Dairy,South,791,5066,4.862258064516129,1
2023-03-02,Dairy,West,651,4874,4.5225,1
2023-03-02,Instant Food,North,330,1763,4.623076923076923,1
2023-03-02,Instant Food,South,282,1620,6.672499999999999,1
2023-03-02,Instant Food,West,300,2121,4.523846153846154,0
2023-03-02,Snacks,North,128,1230,4.9575000000000005,1
2023-03-02,Snacks,South,176,1466,4.764,1
2023-03-02,Snacks,West,157,1257,4.6425,1
2023-03-03,Beverages,North,57,397,6.253333333333334,1
2023-03-03,Beverages,South,78,472,3.82,1
2023-03-03,Beverages,West,48,303,5.305,1
2023-03-03,Dairy,North,879,5993,5.381176470588236,1
2023-03-03,Dairy,South,679,4834,5.526,1
2023-03-03,Dairy,West,903,5690,5.308333333333334,1
2023-03-03,Instant Food,North,285,1869,5.133076923076923,1
2023-03-03,Instant Food,South,311,2122,5.593076923076923,1
2023-03-03,Instant Food,West,354,2175,3.997857142857143,1
2023-03-03,Snacks,North,187,1582,5.869,1
2023-03-03,Snacks,South,232,1902,5.550833333333333,1
2023-03-03,Snacks,West,118,914,5.45,1
2023-03-04,Beverages,North,48,487,6.823333333333333,0
2023-03-04,Beverages,South,48,401,6.273333333333333,1
2023-03-04,Beverages,West,65,406,5.195,1
2023-03-04,Dairy,North,710,5000,5.060882352941176,1
2023-03-04,Dairy,South,647,4311,5.381034482758621,1
2023-03-04,Dairy,West,749,5139,5.273225806451613,1
2023-03-04,Instant Food,North,383,2485,5.529285714285714,1
2023-03-04,Instant Food,South,400,2343,4.382857142857143,1
2023-03-04,Instant Food,West,400,2189,4.973571428571428,1
2023-03-04,Snacks,North,199,1775,5.840833333333333,1
2023-03-04,Snacks,South,131,1376,5.14,0
2023-03-04,Snacks,West,193,1761,6.149,1
2023-03-05,Beverages,North,23,239,3.785,0
2023-03-05,Beverages,South,42,599,4.306666666666667,0
2023-03-05,Beverages,West,49,469,4.86,0
2023-03-05,Dairy,North,697,4649,4.496666666666667,1
2023-03-05,Dairy,South,588,3759,5.251379310344827,1
2023-03-05,Dairy,West,608,4569,5.8517241379310345,1
2023-03-05,Instant Food,North,330,2153,5.600769230769231,1
2023-03-05,Instant Food,South,254,1987,5.78923076923077,0
2023-03-05,Instant Food,West,215,1610,5.977272727272728,1
2023-03-05,Snacks,North,164,1467,6.228,1
2023-03-05,Snacks,South,193,1820,4.8308333333333335,0
2023-03-05,Snacks,West,304,1879,4.704166666666667,1
2023-03-06,Beverages,North,29,261,6.494999999999999,0
2023-03-06,Beverages,South,32,353,3.745,0
2023-03-06,Beverages,West,75,555,6.1933333333333325,1
2023-03-06,Dairy,North,814,4823,4.668709677419354,1
2023-03-06,Dairy,South,827,5302,5.395,1
2023-03-06,Dairy,West,807,5721,5.523636363636364,1
2023-03-06,Instant Food,North,283,1970,5.668181818181818,0
2023-03-06,Instant Food,South,377,2381,4.814666666666667,1
2023-03-06,Instant Food,West,306,2018,4.326,1
2023-03-06,Snacks,North,307,1796,3.657,1
2023-03-06,Snacks,South,174,1605,5.1866666666666665,0
2023-03-06,Snacks,West,259,1934,3.825454545454545,1
2023-03-07,Beverages,North,77,351,7.4,1
2023-03-07,Beverages,South,50,536,6.173333333333333,0
2023-03-07,Beverages,West,45,564,5.696666666666666,0
2023-03-07,Dairy,North,739,5298,4.829714285714285,1
2023-03-07,Dairy,South,784,5148,5.7665625,1
2023-03-07,Dairy,West,720,4600,4.584666666666666,1
2023-03-07,Instant Food,North,307,2130,5.765714285714286,1
2023-03-07,Instant Food,South,173,1442,5.017,0
2023-03-07,Instant Food,West,299,1915,4.571666666666666,1
2023-03-07,Snacks,North,286,1625,5.3625,1
2023-03-07,Snacks,South,217,1489,5.536,1
2023-03-07,Snacks,West,171,1590,5.221818181818182,0
2023-03-08,Beverages,North,67,529,5.273333333333333,0
2023-03-08,Beverages,South,76,612,3.98,0
2023-03-08,Beverages,West,47,409,3.1,0
2023-03-08,Dairy,North,777,4796,5.437,1
2023-03-08,Dairy,South,681,4645,5.691935483870967,1
2023-03-08,Dairy,West,824,5201,5.041176470588235,1
2023-03-08,Instant Food,North,258,1835,5.490909090909091,1
2023-03-08,Instant Food,South,310,2078,5.13,1
2023-03-08,Instant Food,West,362,1963,5.523846153846154,1
2023-03-08,Snacks,North,220,1969,5.442,0
2023-03-08,Snacks,South,250,1589,4.648,1
2023-03-08,Snacks,West,251,1828,4.2508333333333335,1
2023-03-09,Beverages,North,96,472,6.73,1
2023-03-09,Beverages,South,38,408,3.88,0
2023-03-09,Beverages,West,41,366,6.956666666666667,0
2023-03-09,Dairy,North,836,4841,5.464375,1
2023-03-09,Dairy,South,717,4607,4.800357142857143,1
2023-03-09,Dairy,West,874,5591,4.645277777777777,1
2023-03-09,Instant Food,North,221,1780,4.803333333333334,1
2023-03-09,Instant Food,South,413,2331,5.703571428571428,1
2023-03-09,Instant Food,West,329,2379,5.245,0
2023-03-09,Snacks,North,118,1196,4.61125,0
2023-03-09,Snacks,South,202,1642,6.063000000000001,1
2023-03-09,Snacks,West,239,1673,6.49,1
2023-03-10,Beverages,North,87,504,5.333333333333333,1
2023-03-10,Beverages,South,43,432,6.556666666666668,0
2023-03-10,Beverages,West,51,341,4.49,1
2023-03-10,Dairy,North,736,4808,5.306333333333333,1
2023-03-10,Dairy,South,726,5297,5.195294117647059,1
2023-03-10,Dairy,West,762,4936,4.86090909090909,1
2023-03-10,Instant Food,North,345,2007,5.509230769230769,1
2023-03-10,Instant Food,South,480,2607,5.294666666666667,1
2023-03-10,Instant Food,West,347,2022,4.37,1
2023-03-10,Snacks,North,192,1691,5.582727272727272,1
2023-03-10,Snacks,South,262,1580,4.503,1
2023-03-10,Snacks,West,195,1543,4.583333333333333,1
2023-03-11,Beverages,North,70,593,5.933333333333333,0
2023-03-11,Beverages,South,43,447,7.36,0
2023-03-11,Beverages,West,58,483,3.9766666666666666,1
2023-03-11,Dairy,North,857,5304,5.3966666666666665,1
2023-03-11,Dairy,South,949,4892,6.048235294117647,1
2023-03-11,Dairy,West,790,4780,4.856,1
2023-03-11,Instant Food,North,377,2474,6.032,1
2023-03-11,Instant Food,South,277,1875,5.868333333333333,0
2023-03-11,Instant Food,West,241,1782,4.621666666666667,1
2023-03-11,Snacks,North,133,1090,5.634285714285714,0
2023-03-11,Snacks,South,238,1507,4.515555555555555,1
2023-03-11,Snacks,West,211,1362,4.135,1
2023-03-12,Beverages,North,55,506,5.37,0
2023-03-12,Beverages,South,56,394,5.683333333333334,1
2023-03-12,Beverages,West,86,596,6.8,0
2023-03-12,Dairy,North,894,5551,5.233888888888888,1
2023-03-12,Dairy,South,1084,6136,5.068823529411765,1
2023-03-12,Dairy,West,1014,6131,5.824146341463415,1
2023-03-12,Instant Food,North,380,2186,5.005,1
2023-03-12,Instant Food,South,304,2220,4.516428571428572,1
2023-03-12,Instant Food,West,318,2087,5.609166666666667,1
2023-03-12,Snacks,North,247,1804,4.212727272727273,1
2023-03-12,Snacks,South,203,1573,4.601999999999999,1
2023-03-12,Snacks,West,282,1849,5.433333333333334,1
2023-03-13,Beverages,North,23,286,3.733333333333334,0
2023-03-13,Beverages,South,68,510,4.773333333333333,1
2023-03-13,Beverages,West,36,382,5.1466666666666665,0
2023-03-13,Dairy,North,868,5607,5.674571428571428,1
2023-03-13,Dairy,South,760,5190,4.988709677419355,1
2023-03-13,Dairy,West,790,5857,5.619166666666667,1
2023-03-13,Instant Food,North,171,1221,5.665555555555556,1
2023-03-13,Instant Food,South,267,2009,4.545,1
2023-03-13,Instant Food,West,346,2175,4.885,1
2023-03-13,Snacks,North,298,2128,4.986666666666667,1
2023-03-13,Snacks,South,192,1523,6.288,1
2023-03-13,Snacks,West,201,1356,5.243333333333333,1
2023-03-14,Beverages,North,44,445,4.7700000000000005,0
2023-03-14,Beverages,South,27,292,7.376666666666668,0
2023-03-14,Beverages,West,65,548,6.016666666666667,1
2023-03-14,Dairy,North,772,5596,5.338235294117647,1
2023-03-14,Dairy,South,994,6319,5.32625,1
2023-03-14,Dairy,West,1043,6223,5.175405405405406,1
2023-03-14,Instant Food,North,205,1389,5.397272727272727,1
2023-03-14,Instant Food,South,298,2264,5.488,1
2023-03-14,Instant Food,West,377,2262,4.836153846153847,1
2023-03-14,Snacks,North,159,1224,5.375,1
2023-03-14,Snacks,South,261,2028,3.929090909090909,1
2023-03-14,Snacks,West,187,1434,5.036666666666666,1
2023-03-15,Beverages,North,30,335,6.88,0
2023-03-15,Beverages,South,64,609,7.326666666666667,0
2023-03-15,Beverages,West,50,494,6.9,0
2023-03-15,Dairy,North,845,5649,5.463333333333333,1
2023-03-15,Dairy,South,757,5680,5.402368421052631,1
2023-03-15,Dairy,West,826,5579,5.304054054054054,1
2023-03-15,Instant Food,North,319,2190,5.465,1
2023-03-15,Instant Food,South,313,2280,5.403846153846154,1
2023-03-15,Instant Food,West,233,2010,5.966666666666666,0
2023-03-15,Snacks,North,255,1619,6.009,1
2023-03-15,Snacks,South,232,1541,5.193333333333333,1
2023-03-15,Snacks,West,207,1387,5.163333333333333,1
2023-03-16,Beverages,North,41,460,6.223333333333334,0
2023-03-16,Beverages,South,31,247,3.49,0
2023-03-16,Beverages,West,57,388,7.783333333333334,1
2023-03-16,Dairy,North,834,6014,5.182972972972974,1
2023-03-16,Dairy,South,755,4625,4.818529411764706,1
2023-03-16,Dairy,West,714,4994,5.82258064516129,1
2023-03-16,Instant Food,North,303,2111,4.409230769230769,1
2023-03-16,Instant Food,South,266,2044,4.275714285714286,0
2023-03-16,Instant Food,West,313,1888,4.846923076923077,1
2023-03-16,Snacks,North,150,1146,6.4037500000000005,1
2023-03-16,Snacks,South,174,1448,4.803,1
2023-03-16,Snacks,West,222,1624,5.532,1
2023-03-17,Beverages,North,47,452,5.086666666666667,0
2023-03-17,Beverages,South,26,231,3.775,0
2023-03-17,Beverages,West,23,239,5.355,0
2023-03-17,Dairy,North,682,5263,5.048666666666667,1
2023-03-17,Dairy,South,615,4263,4.844375,1
2023-03-17,Dairy,West,869,6321,4.644736842105263,1
2023-03-17,Instant Food,North,337,1931,4.8725,1
2023-03-17,Instant Food,South,338,2042,6.090714285714285,1
2023-03-17,Instant Food,West,317,2160,4.797142857142857,1
2023-03-17,Snacks,North,211,1568,5.358181818181818,1
2023-03-17,Snacks,South,172,1236,6.13125,1
2023-03-17,Snacks,West,223,1711,4.907272727272727,1
2023-03-18,Beverages,North,43,251,4.91,1
2023-03-18,Beverages,South,55,528,4.673333333333333,0
2023-03-18,Beverages,West,48,409,5.476666666666667,0
2023-03-18,Dairy,North,850,5458,4.782727272727273,1
2023-03-18,Dairy,South,691,5098,4.95625,1
2023-03-18,Dairy,West,814,5209,5.5134375,1
2023-03-18,Instant Food,North,282,1663,5.105714285714286,1
2023-03-18,Instant Food,South,295,2047,6.415384615384616,0
2023-03-18,Instant Food,West,320,2063,6.1325,1
2023-03-18,Snacks,North,181,1338,5.09375,1
2023-03-18,Snacks,South,189,1985,4.514166666666667,0
2023-03-18,Snacks,West,147,1295,5.817777777777778,1
2023-03-19,Beverages,North,33,395,7.383333333333333,0
2023-03-19,Beverages,South,9,100,8.24,0
2023-03-19,Beverages,West,71,492,2.7099999999999995,1
2023-03-19,Dairy,North,844,5344,5.671891891891892,1
2023-03-19,Dairy,South,801,4964,5.6866666666666665,1
2023-03-19,Dairy,West,802,5355,5.051666666666666,1
2023-03-19,Instant Food,North,305,2236,4.720833333333333,0
2023-03-19,Instant Food,South,289,1962,4.535384615384616,1
2023-03-19,Instant Food,West,282,1977,5.199333333333333,1
2023-03-19,Snacks,North,198,1471,5.73,1
2023-03-19,Snacks,South,127,1157,5.824285714285714,0
2023-03-19,Snacks,West,168,1524,5.014,1
2023-03-20,Beverages,North,52,425,3.4,0
2023-03-20,Beverages,South,51,460,5.676666666666667,0
2023-03-20,Beverages,West,54,389,5.035,1
2023-03-20,Dairy,North,914,6014,5.66225,1
2023-03-20,Dairy,South,852,6155,5.705897435897436,1
2023-03-20,Dairy,West,809,6244,5.013783783783784,1
2023-03-20,Instant Food,North,358,2050,5.795833333333333,1
2023-03-20,Instant Food,South,248,1494,5.239999999999999,1
2023-03-20,Instant Food,West,405,2732,6.0633333333333335,1
2023-03-20,Snacks,North,241,1771,5.242,1
2023-03-20,Snacks,South,189,1328,5.928,1
2023-03-20,Snacks,West,191,1780,4.315833333333333,0
2023-03-21,Beverages,North,39,357,7.16,0
2023-03-21,Beverages,South,53,418,7.435,0
2023-03-21,Beverages,West,44,326,5.085,1
2023-03-21,Dairy,North,860,5679,5.189722222222223,1
2023-03-21,Dairy,South,893,5727,5.453333333333333,1
2023-03-21,Dairy,West,855,5527,5.439117647058824,1
2023-03-21,Instant Food,North,292,2018,5.94923076923077,1
2023-03-21,Instant Food,South,315,1997,5.32,1
2023-03-21,Instant Food,West,304,2072,6.332307692307693,1
2023-03-21,Snacks,North,177,1422,5.8525,1
2023-03-21,Snacks,South,129,1172,5.7625,1
2023-03-21,Snacks,West,245,1723,4.309,1
2023-03-22,Beverages,North,94,591,4.456666666666666,1
2023-03-22,Beverages,South,66,550,5.14,0
2023-03-22,Beverages,West,120,604,5.98,1
2023-03-22,Dairy,North,753,5432,4.866875,1
2023-03-22,Dairy,South,949,6051,5.28974358974359,1
2023-03-22,Dairy,West,872,5617,5.210857142857143,1
2023-03-22,Instant Food,North,334,2071,5.054166666666666,1
2023-03-22,Instant Food,South,437,2599,4.932142857142857,1
2023-03-22,Instant Food,West,347,1933,6.322500000000001,1
2023-03-22,Snacks,North,214,1805,5.720909090909091,1
2023-03-22,Snacks,South,262,1377,5.121111111111111,1
2023-03-22,Snacks,West,143,1226,4.3375,1
2023-03-23,Beverages,North,30,337,5.76,0
2023-03-23,Beverages,South,23,94,5.36,1
2023-03-23,Beverages,West,28,249,8.02,0
2023-03-23,Dairy,North,864,5379,4.5696875,1
2023-03-23,Dairy,South,764,5394,5.457142857142857,1
2023-03-23,Dairy,West,749,5479,5.037837837837838,1
2023-03-23,Instant Food,North,357,2380,5.264666666666667,1
2023-03-23,Instant Food,South,367,2414,5.078666666666667,1
2023-03-23,Instant Food,West,322,2237,5.267692307692308,1
2023-03-23,Snacks,North,184,1690,4.8275,1
2023-03-23,Snacks,South,161,1407,4.826363636363636,1
2023-03-23,Snacks,West,225,1729,4.339090909090909,1
2023-03-24,Beverages,North,34,346,4.8933333333333335,1
2023-03-24,Beverages,South,42,483,4.636666666666667,0
2023-03-24,Beverages,West,57,484,3.2133333333333334,0
2023-03-24,Dairy,North,798,5445,5.064411764705882,1
2023-03-24,Dairy,South,875,5913,4.489999999999999,1
2023-03-24,Dairy,West,1009,6506,5.16390243902439,1
2023-03-24,Instant Food,North,313,1759,4.703,1
2023-03-24,Instant Food,South,235,1728,4.9825,1
2023-03-24,Instant Food,West,257,1681,5.07,1
2023-03-24,Snacks,North,149,1546,4.9670000000000005,0
2023-03-24,Snacks,South,187,1379,4.587777777777777,1
2023-03-24,Snacks,West,274,1932,4.784166666666667,1
2023-03-25,Beverages,North,64,431,4.656666666666666,1
2023-03-25,Beverages,South,37,388,2.68,0
2023-03-25,Beverages,West,69,442,4.976666666666667,1
2023-03-25,Dairy,North,807,5263,4.777941176470588,1
2023-03-25,Dairy,South,1098,7171,5.368,1
2023-03-25,Dairy,West,891,5880,4.850285714285714,1
2023-03-25,Instant Food,North,200,1505,5.69,0
2023-03-25,Instant Food,South,287,2170,5.601428571428571,0
2023-03-25,Instant Food,West,304,2251,5.263333333333334,1
2023-03-25,Snacks,North,142,1257,5.495555555555556,0
2023-03-25,Snacks,South,181,1521,5.326,0
2023-03-25,Snacks,West,235,1787,5.672499999999999,1
2023-03-26,Beverages,North,83,569,6.25,1
2023-03-26,Beverages,South,98,424,4.19,1
2023-03-26,Beverages,West,33,309,5.88,0
2023-03-26,Dairy,North,870,5816,4.724285714285714,1
2023-03-26,Dairy,South,926,6015,5.125277777777778,1
2023-03-26,Dairy,West,851,5734,5.419714285714286,1
2023-03-26,Instant Food,North,375,2158,5.077333333333333,1
2023-03-26,Instant Food,South,267,1781,5.805454545454546,1
2023-03-26,Instant Food,West,295,1814,5.397272727272727,1
2023-03-26,Snacks,North,181,1743,4.824545454545454,1
2023-03-26,Snacks,South,231,1727,4.1875,1
2023-03-26,Snacks,West,219,1679,5.411,1
2023-03-27,Beverages,North,53,434,5.036666666666666,0
2023-03-27,Beverages,South,16,159,8.78,0
2023-03-27,Beverages,West,66,513,4.446666666666666,1
2023-03-27,Dairy,North,987,6125,4.89025641025641,1
2023-03-27,Dairy,South,776,5091,5.267941176470589,1
2023-03-27,Dairy,West,772,4997,4.675625,1
2023-03-27,Instant Food,North,257,1856,5.05,1
2023-03-27,Instant Food,South,427,2522,4.890714285714286,1
2023-03-27,Instant Food,West,304,1893,4.898333333333333,1
2023-03-27,Snacks,North,165,1567,5.461111111111111,0
2023-03-27,Snacks,South,184,1344,4.54875,1
2023-03-27,Snacks,West,133,1236,5.4,1
2023-03-28,Beverages,North,22,238,2.473333333333333,0
2023-03-28,Beverages,South,34,255,5.994999999999999,0
2023-03-28,Beverages,West,34,330,3.686666666666667,1
2023-03-28,Dairy,North,837,6015,5.923055555555555,1
2023-03-28,Dairy,South,743,5236,5.3475,1
2023-03-28,Dairy,West,890,6186,5.838108108108107,1
2023-03-28,Instant Food,North,239,1687,5.764545454545455,1
2023-03-28,Instant Food,South,315,2118,5.14,1
2023-03-28,Instant Food,West,336,2165,5.59909090909091,1
2023-03-28,Snacks,North,221,1525,6.311,1
2023-03-28,Snacks,South,202,1515,5.43,1
2023-03-28,Snacks,West,190,1526,5.222222222222222,1
2023-03-29,Beverages,North,59,533,4.793333333333333,0
2023-03-29,Beverages,South,40,303,4.523333333333333,0
2023-03-29,Beverages,West,54,551,6.376666666666668,0
2023-03-29,Dairy,North,762,5532,5.5205714285714285,1
2023-03-29,Dairy,South,919,5574,5.478823529411764,1
2023-03-29,Dairy,West,875,5989,5.35361111111111,1
2023-03-29,Instant Food,North,259,1737,6.185833333333334,1
2023-03-29,Instant Food,South,427,2127,4.762307692307693,1
2023-03-29,Instant Food,West,289,2046,5.62,0
2023-03-29,Snacks,North,219,2093,5.914545454545455,1
2023-03-29,Snacks,South,106,1042,4.56875,0
2023-03-29,Snacks,West,203,1628,5.48,1
2023-03-30,Beverages,North,44,400,3.71,0
2023-03-30,Beverages,South,36,294,5.57,0
2023-03-30,Beverages,West,30,234,2.4133333333333336,1
2023-03-30,Dairy,North,721,5205,5.78969696969697,1
2023-03-30,Dairy,South,864,5206,5.114594594594595,1
2023-03-30,Dairy,West,905,6060,5.450263157894736,1
2023-03-30,Instant Food,North,222,1555,5.513,1
2023-03-30,Instant Food,South,437,2706,5.627142857142857,1
2023-03-30,Instant Food,West,321,2000,4.714166666666666,1
2023-03-30,Snacks,North,237,1706,5.799090909090909,1
2023-03-30,Snacks,South,233,1974,4.754166666666666,0
2023-03-30,Snacks,West,224,1739,5.685555555555556,1
2023-03-31,Beverages,North,35,319,5.2,0
2023-03-31,Beverages,South,35,371,4.78,0
2023-03-31,Beverages,West,73,569,4.933333333333334,1
2023-03-31,Dairy,North,1063,6302,5.058108108108108,1
2023-03-31,Dairy,South,880,5866,5.442972972972973,1
2023-03-31,Dairy,West,923,5869,5.523142857142857,1
2023-03-31,Instant Food,North,290,2067,5.248571428571429,1
2023-03-31,Instant Food,South,284,2127,6.533333333333333,1
2023-03-31,Instant Food,West,322,1978,5.953846153846154,1
2023-03-31,Snacks,North,157,1373,5.28125,0
2023-03-31,Snacks,South,298,2168,5.286666666666666,1
2023-03-31,Snacks,West,209,1440,5.4375,1
2023-04-01,Beverages,North,101,512,6.41,1
2023-04-01,Beverages,South,28,242,7.27,0
2023-04-01,Beverages,West,43,434,4.425,0
2023-04-01,Dairy,North,975,6242,5.263513513513513,1
2023-04-01,Dairy,South,845,5246,5.450882352941177,1
2023-04-01,Dairy,West,890,5267,4.4925,1
2023-04-01,Instant Food,North,230,1607,6.453636363636364,1
2023-04-01,Instant Food,South,394,2539,5.756666666666666,1
2023-04-01,Instant Food,West,264,1801,4.4225,1
2023-04-01,Snacks,North,272,2058,5.37,1
2023-04-01,Snacks,South,229,1452,5.457,1
2023-04-01,Snacks,West,248,1556,5.542727272727273,1
2023-04-02,Beverages,North,72,515,5.853333333333334,1
2023-04-02,Beverages,South,43,483,5.823333333333333,0
2023-04-02,Beverages,West,58,289,4.205,1
2023-04-02,Dairy,North,911,5619,4.296666666666667,1
2023-04-02,Dairy,South,912,5506,5.43235294117647,1
2023-04-02,Dairy,West,723,5042,4.932285714285714,1
2023-04-02,Instant Food,North,278,1818,4.729230769230769,1
2023-04-02,Instant Food,South,274,1962,5.755454545454546,1
2023-04-02,Instant Food,West,262,1744,4.536363636363636,1
2023-04-02,Snacks,North,152,1445,5.223333333333333,0
2023-04-02,Snacks,South,103,952,4.6466666666666665,0
2023-04-02,Snacks,West,206,1549,4.608888888888889,1
2023-04-03,Beverages,North,34,320,5.67,0
2023-04-03,Beverages,South,47,376,4.3933333333333335,0
2023-04-03,Beverages,West,35,388,7.163333333333333,0
2023-04-03,Dairy,North,895,5472,4.714411764705882,1
2023-04-03,Dairy,South,1023,6432,5.562631578947368,1
2023-04-03,Dairy,West,1158,6824,5.297,1
2023-04-03,Instant Food,North,288,1984,5.46909090909091,1
2023-04-03,Instant Food,South,219,1705,5.501666666666666,0
2023-04-03,Instant Food,West,260,1837,4.583846153846154,1
2023-04-03,Snacks,North,225,1759,6.247272727272727,1
2023-04-03,Snacks,South,208,1816,5.782727272727272,1
2023-04-03,Snacks,West,248,1946,4.009166666666666,1
2023-04-04,Beverages,North,49,408,5.455,0
2023-04-04,Beverages,South,41,233,5.26,1
2023-04-04,Beverages,West,85,572,6.2,1
2023-04-04,Dairy,North,954,5898,5.131538461538462,1
2023-04-04,Dairy,South,869,5838,5.665945945945946,1
2023-04-04,Dairy,West,979,6242,5.329444444444444,1
2023-04-04,Instant Food,North,207,1640,5.616363636363636,0
2023-04-04,Instant Food,South,260,1888,5.826666666666667,1
2023-04-04,Instant Food,West,343,2602,5.797333333333333,1
2023-04-04,Snacks,North,263,1997,5.034545454545455,1
2023-04-04,Snacks,South,227,1806,6.446666666666666,1
2023-04-04,Snacks,West,316,1800,4.848000000000001,1
2023-04-05,Beverages,North,38,318,5.906666666666666,0
2023-04-05,Beverages,South,59,403,7.545,0
2023-04-05,Beverages,West,92,617,4.786666666666666,0
2023-04-05,Dairy,North,987,6345,4.757105263157895,1
2023-04-05,Dairy,South,944,6234,5.142045454545454,1
2023-04-05,Dairy,West,875,5983,5.377441860465116,1
2023-04-05,Instant Food,North,281,2031,5.151666666666666,1
2023-04-05,Instant Food,South,317,2110,5.812857142857142,1
2023-04-05,Instant Food,West,187,1705,4.398,1
2023-04-05,Snacks,North,184,1843,5.41090909090909,1
2023-04-05,Snacks,South,196,1334,6.1530000000000005,1
2023-04-05,Snacks,West,214,1718,4.933636363636364,1
2023-04-06,Beverages,North,46,349,6.169999999999999,1
2023-04-06,Beverages,South,52,578,4.123333333333334,0
2023-04-06,Beverages,West,37,273,6.756666666666667,1
2023-04-06,Dairy,North,1098,6921,5.402444444444445,1
2023-04-06,Dairy,South,950,6566,4.933333333333334,1
2023-04-06,Dairy,West,923,6311,5.427179487179487,1
2023-04-06,Instant Food,North,349,2219,4.581538461538462,1
2023-04-06,Instant Food,South,227,1453,6.672222222222223,1
2023-04-06,Instant Food,West,206,1687,5.795454545454546,0
2023-04-06,Snacks,North,180,1412,4.943333333333333,1
2023-04-06,Snacks,South,232,1907,4.920909090909091,0
2023-04-06,Snacks,West,208,1749,3.896363636363637,1
2023-04-07,Beverages,North,83,400,4.616666666666666,1
2023-04-07,Beverages,South,11,111,7.09,0
2023-04-07,Beverages,West,74,415,3.7266666666666666,1
2023-04-07,Dairy,North,835,5915,4.838461538461538,1
2023-04-07,Dairy,South,935,6090,5.684871794871795,1
2023-04-07,Dairy,West,904,6485,5.1066666666666665,1
2023-04-07,Instant Food,North,240,1585,4.536,1
2023-04-07,Instant Food,South,351,2517,6.679333333333333,1
2023-04-07,Instant Food,West,249,1698,5.093,1
2023-04-07,Snacks,North,333,2114,5.34,1
2023-04-07,Snacks,South,152,1260,5.124444444444444,0
2023-04-07,Snacks,West,198,1675,5.318181818181818,0
2023-04-08,Beverages,North,67,498,6.23,0
2023-04-08,Beverages,South,87,698,4.076666666666666,0
2023-04-08,Beverages,West,61,481,6.473333333333334,0
2023-04-08,Dairy,North,1021,7007,5.562558139534883,1
2023-04-08,Dairy,South,1028,6676,5.1325641025641024,1
2023-04-08,Dairy,West,1098,6498,4.953809523809523,1
2023-04-08,Instant Food,North,242,1594,5.277857142857143,1
2023-04-08,Instant Food,South,277,1902,5.176363636363636,1
2023-04-08,Instant Food,West,270,2103,5.0906666666666665,1
2023-04-08,Snacks,North,189,1431,5.391111111111112,1
2023-04-08,Snacks,South,255,1462,4.306666666666667,1
2023-04-08,Snacks,West,174,1472,6.118181818181818,1
2023-04-09,Beverages,North,74,509,4.246666666666667,1
2023-04-09,Beverages,South,39,316,4.365,0
2023-04-09,Beverages,West,39,251,6.83,0
2023-04-09,Dairy,North,1111,6913,5.494285714285714,1
2023-04-09,Dairy,South,892,6337,4.535500000000001,1
2023-04-09,Dairy,West,944,6499,5.895384615384615,1
2023-04-09,Instant Food,North,318,2447,6.076428571428572,0
2023-04-09,Instant Food,South,340,2250,5.382307692307692,1
2023-04-09,Instant Food,West,210,1598,5.32,0
2023-04-09,Snacks,North,217,1385,6.234444444444445,1
2023-04-09,Snacks,South,183,1670,5.0744444444444445,0
2023-04-09,Snacks,West,157,1477,5.2309090909090905,1
2023-04-10,Beverages,North,50,453,7.663333333333333,0
2023-04-10,Beverages,South,62,481,6.353333333333333,0
2023-04-10,Beverages,West,45,365,4.136666666666667,0
2023-04-10,Dairy,North,1044,7159,5.246046511627907,1
2023-04-10,Dairy,South,1123,6944,5.655,1
2023-04-10,Dairy,West,1049,6769,5.257560975609756,1
2023-04-10,Instant Food,North,319,2038,4.326153846153846,1
2023-04-10,Instant Food,South,271,2214,5.387142857142857,0
2023-04-10,Instant Food,West,334,2439,5.753333333333333,1
2023-04-10,Snacks,North,256,1984,4.530909090909091,1
2023-04-10,Snacks,South,191,1467,5.396,1
2023-04-10,Snacks,West,148,1288,5.5425,1
2023-04-11,Beverages,North,59,510,4.54,0
2023-04-11,Beverages,South,38,144,4.12,1
2023-04-11,Beverages,West,40,351,5.575,0
2023-04-11,Dairy,North,989,6712,5.351627906976744,1
2023-04-11,Dairy,South,907,5596,5.320810810810811,1
2023-04-11,Dairy,West,958,6287,5.271904761904762,1
2023-04-11,Instant Food,North,247,1750,4.560833333333333,1
2023-04-11,Instant Food,South,290,2241,4.24,1
2023-04-11,Instant Food,West,236,1759,5.884285714285714,1
2023-04-11,Snacks,North,233,1800,5.837,0
2023-04-11,Snacks,South,211,1591,5.675,1
2023-04-11,Snacks,West,243,1800,5.267272727272727,1
2023-04-12,Beverages,North,60,544,5.1066666666666665,0
2023-04-12,Beverages,South,67,508,5.653333333333333,0
2023-04-12,Beverages,West,53,362,2.1466666666666665,0
2023-04-12,Dairy,North,774,5733,5.5487179487179485,1
2023-04-12,Dairy,South,895,6714,5.524761904761904,1
2023-04-12,Dairy,West,910,7121,5.065333333333333,1
2023-04-12,Instant Food,North,235,1879,5.517692307692308,1
2023-04-12,Instant Food,South,196,1563,4.308,1
2023-04-12,Instant Food,West,298,1966,4.2700000000000005,1
2023-04-12,Snacks,North,266,1813,5.408333333333334,1
2023-04-12,Snacks,South,152,1299,5.4,1
2023-04-12,Snacks,West,201,1529,4.647,1
2023-04-13,Beverages,North,88,480,4.873333333333334,1
2023-04-13,Beverages,South,45,321,6.615,1
2023-04-13,Beverages,West,39,326,5.22,0
2023-04-13,Dairy,North,897,6235,5.328095238095238,1
2023-04-13,Dairy,South,963,6921,5.535,1
2023-04-13,Dairy,West,1010,6945,5.196666666666667,1
2023-04-13,Instant Food,North,272,2033,5.296923076923077,1
2023-04-13,Instant Food,South,251,2125,5.513571428571429,1
2023-04-13,Instant Food,West,265,2103,4.058333333333334,0
2023-04-13,Snacks,North,206,1552,5.573,1
2023-04-13,Snacks,South,167,992,5.8575,1
2023-04-13,Snacks,West,75,748,6.648571428571429,0
2023-04-14,Beverages,North,32,148,4.98,1
2023-04-14,Beverages,South,77,446,2.74,0
2023-04-14,Beverages,West,80,567,4.163333333333333,0
2023-04-14,Dairy,North,1086,7392,5.2825,1
2023-04-14,Dairy,South,935,6395,5.141190476190476,1
2023-04-14,Dairy,West,1181,7202,5.571162790697675,1
2023-04-14,Instant Food,North,252,1829,5.691666666666666,0
2023-04-14,Instant Food,South,365,2462,5.532857142857144,1
2023-04-14,Instant Food,West,243,1881,6.1909090909090905,1
2023-04-14,Snacks,North,292,1940,5.230833333333334,1
2023-04-14,Snacks,South,223,1757,4.800909090909091,0
2023-04-14,Snacks,West,177,1424,4.935555555555556,1
2023-04-15,Beverages,North,57,575,5.19,0
2023-04-15,Beverages,South,140,626,8.653333333333334,1
2023-04-15,Beverages,West,49,270,6.72,1
2023-04-15,Dairy,North,818,5947,5.752820512820513,1
2023-04-15,Dairy,South,883,6447,4.556428571428572,1
2023-04-15,Dairy,West,924,6716,5.4511627906976745,1
2023-04-15,Instant Food,North,311,2288,5.533571428571428,1
2023-04-15,Instant Food,South,243,1967,4.596923076923077,0
2023-04-15,Instant Food,West,262,1891,5.7092857142857145,1
2023-04-15,Snacks,North,199,1557,5.985555555555556,0
2023-04-15,Snacks,South,224,1695,5.529,1
2023-04-15,Snacks,West,129,893,4.065714285714286,1
2023-04-16,Beverages,North,45,492,4.776666666666666,0
2023-04-16,Beverages,South,32,257,6.54,0
2023-04-16,Dairy,North,1026,7192,5.901395348837209,1
2023-04-16,Dairy,South,910,6798,5.243571428571428,1
2023-04-16,Dairy,West,1020,6388,5.214651162790697,1
2023-04-16,Instant Food,North,303,2123,5.278571428571428,1
2023-04-16,Instant Food,South,188,1441,5.457272727272727,1
2023-04-16,Instant Food,West,287,1834,6.3,1
2023-04-16,Snacks,North,340,1868,5.8808333333333325,1
2023-04-16,Snacks,South,232,1511,4.977777777777778,1
2023-04-16,Snacks,West,178,1304,5.989,0
2023-04-17,Beverages,North,81,562,3.16,0
2023-04-17,Beverages,South,136,606,6.98,1
2023-04-17,Beverages,West,62,350,5.903333333333333,1
2023-04-17,Dairy,North,919,7326,4.739302325581395,1
2023-04-17,Dairy,South,982,7237,5.635217391304349,1
2023-04-17,Dairy,West,1047,6981,5.546585365853659,1
2023-04-17,Instant Food,North,274,1959,3.8233333333333337,1
2023-04-17,Instant Food,South,317,1884,5.43,1
2023-04-17,Instant Food,West,241,1805,4.756666666666667,1
2023-04-17,Snacks,North,241,1864,5.286363636363636,1
2023-04-17,Snacks,South,281,1780,5.678181818181819,1
2023-04-17,Snacks,West,250,1804,5.571,1
2023-04-18,Beverages,North,40,361,4.116666666666666,0
2023-04-18,Beverages,South,31,204,6.86,0
2023-04-18,Beverages,West,82,387,4.573333333333333,1
2023-04-18,Dairy,North,1079,7023,5.818,1
2023-04-18,Dairy,South,892,6356,5.403409090909091,1
2023-04-18,Dairy,West,1039,6860,5.5455813953488375,1
2023-04-18,Instant Food,North,273,2291,6.097857142857143,1
2023-04-18,Instant Food,South,329,2489,5.192666666666667,1
2023-04-18,Instant Food,West,216,1740,5.398333333333333,1
2023-04-18,Snacks,North,308,1873,5.220833333333333,1
2023-04-18,Snacks,South,207,1238,5.609999999999999,1
2023-04-18,Snacks,West,281,1685,5.004545454545454,1
2023-04-19,Beverages,North,55,341,6.785,1
2023-04-19,Beverages,South,40,369,6.29,0
2023-04-19,Beverages,West,53,380,6.533333333333334,0
2023-04-19,Dairy,North,948,6535,5.724883720930232,1
2023-04-19,Dairy,South,943,6778,4.781951219512195,1
2023-04-19,Dairy,West,1040,7101,5.13047619047619,1
2023-04-19,Instant Food,North,297,2064,4.576153846153846,1
2023-04-19,Instant Food,South,156,1174,5.071111111111112,1
2023-04-19,Instant Food,West,331,2091,5.616666666666667,1
2023-04-19,Snacks,North,261,1423,4.38,1
2023-04-19,Snacks,South,284,1894,5.461818181818182,1
2023-04-19,Snacks,West,190,1325,5.4557142857142855,1
2023-04-20,Beverages,North,63,593,4.683333333333334,0
2023-04-20,Beverages,South,67,497,5.38,0
2023-04-20,Beverages,West,48,325,6.625,0
2023-04-20,Dairy,North,929,6973,4.736511627906977,1
2023-04-20,Dairy,South,1034,7061,5.555555555555555,1
2023-04-20,Dairy,West,1234,7990,4.878936170212766,1
2023-04-20,Instant Food,North,338,2290,4.9957142857142856,1
2023-04-20,Instant Food,South,291,2192,4.95,1
2023-04-20,Instant Food,West,290,2146,4.8075,1
2023-04-20,Snacks,North,317,2357,4.929230769230769,1
2023-04-20,Snacks,South,239,1663,5.675833333333333,1
2023-04-20,Snacks,West,316,2208,6.059285714285714,1
2023-04-21,Beverages,North,105,583,5.203333333333333,1
2023-04-21,Beverages,South,68,485,4.32,1
2023-04-21,Beverages,West,26,202,3.545,0
2023-04-21,Dairy,North,993,6559,5.421162790697675,1
2023-04-21,Dairy,South,962,6513,4.743636363636363,1
2023-04-21,Dairy,West,1153,7269,5.2908888888888885,1
2023-04-21,Instant Food,North,284,2100,5.21,1
2023-04-21,Instant Food,South,253,1878,5.3525,1
2023-04-21,Instant Food,West,275,1894,5.6125,1
2023-04-21,Snacks,North,374,2348,5.6273333333333335,1
2023-04-21,Snacks,South,326,2360,6.673333333333333,1
2023-04-21,Snacks,West,314,1952,4.590833333333333,1
2023-04-22,Beverages,North,29,260,5.395,0
2023-04-22,Beverages,South,33,351,6.615,0
2023-04-22,Beverages,West,68,386,4.456666666666667,1
2023-04-22,Dairy,North,947,6849,4.971951219512195,1
2023-04-22,Dairy,South,1056,6712,5.83909090909091,1
2023-04-22,Dairy,West,1060,7030,5.581739130434783,1
2023-04-22,Instant Food,North,280,2091,5.583571428571429,1
2023-04-22,Instant Food,South,184,1372,5.303333333333334,1
2023-04-22,Instant Food,West,288,2119,5.302307692307693,1
2023-04-22,Snacks,North,230,1821,4.930909090909091,1
2023-04-22,Snacks,South,239,2015,5.204615384615384,0
2023-04-22,Snacks,West,311,2327,5.595,1
2023-04-23,Beverages,North,37,311,6.18,0
2023-04-23,Beverages,South,102,395,3.55,1
2023-04-23,Beverages,West,53,436,5.075,0
2023-04-23,Dairy,North,1005,6814,5.424888888888889,1
2023-04-23,Dairy,South,885,6443,5.900952380952381,1
2023-04-23,Dairy,West,1107,7075,4.761818181818182,1
2023-04-23,Instant Food,North,301,2082,6.465384615384616,0
2023-04-23,Instant Food,South,276,2029,5.656923076923078,1
2023-04-23,Instant Food,West,316,1962,4.735384615384616,1
2023-04-23,Snacks,North,314,2446,5.880714285714285,1
2023-04-23,Snacks,South,269,2530,4.615333333333334,0
2023-04-23,Snacks,West,321,2134,4.662307692307692,1
2023-04-24,Beverages,North,23,246,5.37,0
2023-04-24,Beverages,South,50,376,2.8600000000000003,0
2023-04-24,Beverages,West,41,336,6.4350000000000005,0
2023-04-24,Dairy,North,979,7147,5.74625,1
2023-04-24,Dairy,South,1042,6405,5.13075,1
2023-04-24,Dairy,West,1009,6266,5.845000000000001,1
2023-04-24,Instant Food,North,188,1357,4.593999999999999,1
2023-04-24,Instant Food,South,323,2087,5.54,1
2023-04-24,Instant Food,West,306,2289,5.2784615384615385,1
2023-04-24,Snacks,North,256,2235,5.5371428571428565,0
2023-04-24,Snacks,South,301,2081,5.312857142857142,1
2023-04-24,Snacks,West,312,2277,4.973846153846154,1
2023-04-25,Beverages,North,61,451,4.6466666666666665,0
2023-04-25,Beverages,South,18,172,5.115,0
2023-04-25,Beverages,West,32,311,4.4350000000000005,0
2023-04-25,Dairy,North,935,7109,5.603720930232559,1
2023-04-25,Dairy,South,1053,6710,5.14953488372093,1
2023-04-25,Dairy,West,1072,7550,5.659375,1
2023-04-25,Instant Food,North,299,2212,4.447692307692308,1
2023-04-25,Instant Food,South,296,1983,5.884615384615385,1
2023-04-25,Instant Food,West,340,2074,4.53923076923077,1
2023-04-25,Snacks,North,279,2007,4.525,1
2023-04-25,Snacks,South,209,1579,4.523000000000001,0
2023-04-25,Snacks,West,264,2116,4.326153846153846,1
2023-04-26,Beverages,North,55,416,5.43,0
2023-04-26,Beverages,South,97,386,6.515,1
2023-04-26,Beverages,West,30,326,6.315,0
2023-04-26,Dairy,North,965,6876,4.57,1
2023-04-26,Dairy,South,1246,7681,5.195106382978723,1
2023-04-26,Dairy,West,1042,7001,5.466744186046512,1
2023-04-26,Instant Food,North,258,1856,5.346363636363636,0
2023-04-26,Instant Food,South,272,2071,4.6,1
2023-04-26,Instant Food,West,340,2554,5.602142857142858,1
2023-04-26,Snacks,North,272,1899,4.855,1
2023-04-26,Snacks,South,160,1338,5.378888888888889,0
2023-04-26,Snacks,West,466,2467,5.206,1
2023-04-27,Beverages,North,14,140,2.665,1
2023-04-27,Beverages,South,63,491,6.726666666666667,0
2023-04-27,Beverages,West,98,581,6.46,1
2023-04-27,Dairy,North,924,6680,5.24953488372093,1
2023-04-27,Dairy,South,1037,7006,5.486304347826087,1
2023-04-27,Dairy,West,1152,7350,5.283333333333333,1
2023-04-27,Instant Food,North,246,1897,5.001666666666666,1
2023-04-27,Instant Food,South,235,1694,6.038181818181818,1
2023-04-27,Instant Food,West,321,2123,5.513076923076923,1
2023-04-27,Snacks,North,253,1960,4.714615384615384,1
2023-04-27,Snacks,South,219,1725,5.2683333333333335,1
2023-04-27,Snacks,West,272,1873,5.184166666666667,1
2023-04-28,Beverages,North,65,458,6.496666666666666,0
2023-04-28,Beverages,South,66,537,6.213333333333334,0
2023-04-28,Beverages,West,54,430,5.653333333333333,0
2023-04-28,Dairy,North,1152,7779,5.191276595744681,1
2023-04-28,Dairy,South,982,6916,5.582222222222222,1
2023-04-28,Dairy,West,960,7273,5.052978723404255,1
2023-04-28,Instant Food,North,213,1537,4.805454545454546,1
2023-04-28,Instant Food,South,238,1540,5.573,1
2023-04-28,Instant Food,West,349,2329,5.526428571428572,1
2023-04-28,Snacks,North,304,2426,4.556666666666668,1
2023-04-28,Snacks,South,363,2022,4.803333333333334,1
2023-04-28,Snacks,West,472,2911,4.946666666666667,1
2023-04-29,Beverages,North,81,465,5.246666666666667,1
2023-04-29,Beverages,South,57,526,5.283333333333334,0
2023-04-29,Beverages,West,24,291,5.529999999999999,0
2023-04-29,Dairy,North,1186,7369,4.862173913043479,1
2023-04-29,Dairy,South,963,6757,4.668863636363636,1
2023-04-29,Dairy,West,836,6249,5.057317073170732,1
2023-04-29,Instant Food,North,263,1939,5.201666666666667,1
2023-04-29,Instant Food,South,294,2168,6.006428571428572,0
2023-04-29,Instant Food,West,355,2513,5.3,1
2023-04-29,Snacks,North,351,1857,6.585833333333333,1
2023-04-29,Snacks,South,249,1873,4.655384615384616,1
2023-04-29,Snacks,West,174,1572,5.614166666666667,0
2023-04-30,Beverages,North,35,249,6.015000000000001,1
2023-04-30,Beverages,South,25,201,6.2,0
2023-04-30,Beverages,West,40,342,5.25,0
2023-04-30,Dairy,North,891,6432,5.485,1
2023-04-30,Dairy,South,831,6283,5.457674418604651,1
2023-04-30,Dairy,West,789,5871,5.023589743589743,1
2023-04-30,Instant Food,North,360,2135,5.503333333333333,1
2023-04-30,Instant Food,South,304,2068,5.026428571428572,1
2023-04-30,Instant Food,West,252,2113,4.994615384615385,1
2023-04-30,Snacks,North,250,1994,5.127142857142857,0
2023-04-30,Snacks,South,310,2389,5.237333333333334,1
2023-04-30,Snacks,West,251,1493,6.020909090909091,1
2023-05-01,Beverages,North,37,264,2.605,0
2023-05-01,Beverages,South,135,501,4.296666666666667,1
2023-05-01,Beverages,West,59,253,3.345,1
2023-05-01,Dairy,North,1113,7783,4.7181632653061225,1
2023-05-01,Dairy,South,975,6912,4.995681818181819,1
2023-05-01,Dairy,West,1055,7243,5.562272727272728,1
2023-05-01,Instant Food,North,245,2155,5.407857142857142,1
2023-05-01,Instant Food,South,281,2444,5.103571428571429,0
2023-05-01,Instant Food,West,321,2431,5.608666666666666,1
2023-05-01,Snacks,North,285,1918,5.825384615384616,1
2023-05-01,Snacks,South,278,2288,5.825833333333333,1
2023-05-01,Snacks,West,350,2729,4.838666666666667,1
2023-05-02,Beverages,North,73,575,6.173333333333333,0
2023-05-02,Beverages,South,52,345,5.63,1
2023-05-02,Beverages,West,42,324,8.14,0
2023-05-02,Dairy,North,817,6016,5.421904761904762,1
2023-05-02,Dairy,South,1129,7797,5.593695652173913,1
2023-05-02,Dairy,West,921,6370,5.340487804878049,1
2023-05-02,Instant Food,North,221,1882,6.218461538461539,1
2023-05-02,Instant Food,South,319,2699,5.275333333333333,1
2023-05-02,Instant Food,West,394,2581,4.269333333333333,1
2023-05-02,Snacks,North,244,1793,5.399166666666666,1
2023-05-02,Snacks,South,360,2029,4.951538461538462,1
2023-05-02,Snacks,West,198,1421,6.631818181818182,1
2023-05-03,Beverages,North,14,80,5.35,1
2023-05-03,Beverages,South,62,410,3.8,0
2023-05-03,Beverages,West,45,276,6.945,1
2023-05-03,Dairy,North,960,6953,4.6121428571428575,1
2023-05-03,Dairy,South,989,6564,5.616428571428572,1
2023-05-03,Dairy,West,1030,7349,5.100425531914894,1
2023-05-03,Instant Food,North,260,2069,5.887857142857143,1
2023-05-03,Instant Food,South,298,2051,5.664615384615384,1
2023-05-03,Instant Food,West,221,2186,6.17,0
2023-05-03,Snacks,North,333,2355,6.425714285714285,1
2023-05-03,Snacks,South,308,2066,4.668461538461538,1
2023-05-03,Snacks,West,344,2379,4.768,1
2023-05-04,Beverages,North,130,558,5.093333333333334,1
2023-05-04,Beverages,South,82,525,4.91,0
2023-05-04,Beverages,West,65,541,4.7,0
2023-05-04,Dairy,North,1059,6705,5.250487804878049,1
2023-05-04,Dairy,South,983,6311,4.928409090909091,1
2023-05-04,Dairy,West,876,6670,5.4330232558139535,1
2023-05-04,Instant Food,North,301,2393,4.326428571428571,1
2023-05-04,Instant Food,South,241,1883,4.743333333333333,1
2023-05-04,Instant Food,West,337,2435,5.845,1
2023-05-04,Snacks,North,277,2172,5.465,1
2023-05-04,Snacks,South,290,2291,5.405,1
2023-05-04,Snacks,West,327,1935,4.685,1
2023-05-05,Beverages,North,42,365,5.4,0
2023-05-05,Beverages,South,76,472,6.78,0
2023-05-05,Beverages,West,71,548,5.113333333333333,0
2023-05-05,Dairy,North,973,6303,5.149761904761904,1
2023-05-05,Dairy,South,850,6472,5.050000000000001,1
2023-05-05,Dairy,West,841,6247,5.273255813953488,1
2023-05-05,Instant Food,North,307,2423,5.718461538461539,1
2023-05-05,Instant Food,South,228,2074,4.818333333333333,1
2023-05-05,Instant Food,West,245,2110,5.245,1
2023-05-05,Snacks,North,306,2045,5.13909090909091,1
2023-05-05,Snacks,South,419,2606,4.765,1
2023-05-05,Snacks,West,455,2392,6.216666666666667,1
2023-05-06,Beverages,North,117,430,6.37,1
2023-05-06,Beverages,South,33,234,5.885,1
2023-05-06,Beverages,West,116,678,5.08,0
2023-05-06,Dairy,North,1085,7268,4.930888888888888,1
2023-05-06,Dairy,South,1000,7000,5.069111111111112,1
2023-05-06,Dairy,West,1131,7265,5.805681818181818,1
2023-05-06,Instant Food,North,206,1891,5.909285714285715,1
2023-05-06,Instant Food,South,210,1935,5.336153846153847,0
2023-05-06,Instant Food,West,268,1805,4.546923076923077,1
2023-05-06,Snacks,North,221,1919,5.028181818181818,1
2023-05-06,Snacks,South,292,1835,4.725833333333333,1
2023-05-06,Snacks,West,341,2146,5.253571428571428,1
2023-05-07,Beverages,North,37,293,4.225,0
2023-05-07,Beverages,South,55,418,2.74,1
2023-05-07,Beverages,West,67,481,5.436666666666667,0
2023-05-07,Dairy,North,1130,7531,5.306444444444444,1
2023-05-07,Dairy,South,1228,7255,5.3576595744680855,1
2023-05-07,Dairy,West,1150,7584,5.405744680851064,1
2023-05-07,Instant Food,North,209,1859,4.464615384615384,0
2023-05-07,Instant Food,South,250,2064,5.680000000000001,1
2023-05-07,Instant Food,West,186,1581,5.636666666666667,1
2023-05-07,Snacks,North,270,1940,6.228666666666667,1
2023-05-07,Snacks,South,371,2344,5.615,1
2023-05-07,Snacks,West,306,2179,5.503571428571428,0
2023-05-08,Beverages,North,55,223,3.26,1
2023-05-08,Beverages,South,82,621,5.4433333333333325,0
2023-05-08,Beverages,West,24,201,5.44,0
2023-05-08,Dairy,North,961,6781,4.773478260869566,1
2023-05-08,Dairy,South,873,6555,5.06046511627907,1
2023-05-08,Dairy,West,795,5627,5.661944444444444,1
2023-05-08,Instant Food,North,302,2350,5.2846153846153845,1
2023-05-08,Instant Food,South,420,2495,4.991333333333333,1
2023-05-08,Instant Food,West,280,1982,4.4191666666666665,1
2023-05-08,Snacks,North,357,2087,5.630769230769231,1
2023-05-08,Snacks,South,220,1538,6.112,1
2023-05-08,Snacks,West,313,2014,5.694166666666667,1
2023-05-09,Beverages,North,142,560,4.95,1
2023-05-09,Beverages,South,74,471,4.3933333333333335,0
2023-05-09,Beverages,West,78,452,4.666666666666667,1
2023-05-09,Dairy,North,1085,7351,5.4388,1
2023-05-09,Dairy,South,981,7304,5.229583333333333,1
2023-05-09,Dairy,West,1224,7672,5.614130434782608,1
2023-05-09,Instant Food,North,214,1679,5.677499999999999,1
2023-05-09,Instant Food,South,293,2227,5.863333333333333,1
2023-05-09,Instant Food,West,196,1761,4.364166666666667,0
2023-05-09,Snacks,North,326,2299,5.847857142857143,1
2023-05-09,Snacks,South,347,2094,5.332307692307692,1
2023-05-09,Snacks,West,278,1904,5.520769230769231,1
2023-05-10,Beverages,North,50,346,4.89,0
2023-05-10,Beverages,South,61,494,4.663333333333333,0
2023-05-10,Beverages,West,44,283,7.29,0
2023-05-10,Dairy,North,1136,6534,4.907608695652174,1
2023-05-10,Dairy,South,1087,7757,5.255384615384615,1
2023-05-10,Dairy,West,1122,7557,5.290212765957446,1
2023-05-10,Instant Food,North,256,2209,5.639230769230769,1
2023-05-10,Instant Food,South,330,2301,4.323571428571428,1
2023-05-10,Instant Food,West,292,2091,4.265714285714286,1
2023-05-10,Snacks,North,224,1722,5.350833333333333,1
2023-05-10,Snacks,South,269,1879,5.341818181818183,1
2023-05-10,Snacks,West,336,2302,4.696,1
2023-05-11,Beverages,North,37,156,5.65,1
2023-05-11,Beverages,South,66,493,6.38,0
2023-05-11,Beverages,West,30,220,4.0,0
2023-05-11,Dairy,North,1004,6659,4.71046511627907,1
2023-05-11,Dairy,South,1119,6977,4.873913043478261,1
2023-05-11,Dairy,West,1019,7588,5.042040816326531,1
2023-05-11,Instant Food,North,294,1950,5.091666666666667,1
2023-05-11,Instant Food,South,317,2171,6.309230769230769,1
2023-05-11,Instant Food,West,247,1754,5.1925,1
2023-05-11,Snacks,North,277,2067,5.636923076923077,1
2023-05-11,Snacks,South,304,2271,4.443076923076923,1
2023-05-11,Snacks,West,222,1820,5.4075,1
2023-05-12,Beverages,North,68,365,2.803333333333333,1
2023-05-12,Beverages,South,47,259,2.6,0
2023-05-12,Beverages,West,66,508,3.266666666666667,1
2023-05-12,Dairy,North,1063,7744,5.384081632653061,1
2023-05-12,Dairy,South,1047,7511,5.27,1
2023-05-12,Dairy,West,920,6787,5.311702127659575,1
2023-05-12,Instant Food,North,279,2088,4.887857142857143,1
2023-05-12,Instant Food,South,365,2398,6.088461538461539,1
2023-05-12,Instant Food,West,306,2174,4.573076923076924,1
2023-05-12,Snacks,North,364,2260,5.142142857142857,1
2023-05-12,Snacks,South,266,1777,5.460909090909091,1
2023-05-12,Snacks,West,265,2026,5.048333333333333,1
2023-05-13,Beverages,North,66,464,5.1000000000000005,1
2023-05-13,Beverages,South,75,413,5.646666666666667,1
2023-05-13,Beverages,West,51,300,4.58,1
2023-05-13,Dairy,North,1135,8059,5.154400000000001,1
2023-05-13,Dairy,South,986,6795,5.220666666666667,1
2023-05-13,Dairy,West,1146,7448,5.227777777777778,1
2023-05-13,Instant Food,North,264,1804,4.473636363636364,1
2023-05-13,Instant Food,South,226,1749,5.781666666666666,1
2023-05-13,Instant Food,West,293,2178,5.504615384615385,1
2023-05-13,Snacks,North,267,2086,5.712857142857144,1
2023-05-13,Snacks,South,300,2008,4.377692307692308,1
2023-05-13,Snacks,West,257,2091,5.542307692307692,0
2023-05-14,Beverages,North,73,463,5.1066666666666665,0
2023-05-14,Beverages,South,87,467,6.466666666666666,1
2023-05-14,Beverages,West,85,495,5.7700000000000005,0
2023-05-14,Dairy,North,1093,7337,5.278095238095238,1
2023-05-14,Dairy,South,983,6971,5.841363636363636,1
2023-05-14,Dairy,West,1129,7893,4.630612244897959,1
2023-05-14,Instant Food,North,342,2330,5.831538461538462,1
2023-05-14,Instant Food,South,174,1565,5.671666666666667,1
2023-05-14,Instant Food,West,244,1848,4.922727272727273,1
2023-05-14,Snacks,North,259,2151,5.646153846153847,1
2023-05-14,Snacks,South,321,2084,5.391538461538461,1
2023-05-14,Snacks,West,290,2408,5.042857142857143,0
2023-05-15,Beverages,North,54,454,2.306666666666666,0
2023-05-15,Beverages,South,13,123,6.33,0
2023-05-15,Beverages,West,37,305,5.18,0
2023-05-15,Dairy,North,1298,8295,5.745,1
2023-05-15,Dairy,South,1085,7326,5.2632,1
2023-05-15,Dairy,West,919,7312,5.605111111111111,1
2023-05-15,Instant Food,North,293,1803,5.863846153846154,1
2023-05-15,Instant Food,South,213,1932,4.816923076923077,1
2023-05-15,Instant Food,West,301,2259,4.698571428571428,1
2023-05-15,Snacks,North,329,2219,6.189285714285715,1
2023-05-15,Snacks,South,326,1987,5.366923076923077,1
2023-05-15,Snacks,West,263,1563,5.356363636363636,1
2023-05-16,Beverages,North,0,0,2.28,0
2023-05-16,Beverages,South,70,413,3.94,0
2023-05-16,Beverages,West,62,451,4.786666666666666,0
2023-05-16,Dairy,North,994,7364,5.651458333333333,1
2023-05-16,Dairy,South,1134,7750,5.070816326530612,1
2023-05-16,Dairy,West,1100,7255,5.2578,1
2023-05-16,Instant Food,North,280,2222,4.987857142857143,1
2023-05-16,Instant Food,South,180,1645,5.077,0
2023-05-16,Instant Food,West,269,2280,5.494615384615385,1
2023-05-16,Snacks,North,253,1848,4.883636363636364,1
2023-05-16,Snacks,South,238,2061,4.743076923076924,1
2023-05-16,Snacks,West,288,1876,5.217692307692308,1
2023-05-17,Beverages,North,136,701,6.580000000000001,1
2023-05-17,Beverages,South,28,173,6.89,0
2023-05-17,Beverages,West,18,98,2.56,1
2023-05-17,Dairy,North,1151,7793,5.740416666666667,1
2023-05-17,Dairy,South,965,7173,5.431914893617021,1
2023-05-17,Dairy,West,1223,7674,4.980816326530612,1
2023-05-17,Instant Food,North,238,1879,4.546666666666667,1
2023-05-17,Instant Food,South,339,2495,5.779285714285714,1
2023-05-17,Instant Food,West,334,2436,4.3585714285714285,1
2023-05-17,Snacks,North,380,2186,5.708461538461539,1
2023-05-17,Snacks,South,192,1609,5.284545454545454,0
2023-05-17,Snacks,West,282,2048,5.039333333333333,1
2023-05-18,Beverages,North,98,360,6.865,1
2023-05-18,Beverages,South,79,450,6.906666666666667,1
2023-05-18,Beverages,West,46,354,6.153333333333333,0
2023-05-18,Dairy,North,925,6893,5.123043478260869,1
2023-05-18,Dairy,South,956,7009,5.710222222222222,1
2023-05-18,Dairy,West,1003,6535,5.250731707317073,1
2023-05-18,Instant Food,North,265,1984,4.4738461538461545,1
2023-05-18,Instant Food,South,230,1705,4.578,1
2023-05-18,Instant Food,West,237,1829,4.679090909090909,1
2023-05-18,Snacks,North,231,1788,5.373846153846154,0
2023-05-18,Snacks,South,240,1499,5.417692307692308,1
2023-05-18,Snacks,West,308,1998,5.846923076923077,1
2023-05-19,Beverages,North,106,475,4.583333333333333,1
2023-05-19,Beverages,South,43,205,6.79,1
2023-05-19,Beverages,West,37,309,4.76,0
2023-05-19,Dairy,North,831,6595,5.052954545454545,1
2023-05-19,Dairy,South,993,6368,4.7425,1
2023-05-19,Dairy,West,1102,7264,5.578749999999999,1
2023-05-19,Instant Food,North,237,1884,5.204615384615384,1
2023-05-19,Instant Food,South,248,1990,5.278181818181818,1
2023-05-19,Instant Food,West,175,1638,6.343999999999999,1
2023-05-19,Snacks,North,230,1729,6.186153846153847,1
2023-05-19,Snacks,South,211,1672,5.263,0
2023-05-19,Snacks,West,306,2105,5.280769230769232,1
2023-05-20,Beverages,North,42,241,7.279999999999999,0
2023-05-20,Beverages,South,62,491,5.206666666666667,0
2023-05-20,Beverages,West,65,425,5.023333333333333,0
2023-05-20,Dairy,North,1062,7846,4.91,1
2023-05-20,Dairy,South,1137,8137,5.138571428571429,1
2023-05-20,Dairy,West,989,7148,5.0475,1
2023-05-20,Instant Food,North,242,2352,6.367142857142857,1
2023-05-20,Instant Food,South,292,2232,6.245333333333334,1
2023-05-20,Instant Food,West,292,2319,4.554666666666667,1
2023-05-20,Snacks,North,273,2027,5.183333333333334,1
2023-05-20,Snacks,South,219,1558,4.468,1
2023-05-20,Snacks,West,236,1848,6.004615384615385,0
2023-05-21,Beverages,North,78,463,5.636666666666667,1
2023-05-21,Beverages,South,64,442,7.1866666666666665,0
2023-05-21,Beverages,West,87,543,6.5,0
2023-05-21,Dairy,North,1106,8059,5.0138,1
2023-05-21,Dairy,South,1171,8025,5.22595744680851,1
2023-05-21,Dairy,West,1383,7761,4.743061224489796,1
2023-05-21,Instant Food,North,351,2330,5.372857142857143,1
2023-05-21,Instant Food,South,223,2156,5.185384615384615,0
2023-05-21,Instant Food,West,124,1194,5.266,0
2023-05-21,Snacks,North,298,2079,4.917333333333334,1
2023-05-21,Snacks,South,215,1808,4.512307692307693,0
2023-05-21,Snacks,West,286,2260,5.335714285714286,1
2023-05-22,Beverages,North,74,377,6.046666666666667,1
2023-05-22,Beverages,South,47,305,6.830000000000001,0
2023-05-22,Beverages,West,78,467,5.476666666666667,0
2023-05-22,Dairy,North,1160,8321,5.298936170212766,1
2023-05-22,Dairy,South,892,6441,4.649767441860465,1
2023-05-22,Dairy,West,1165,8065,5.736875,1
2023-05-22,Instant Food,North,179,1727,5.043076923076924,1
2023-05-22,Instant Food,South,201,1850,5.783333333333334,0
2023-05-22,Instant Food,West,330,2262,4.395714285714286,1
2023-05-22,Snacks,North,246,1586,5.773076923076923,1
2023-05-22,Snacks,South,286,2125,4.383571428571428,1
2023-05-22,Snacks,West,183,1728,5.131666666666667,0
2023-05-23,Beverages,North,19,156,7.56,0
2023-05-23,Beverages,South,47,294,3.9966666666666666,1
2023-05-23,Beverages,West,28,229,5.765000000000001,0
2023-05-23,Dairy,North,1083,7277,5.373777777777778,1
2023-05-23,Dairy,South,999,7548,5.148695652173913,1
2023-05-23,Dairy,West,867,6768,4.942127659574468,1
2023-05-23,Instant Food,North,221,1933,6.144545454545455,1
2023-05-23,Instant Food,South,293,2350,6.063076923076922,1
2023-05-23,Instant Food,West,342,2781,5.3100000000000005,1
2023-05-23,Snacks,North,305,2336,4.991428571428572,1
2023-05-23,Snacks,South,296,1855,5.620833333333334,1
2023-05-23,Snacks,West,197,1414,5.976363636363636,1
2023-05-24,Beverages,North,15,80,5.755,0
2023-05-24,Beverages,South,37,277,4.415,0
2023-05-24,Beverages,West,19,143,5.895,1
2023-05-24,Dairy,North,1052,7204,4.656875,1
2023-05-24,Dairy,South,1020,7154,5.325681818181818,1
2023-05-24,Dairy,West,1138,7652,5.2175,1
2023-05-24,Instant Food,North,173,1606,5.569999999999999,1
2023-05-24,Instant Food,South,224,1847,5.901538461538461,1
2023-05-24,Instant Food,West,243,2300,6.658571428571428,1
2023-05-24,Snacks,North,340,2208,4.801428571428572,1
2023-05-24,Snacks,South,323,2204,4.413571428571428,1
2023-05-24,Snacks,West,276,2070,6.01,1
2023-05-25,Beverages,North,53,296,5.8,1
2023-05-25,Beverages,South,29,186,3.91,0
2023-05-25,Beverages,West,39,350,7.12,0
2023-05-25,Dairy,North,1142,7668,5.105098039215687,1
2023-05-25,Dairy,South,907,6424,5.4809090909090905,1
2023-05-25,Dairy,West,975,6571,4.851951219512196,1
2023-05-25,Instant Food,North,261,2162,5.232857142857143,1
2023-05-25,Instant Food,South,262,2367,5.656000000000001,1
2023-05-25,Instant Food,West,234,2015,5.066153846153847,1
2023-05-25,Snacks,North,359,2494,6.016,1
2023-05-25,Snacks,South,334,2022,5.646666666666667,1
2023-05-25,Snacks,West,278,1983,4.739166666666667,1
2023-05-26,Beverages,North,65,567,5.960000000000001,0
2023-05-26,Beverages,South,66,468,3.6,0
2023-05-26,Beverages,West,64,500,5.626666666666668,0
2023-05-26,Dairy,North,1029,7250,5.036382978723404,1
2023-05-26,Dairy,South,1051,6990,5.245434782608696,1
2023-05-26,Dairy,West,1038,6681,4.963023255813954,1
2023-05-26,Instant Food,North,181,1582,4.733,1
2023-05-26,Instant Food,South,254,1778,5.897692307692308,1
2023-05-26,Instant Food,West,322,2422,5.4673333333333325,1
2023-05-26,Snacks,North,276,1999,5.234166666666667,1
2023-05-26,Snacks,South,312,2413,5.652666666666667,1
2023-05-26,Snacks,West,268,1923,5.291666666666667,1
2023-05-27,Beverages,North,103,560,6.963333333333334,1
2023-05-27,Beverages,South,60,324,6.8500000000000005,1
2023-05-27,Beverages,West,106,507,6.153333333333333,1
2023-05-27,Dairy,North,1231,7211,5.012682926829268,1
2023-05-27,Dairy,South,1225,7987,5.281428571428572,1
2023-05-27,Dairy,West,1139,7315,5.002340425531915,1
2023-05-27,Instant Food,North,295,2456,5.241428571428571,1
2023-05-27,Instant Food,South,306,2233,6.368571428571428,1
2023-05-27,Instant Food,West,271,1874,5.781818181818182,1
2023-05-27,Snacks,North,286,1925,5.201333333333333,1
2023-05-27,Snacks,South,403,2130,4.561538461538461,1
2023-05-27,Snacks,West,322,2512,5.138235294117647,1
2023-05-28,Beverages,North,61,329,2.9,1
2023-05-28,Beverages,South,49,428,8.7,0
2023-05-28,Beverages,West,88,536,4.64,1
2023-05-28,Dairy,North,1118,8386,4.77530612244898,1
2023-05-28,Dairy,South,1180,7501,5.173673469387755,1
2023-05-28,Dairy,West,1135,6501,5.709148936170212,1
2023-05-28,Instant Food,North,236,2089,4.506923076923076,1
2023-05-28,Instant Food,South,228,2058,4.116923076923078,1
2023-05-28,Instant Food,West,210,1694,4.375384615384615,1
2023-05-28,Snacks,North,375,2433,4.19,1
2023-05-28,Snacks,South,425,2505,6.3053333333333335,1
2023-05-28,Snacks,West,363,2252,4.483333333333333,1
2023-05-29,Beverages,North,36,356,5.01,0
2023-05-29,Beverages,South,57,378,4.615,0
2023-05-29,Beverages,West,58,464,5.37,0
2023-05-29,Dairy,North,1091,6407,5.038139534883721,1
2023-05-29,Dairy,South,858,5663,5.395641025641026,1
2023-05-29,Dairy,West,1096,7021,4.714666666666667,1
2023-05-29,Instant Food,North,207,1741,5.981538461538462,1
2023-05-29,Instant Food,South,190,1756,5.476666666666667,1
2023-05-29,Instant Food,West,186,1721,5.119166666666667,1
2023-05-29,Snacks,North,367,2348,4.777857142857143,1
2023-05-29,Snacks,South,285,2118,5.510714285714286,1
2023-05-29,Snacks,West,272,2090,4.741428571428571,1
2023-05-30,Beverages,North,87,611,5.8566666666666665,0
2023-05-30,Beverages,West,24,155,7.89,0
2023-05-30,Dairy,North,1081,7378,4.868695652173913,1
2023-05-30,Dairy,South,1064,7349,5.092608695652173,1
2023-05-30,Dairy,West,1178,6609,5.629545454545454,1
2023-05-30,Instant Food,North,244,2230,5.392499999999999,1
2023-05-30,Instant Food,South,268,2209,4.649230769230769,1
2023-05-30,Instant Food,West,221,2010,5.133076923076923,1
2023-05-30,Snacks,North,350,2389,4.02,1
2023-05-30,Snacks,South,312,2554,4.895294117647059,1
2023-05-30,Snacks,West,379,2507,4.461428571428572,1
2023-05-31,Beverages,North,22,160,5.345,0
2023-05-31,Beverages,South,57,391,5.353333333333333,0
2023-05-31,Beverages,West,57,359,4.79,0
2023-05-31,Dairy,North,1036,6783,5.279772727272728,1
2023-05-31,Dairy,South,1142,6771,5.741555555555555,1
2023-05-31,Dairy,West,1045,6767,5.423571428571428,1
2023-05-31,Instant Food,North,210,1684,5.705454545454545,1
2023-05-31,Instant Food,South,250,2179,5.422307692307692,1
2023-05-31,Instant Food,West,234,1872,5.055,1
2023-05-31,Snacks,North,427,2941,5.55125,1
2023-05-31,Snacks,South,366,2829,5.248235294117647,1
2023-05-31,Snacks,West,400,2616,5.8412500000000005,1
2023-06-01,Beverages,North,68,418,7.723333333333334,1
2023-06-01,Beverages,South,63,486,5.2,0
2023-06-01,Beverages,West,80,546,5.203333333333333,1
2023-06-01,Dairy,North,1111,7074,5.483636363636363,1
2023-06-01,Dairy,South,1174,7586,5.33,1
2023-06-01,Dairy,West,1102,7122,5.322558139534884,1
2023-06-01,Instant Food,North,178,1756,4.079090909090909,1
2023-06-01,Instant Food,South,256,2397,4.590769230769231,1
2023-06-01,Instant Food,West,194,1644,5.190833333333333,1
2023-06-01,Snacks,North,449,2955,6.88,1
2023-06-01,Snacks,South,397,2756,5.0325,1
2023-06-01,Snacks,West,437,2799,5.30375,1
2023-06-02,Beverages,North,52,461,3.1966666666666668,0
2023-06-02,Beverages,South,72,383,5.296666666666667,1
2023-06-02,Beverages,West,34,287,5.895,0
2023-06-02,Dairy,North,1039,6850,4.850212765957447,1
2023-06-02,Dairy,South,1247,7146,5.607755102040816,1
2023-06-02,Dairy,West,1156,7986,5.197884615384615,1
2023-06-02,Instant Food,North,226,1832,5.681666666666668,1
2023-06-02,Instant Food,South,295,2158,3.8335714285714286,1
2023-06-02,Instant Food,West,205,1972,5.503076923076923,1
2023-06-02,Snacks,North,359,2365,5.394,1
2023-06-02,Snacks,South,314,2028,5.45,1
2023-06-02,Snacks,West,363,2503,4.89875,1
2023-06-03,Beverages,North,90,311,1.59,1
2023-06-03,Beverages,South,71,446,7.535,0
2023-06-03,Beverages,West,56,346,6.5600000000000005,0
2023-06-03,Dairy,North,1307,8003,5.015,1
2023-06-03,Dairy,South,1303,7958,5.058085106382978,1
2023-06-03,Dairy,West,1093,7118,5.198478260869565,1
2023-06-03,Instant Food,North,206,1832,4.696363636363636,1
2023-06-03,Instant Food,South,255,2527,6.127142857142857,0
2023-06-03,Instant Food,West,179,1541,4.8554545454545455,1
2023-06-03,Snacks,North,377,2422,5.577333333333333,1
2023-06-03,Snacks,South,330,2493,4.8625,0
2023-06-03,Snacks,West,431,2896,5.702500000000001,1
2023-06-04,Beverages,North,43,279,3.49,1
2023-06-04,Beverages,South,142,608,6.196666666666666,1
2023-06-04,Beverages,West,67,388,3.765,0
2023-06-04,Dairy,North,1161,7993,5.234583333333333,1
2023-06-04,Dairy,South,1147,7221,5.345813953488372,1
2023-06-04,Dairy,West,884,6615,5.489767441860465,1
2023-06-04,Instant Food,North,208,2113,4.98,1
2023-06-04,Instant Food,South,175,1627,5.792727272727273,1
2023-06-04,Instant Food,West,218,1715,5.338333333333334,1
2023-06-04,Snacks,North,398,2663,5.580625,1
2023-06-04,Snacks,South,396,2655,3.866875,1
2023-06-04,Snacks,West,296,2099,4.812307692307693,1
2023-06-05,Beverages,North,50,331,3.05,1
2023-06-05,Beverages,South,12,144,5.79,0
2023-06-05,Beverages,West,94,660,5.096666666666667,0
2023-06-05,Dairy,North,1183,7845,5.056666666666667,1
2023-06-05,Dairy,South,1228,7101,5.21304347826087,1
2023-06-05,Dairy,West,1161,6931,5.385,1
2023-06-05,Instant Food,North,172,1818,4.28,1
2023-06-05,Instant Food,South,216,1925,4.6225,1
2023-06-05,Instant Food,West,223,2265,5.273846153846154,1
2023-06-05,Snacks,North,426,2615,5.491333333333333,1
2023-06-05,Snacks,South,394,3038,5.546250000000001,1
2023-06-05,Snacks,West,304,2085,5.050000000000001,1
2023-06-06,Beverages,North,84,407,5.053333333333334,1
2023-06-06,Beverages,South,72,436,6.913333333333334,1
2023-06-06,Beverages,West,62,487,4.04,0
2023-06-06,Dairy,North,1121,7531,4.961063829787234,1
2023-06-06,Dairy,South,1174,8059,5.299791666666667,1
2023-06-06,Dairy,West,1083,6763,4.705454545454545,1
2023-06-06,Instant Food,North,145,1456,5.272,0
2023-06-06,Instant Food,South,279,2311,5.506153846153846,1
2023-06-06,Instant Food,West,269,2635,5.000666666666667,1
2023-06-06,Snacks,North,400,2502,5.475625,1
2023-06-06,Snacks,South,462,2614,6.011176470588235,1
2023-06-06,Snacks,West,411,2355,5.809333333333333,1
2023-06-07,Beverages,North,80,505,6.496666666666667,0
2023-06-07,Beverages,South,55,363,3.415,0
2023-06-07,Beverages,West,21,130,5.53,0
2023-06-07,Dairy,North,1398,8272,5.2378,1
2023-06-07,Dairy,South,1196,7169,4.946086956521739,1
2023-06-07,Dairy,West,1107,7316,4.828823529411765,1
2023-06-07,Instant Food,North,257,2187,5.287999999999999,1
2023-06-07,Instant Food,South,188,1865,5.7069230769230765,1
2023-06-07,Instant Food,West,204,1899,5.4,1
2023-06-07,Snacks,North,311,2326,5.581428571428572,1
2023-06-07,Snacks,South,325,2377,5.137857142857143,1
2023-06-07,Snacks,West,322,2225,4.922666666666667,1
2023-06-08,Beverages,North,97,585,3.356666666666667,1
2023-06-08,Beverages,South,72,518,6.420000000000001,0
2023-06-08,Beverages,West,68,433,5.363333333333333,0
2023-06-08,Dairy,North,1076,6994,5.565,1
2023-06-08,Dairy,South,1271,7734,4.52108695652174,1
2023-06-08,Dairy,West,1085,7121,5.355813953488372,1
2023-06-08,Instant Food,North,319,2060,4.928461538461538,1
2023-06-08,Instant Food,South,221,2085,5.993076923076923,1
2023-06-08,Instant Food,West,190,1658,6.202727272727273,1
2023-06-08,Snacks,North,434,2490,5.5600000000000005,1
2023-06-08,Snacks,South,408,2627,5.7975,1
2023-06-08,Snacks,West,284,2061,5.188,1
2023-06-09,Beverages,North,12,140,3.065,0
2023-06-09,Beverages,South,54,415,6.109999999999999,0
2023-06-09,Beverages,West,146,613,5.346666666666667,1
2023-06-09,Dairy,North,1133,7069,5.507674418604651,1
2023-06-09,Dairy,South,1134,6971,4.944883720930233,1
2023-06-09,Dairy,West,1166,7769,5.171914893617021,1
2023-06-09,Instant Food,North,202,2000,4.291818181818182,0
2023-06-09,Instant Food,South,301,2409,6.426,1
2023-06-09,Instant Food,West,273,2565,5.984666666666667,1
2023-06-09,Snacks,North,435,2725,4.395,1
2023-06-09,Snacks,South,290,2038,4.979285714285714,1
2023-06-09,Snacks,West,277,2399,5.82625,0
2023-06-10,Beverages,North,88,509,5.463333333333334,1
2023-06-10,Beverages,South,99,467,3.93,1
2023-06-10,Beverages,West,57,411,4.76,0
2023-06-10,Dairy,North,1060,6771,5.020681818181818,1
2023-06-10,Dairy,South,1254,7315,5.777272727272727,1
2023-06-10,Dairy,West,1152,6655,5.256666666666667,1
2023-06-10,Instant Food,North,172,1674,5.0840000000000005,1
2023-06-10,Instant Food,South,246,1870,5.286666666666666,1
2023-06-10,Instant Food,West,243,2279,5.1571428571428575,1
2023-06-10,Snacks,North,343,2605,4.804705882352941,1
2023-06-10,Snacks,South,439,2666,5.771333333333333,1
2023-06-10,Snacks,West,287,2006,5.231333333333334,1
2023-06-11,Beverages,North,51,453,4.093333333333334,0
2023-06-11,Beverages,South,53,339,4.234999999999999,0
2023-06-11,Beverages,West,38,245,4.415,0
2023-06-11,Dairy,North,1246,7520,5.335531914893617,1
2023-06-11,Dairy,South,991,6548,5.3082926829268295,1
2023-06-11,Dairy,West,1384,8031,5.441041666666667,1
2023-06-11,Instant Food,North,287,2182,4.762307692307693,1
2023-06-11,Instant Food,South,290,2357,6.0200000000000005,1
2023-06-11,Instant Food,West,199,1952,6.055384615384615,1
2023-06-11,Snacks,North,297,2133,5.898571428571429,1
2023-06-11,Snacks,South,478,2817,5.644117647058824,1
2023-06-11,Snacks,West,339,2357,4.15875,1
2023-06-12,Beverages,North,69,451,5.973333333333334,0
2023-06-12,Beverages,South,45,362,5.59,0
2023-06-12,Beverages,West,105,600,6.326666666666667,0
2023-06-12,Dairy,North,1329,7618,5.470204081632653,1
2023-06-12,Dairy,South,1138,6555,5.098372093023255,1
2023-06-12,Dairy,West,1160,7048,5.531521739130435,1
2023-06-12,Instant Food,North,179,2110,5.81,0
2023-06-12,Instant Food,South,179,1710,6.277272727272727,1
2023-06-12,Instant Food,West,217,1942,5.242142857142857,1
2023-06-12,Snacks,North,305,1998,5.305833333333333,1
2023-06-12,Snacks,South,450,2822,5.934666666666667,1
2023-06-12,Snacks,West,334,2637,5.853125,1
2023-06-13,Beverages,North,97,555,4.0200000000000005,1
2023-06-13,Beverages,South,34,237,3.03,0
2023-06-13,Beverages,West,73,484,6.486666666666667,0
2023-06-13,Dairy,North,1009,6652,4.813409090909091,1
2023-06-13,Dairy,South,1068,6839,5.405116279069767,1
2023-06-13,Dairy,West,1095,7612,4.526458333333333,1
2023-06-13,Instant Food,North,298,2509,5.343333333333334,1
2023-06-13,Instant Food,South,288,2372,5.006923076923077,1
2023-06-13,Instant Food,West,227,2027,4.74923076923077,1
2023-06-13,Snacks,North,316,2413,5.443125,1
2023-06-13,Snacks,South,256,2152,5.874,0
2023-06-13,Snacks,West,356,2617,5.260666666666666,1
2023-06-14,Beverages,North,78,379,5.656666666666666,1
2023-06-14,Beverages,South,87,589,4.256666666666667,0
2023-06-14,Beverages,West,83,484,3.9766666666666666,0
2023-06-14,Dairy,North,1226,7630,4.419787234042553,1
2023-06-14,Dairy,South,1122,6858,5.435813953488372,1
2023-06-14,Dairy,West,1080,6611,5.0600000000000005,1
2023-06-14,Instant Food,North,266,2246,5.996,1
2023-06-14,Instant Food,South,216,1766,6.176363636363636,1
2023-06-14,Instant Food,West,192,2045,5.763333333333333,0
2023-06-14,Snacks,North,363,2426,5.030625,1
2023-06-14,Snacks,South,551,3107,5.361111111111111,1
2023-06-14,Snacks,West,377,2424,5.137333333333333,1
2023-06-15,Beverages,North,53,329,5.135,0
2023-06-15,Beverages,South,91,572,6.563333333333333,0
2023-06-15,Beverages,West,59,415,4.566666666666666,0
2023-06-15,Dairy,North,1429,8536,5.2430612244897965,1
2023-06-15,Dairy,South,1022,6829,4.537674418604651,1
2023-06-15,Dairy,West,1188,6819,5.362558139534884,1
2023-06-15,Instant Food,North,253,2248,5.372857142857143,1
2023-06-15,Instant Food,South,266,2498,4.977333333333333,1
2023-06-15,Instant Food,West,253,2201,5.429285714285713,1
2023-06-15,Snacks,North,336,2125,5.907333333333333,1
2023-06-15,Snacks,South,382,2684,4.19125,1
2023-06-15,Snacks,West,419,2646,4.993125,1
2023-06-16,Beverages,North,127,627,4.75,1
2023-06-16,Beverages,South,56,321,3.58,0
2023-06-16,Beverages,West,59,478,4.913333333333333,0
2023-06-16,Dairy,North,977,6711,5.906444444444445,1
2023-06-16,Dairy,South,1440,8770,5.809811320754717,1
2023-06-16,Dairy,West,1162,7428,5.422222222222223,1
2023-06-16,Instant Food,North,136,1659,6.254545454545454,0
2023-06-16,Instant Food,South,148,1389,6.56,1
2023-06-16,Instant Food,West,268,2268,5.918666666666667,1
2023-06-16,Snacks,North,303,2305,5.125384615384615,0
2023-06-16,Snacks,South,453,2908,4.828888888888889,1
2023-06-16,Snacks,West,365,2628,4.978125,1
2023-06-17,Beverages,North,31,242,6.655,0
2023-06-17,Beverages,South,71,468,5.536666666666666,0
2023-06-17,Beverages,West,64,504,5.93,0
2023-06-17,Dairy,North,1284,7687,5.484999999999999,1
2023-06-17,Dairy,South,982,7053,4.959111111111112,1
2023-06-17,Dairy,West,1277,8269,5.013,1
2023-06-17,Instant Food,North,166,1631,5.534545454545455,1
2023-06-17,Instant Food,South,272,2248,5.325,1
2023-06-17,Instant Food,West,197,1916,5.113846153846154,1
2023-06-17,Snacks,North,446,2745,5.551176470588236,1
2023-06-17,Snacks,South,311,2198,6.378571428571428,0
2023-06-17,Snacks,West,560,2896,5.586875,1
2023-06-18,Beverages,North,121,538,4.0,1
2023-06-18,Beverages,South,101,633,6.010000000000001,0
2023-06-18,Beverages,West,47,254,5.09,1
2023-06-18,Dairy,North,1104,7061,5.163023255813953,1
2023-06-18,Dairy,South,1101,7031,4.746590909090909,1
2023-06-18,Dairy,West,1061,6222,5.106046511627907,1
2023-06-18,Instant Food,North,251,2133,5.945384615384616,1
2023-06-18,Instant Food,South,291,2769,5.548666666666667,1
2023-06-18,Instant Food,West,175,1691,5.295454545454546,1
2023-06-18,Snacks,North,313,2125,4.947333333333333,1
2023-06-18,Snacks,South,459,2830,5.214375,1
2023-06-18,Snacks,West,313,2212,4.833333333333333,1
2023-06-19,Beverages,North,55,346,3.733333333333333,0
2023-06-19,Beverages,South,90,441,6.455,1
2023-06-19,Beverages,West,87,500,4.68,1
2023-06-19,Dairy,North,1025,7108,5.130227272727272,1
2023-06-19,Dairy,South,1068,6931,5.116511627906976,1
2023-06-19,Dairy,West,1167,6989,5.086222222222222,1
2023-06-19,Instant Food,North,193,1938,5.561538461538461,1
2023-06-19,Instant Food,South,216,1913,4.84909090909091,1
2023-06-19,Instant Food,West,173,1711,5.0183333333333335,0
2023-06-19,Snacks,North,322,2314,5.8533333333333335,1
2023-06-19,Snacks,South,403,2292,4.784666666666667,1
2023-06-19,Snacks,West,378,2206,3.841428571428572,1
2023-06-20,Beverages,North,59,480,5.113333333333333,0
2023-06-20,Beverages,South,50,402,4.733333333333333,0
2023-06-20,Beverages,West,45,274,6.416666666666667,0
2023-06-20,Dairy,North,1049,7022,5.268958333333333,1
2023-06-20,Dairy,South,1099,6782,5.354878048780488,1
2023-06-20,Dairy,West,1007,5994,5.7004878048780485,1
2023-06-20,Instant Food,North,209,1976,4.683333333333334,1
2023-06-20,Instant Food,South,219,1937,5.335833333333333,1
2023-06-20,Instant Food,West,230,1971,4.942142857142857,1
2023-06-20,Snacks,North,347,2617,5.987142857142857,1
2023-06-20,Snacks,South,431,2670,5.509285714285714,1
2023-06-20,Snacks,West,405,2486,5.277058823529412,1
2023-06-21,Beverages,North,38,260,7.69,1
2023-06-21,Beverages,South,68,309,5.345,1
2023-06-21,Beverages,West,86,410,5.96,1
2023-06-21,Dairy,North,1135,7201,5.6014,1
2023-06-21,Dairy,South,1200,6943,5.126041666666667,1
2023-06-21,Dairy,West,1015,7118,5.665869565217391,1
2023-06-21,Instant Food,North,238,1972,4.46,1
2023-06-21,Instant Food,South,246,2143,5.175714285714285,1
2023-06-21,Instant Food,West,197,2193,5.854615384615385,1
2023-06-21,Snacks,North,418,2430,4.83625,1
2023-06-21,Snacks,South,316,2252,5.152666666666667,1
2023-06-21,Snacks,West,273,1882,3.8316666666666666,1
2023-06-22,Beverages,North,33,276,7.404999999999999,0
2023-06-22,Beverages,South,68,465,7.793333333333333,0
2023-06-22,Beverages,West,112,490,5.609999999999999,1
2023-06-22,Dairy,North,1140,7644,5.255416666666666,1
2023-06-22,Dairy,South,1039,6912,4.731739130434782,1
2023-06-22,Dairy,West,1128,7014,5.117954545454546,1
2023-06-22,Instant Food,North,234,2424,5.232,1
2023-06-22,Instant Food,South,205,1926,6.441666666666666,1
2023-06-22,Instant Food,West,202,2093,4.461666666666667,1
2023-06-22,Snacks,North,327,2362,4.170625,1
2023-06-22,Snacks,South,346,2123,5.736428571428571,1
2023-06-22,Snacks,West,367,2601,5.459411764705883,1
2023-06-23,Beverages,North,82,543,5.4433333333333325,0
2023-06-23,Beverages,South,44,377,6.16,0
2023-06-23,Beverages,West,46,387,5.215,0
2023-06-23,Dairy,North,1126,7033,5.387234042553192,1
2023-06-23,Dairy,South,1047,6874,5.727173913043478,1
2023-06-23,Dairy,West,1008,6527,4.912926829268293,1
2023-06-23,Instant Food,North,195,1973,4.701666666666667,1
2023-06-23,Instant Food,South,204,1967,5.591666666666666,1
2023-06-23,Instant Food,West,225,2118,5.877692307692308,1
2023-06-23,Snacks,North,412,2321,5.338666666666667,1
2023-06-23,Snacks,South,411,2845,4.946470588235294,1
2023-06-23,Snacks,West,296,2311,4.599333333333333,0
2023-06-24,Beverages,North,88,464,6.074999999999999,1
2023-06-24,Beverages,South,98,554,4.27,1
2023-06-24,Beverages,West,55,429,4.093333333333334,0
2023-06-24,Dairy,North,1093,7770,5.194897959183674,1
2023-06-24,Dairy,South,1123,7362,5.284130434782608,1
2023-06-24,Dairy,West,1206,7613,5.495111111111111,1
2023-06-24,Instant Food,North,264,2158,5.538333333333333,1
2023-06-24,Instant Food,South,198,1879,4.701666666666667,1
2023-06-24,Instant Food,West,214,2128,5.393571428571429,1
2023-06-24,Snacks,North,368,2607,5.658333333333333,1
2023-06-24,Snacks,South,357,2598,5.9535294117647055,1
2023-06-24,Snacks,West,230,1758,5.1626666666666665,1
2023-06-25,Beverages,North,57,431,6.205,0
2023-06-25,Beverages,South,57,384,6.366666666666667,0
2023-06-25,Beverages,West,135,704,5.1000000000000005,1
2023-06-25,Dairy,North,1087,7569,5.250800000000001,1
2023-06-25,Dairy,South,1157,7584,5.017291666666667,1
2023-06-25,Dairy,West,1073,6621,5.0075,1
2023-06-25,Instant Food,North,189,1836,4.751666666666667,1
2023-06-25,Instant Food,South,281,2242,4.256428571428571,1
2023-06-25,Instant Food,West,289,2240,4.696153846153846,1
2023-06-25,Snacks,North,385,2663,3.974117647058824,1
2023-06-25,Snacks,South,305,2034,5.763076923076923,1
2023-06-25,Snacks,West,379,2151,4.898571428571429,1
2023-06-26,Beverages,North,75,479,7.18,0
2023-06-26,Beverages,South,70,474,4.87,0
2023-06-26,Beverages,West,61,461,4.966666666666667,0
2023-06-26,Dairy,North,1088,7405,5.427111111111111,1
2023-06-26,Dairy,South,1141,7653,5.299565217391304,1
2023-06-26,Dairy,West,1031,6913,5.031590909090909,1
2023-06-26,Instant Food,North,269,2490,6.515714285714286,1
2023-06-26,Instant Food,South,253,2211,4.121538461538462,1
2023-06-26,Instant Food,West,146,1530,6.399090909090909,1
2023-06-26,Snacks,North,283,1945,5.3741666666666665,1
2023-06-26,Snacks,South,397,2576,5.242777777777778,1
2023-06-26,Snacks,West,443,2590,5.35625,1
2023-06-27,Beverages,North,76,531,3.963333333333333,0
2023-06-27,Beverages,South,58,288,5.333333333333333,1
2023-06-27,Beverages,West,52,310,4.465,0
2023-06-27,Dairy,North,1052,6994,5.705744680851065,1
2023-06-27,Dairy,South,1108,7823,5.704468085106384,1
2023-06-27,Dairy,West,1191,7243,5.310217391304348,1
2023-06-27,Instant Food,North,203,1964,5.818333333333334,1
2023-06-27,Instant Food,South,208,1752,4.234166666666667,1
2023-06-27,Instant Food,West,276,2354,6.400714285714286,1
2023-06-27,Snacks,North,308,2066,4.836666666666667,0
2023-06-27,Snacks,South,403,2644,5.672,1
2023-06-27,Snacks,West,307,2208,5.282,0
2023-06-28,Beverages,North,86,467,6.026666666666666,0
2023-06-28,Beverages,South,43,366,4.713333333333334,0
2023-06-28,Beverages,West,20,219,4.744999999999999,0
2023-06-28,Dairy,North,1253,7168,5.787111111111112,1
2023-06-28,Dairy,South,1182,7175,5.334888888888889,1
2023-06-28,Dairy,West,980,6552,4.797317073170731,1
2023-06-28,Instant Food,North,201,1866,6.123076923076923,1
2023-06-28,Instant Food,South,166,1722,6.087272727272727,0
2023-06-28,Instant Food,West,288,2410,4.54,1
2023-06-28,Snacks,North,304,2251,5.75375,1
2023-06-28,Snacks,South,294,1979,6.254285714285714,1
2023-06-28,Snacks,West,365,2263,5.8307142857142855,1
2023-06-29,Beverages,North,63,430,4.066666666666666,0
2023-06-29,Beverages,South,68,448,5.466666666666666,0
2023-06-29,Beverages,West,74,507,6.455,0
2023-06-29,Dairy,North,1230,7459,5.037391304347826,1
2023-06-29,Dairy,South,829,6249,5.394772727272727,1
2023-06-29,Dairy,West,1160,7808,5.144400000000001,1
2023-06-29,Instant Food,North,214,2038,5.122857142857143,1
2023-06-29,Instant Food,South,196,1751,4.765454545454546,1
2023-06-29,Instant Food,West,230,1959,5.501538461538461,1
2023-06-29,Snacks,North,295,2219,5.607333333333333,1
2023-06-29,Snacks,South,432,2466,4.594375,1
2023-06-29,Snacks,West,467,2499,5.176666666666667,1
2023-06-30,Beverages,North,44,330,4.654999999999999,0
2023-06-30,Beverages,South,32,313,5.275,0
2023-06-30,Beverages,West,43,334,7.465,0
2023-06-30,Dairy,North,1262,7862,5.173333333333333,1
2023-06-30,Dairy,South,1345,8111,4.977083333333334,1
2023-06-30,Dairy,West,1175,6996,5.461162790697674,1
2023-06-30,Instant Food,North,187,1922,5.5,1
2023-06-30,Instant Food,South,152,1477,5.294444444444444,1
2023-06-30,Instant Food,West,177,1874,4.99,0
2023-06-30,Snacks,North,380,2375,4.996,1
2023-06-30,Snacks,South,435,2740,5.6000000000000005,1
2023-06-30,Snacks,West,413,2335,4.94,1
2023-07-01,Beverages,North,75,301,5.966666666666666,1
2023-07-01,Beverages,South,54,467,4.46,1
2023-07-01,Beverages,West,107,493,5.63,1
2023-07-01,Dairy,North,1106,7073,5.429772727272727,1
2023-07-01,Dairy,South,971,6607,5.345909090909091,1
2023-07-01,Dairy,West,1193,8117,4.521,1
2023-07-01,Instant Food,North,204,1583,6.198181818181817,1
2023-07-01,Instant Food,South,138,1471,4.5575,1
2023-07-01,Instant Food,West,179,1847,5.34,1
2023-07-01,Snacks,North,419,2398,5.274285714285715,1
2023-07-01,Snacks,South,475,2420,5.227857142857142,1
2023-07-01,Snacks,West,504,2607,5.478823529411764,1
2023-07-02,Beverages,North,70,486,4.4366666666666665,0
2023-07-02,Beverages,South,103,440,4.213333333333334,1
2023-07-02,Beverages,West,60,440,6.723333333333333,0
2023-07-02,Dairy,North,1110,7069,4.68093023255814,1
2023-07-02,Dairy,South,1130,7233,5.24195652173913,1
2023-07-02,Dairy,West,1193,7692,5.3923404255319145,1
2023-07-02,Instant Food,North,267,2588,5.357857142857143,1
2023-07-02,Instant Food,South,174,1758,6.412727272727273,0
2023-07-02,Instant Food,West,148,1458,5.655555555555555,0
2023-07-02,Snacks,North,275,1759,4.6925,1
2023-07-02,Snacks,South,323,2591,5.439333333333334,0
2023-07-02,Snacks,West,418,2504,5.0825,1
2023-07-03,Beverages,North,80,551,5.1033333333333335,0
2023-07-03,Beverages,South,47,329,5.04,0
2023-07-03,Beverages,West,108,419,4.373333333333333,1
2023-07-03,Dairy,North,1171,7697,5.121632653061225,1
2023-07-03,Dairy,South,1386,7754,4.7254000000000005,1
2023-07-03,Dairy,West,1342,8332,5.369607843137255,1
2023-07-03,Instant Food,North,138,1514,4.464545454545455,1
2023-07-03,Instant Food,South,199,1977,5.1000000000000005,0
2023-07-03,Instant Food,West,210,2206,5.4484615384615385,1
2023-07-03,Snacks,North,332,2054,4.865833333333334,1
2023-07-03,Snacks,South,429,2364,5.090555555555556,1
2023-07-03,Snacks,West,462,2821,4.795555555555556,1
2023-07-04,Beverages,North,69,411,4.906666666666666,0
2023-07-04,Beverages,South,106,560,5.53,1
2023-07-04,Beverages,West,47,329,5.37,0
2023-07-04,Dairy,North,1108,7050,5.043636363636363,1
2023-07-04,Dairy,South,1181,7441,5.7977083333333335,1
2023-07-04,Dairy,West,1090,6996,5.111777777777778,1
2023-07-04,Instant Food,North,211,2122,5.15,1
2023-07-04,Instant Food,South,242,1683,5.8246153846153845,1
2023-07-04,Instant Food,West,255,2531,5.737857142857143,0
2023-07-04,Snacks,North,283,1878,4.899285714285715,1
2023-07-04,Snacks,South,558,2819,4.737777777777778,1
2023-07-04,Snacks,West,314,2270,5.445,1
2023-07-05,Beverages,North,114,634,4.68,0
2023-07-05,Beverages,South,108,480,4.736666666666666,1
2023-07-05,Beverages,West,61,311,5.835,1
2023-07-05,Dairy,North,1062,7069,5.375106382978723,1
2023-07-05,Dairy,South,1074,6690,5.579069767441861,1
2023-07-05,Dairy,West,995,6649,5.068666666666667,1
2023-07-05,Instant Food,North,193,1487,4.810909090909092,1
2023-07-05,Instant Food,South,263,2362,5.34076923076923,1
2023-07-05,Instant Food,West,206,1829,5.781818181818182,1
2023-07-05,Snacks,North,411,2350,5.618125,1
2023-07-05,Snacks,South,405,2587,5.96875,1
2023-07-05,Snacks,West,454,2716,5.3975,1
2023-07-06,Beverages,North,72,506,5.78,0
2023-07-06,Beverages,South,68,453,2.9566666666666666,1
2023-07-06,Beverages,West,24,133,2.51,0
2023-07-06,Dairy,North,1200,7002,5.139268292682927,1
2023-07-06,Dairy,South,1072,7038,4.692272727272727,1
2023-07-06,Dairy,West,1054,6285,5.384390243902439,1
2023-07-06,Instant Food,North,212,1841,5.753846153846154,1
2023-07-06,Instant Food,South,257,2161,4.703076923076923,1
2023-07-06,Instant Food,West,243,2367,5.4592857142857145,1
2023-07-06,Snacks,North,443,2578,5.54625,1
2023-07-06,Snacks,South,325,2254,5.464,0
2023-07-06,Snacks,West,438,2192,6.437333333333333,1
2023-07-07,Beverages,North,97,483,5.403333333333333,1
2023-07-07,Beverages,South,67,480,3.966666666666667,0
2023-07-07,Beverages,West,95,584,5.97,0
2023-07-07,Dairy,North,1003,6338,5.409024390243903,1
2023-07-07,Dairy,South,1142,7178,5.1265217391304345,1
2023-07-07,Dairy,West,1237,7780,5.251489361702127,1
2023-07-07,Instant Food,North,152,1506,4.9075,1
2023-07-07,Instant Food,South,227,2293,6.282857142857142,1
2023-07-07,Instant Food,West,202,1662,4.617692307692308,1
2023-07-07,Snacks,North,296,2174,4.607857142857143,1
2023-07-07,Snacks,South,359,2456,4.984666666666667,1
2023-07-07,Snacks,West,369,2321,5.348125,1
2023-07-08,Beverages,North,95,342,4.49,1
2023-07-08,Beverages,South,60,425,7.093333333333334,0
2023-07-08,Beverages,West,181,571,4.04,1
2023-07-08,Dairy,North,1321,7872,4.974255319148936,1
2023-07-08,Dairy,South,1292,7540,5.00125,1
2023-07-08,Dairy,West,1066,6628,5.408222222222222,1
2023-07-08,Instant Food,North,188,1483,5.287777777777778,1
2023-07-08,Instant Food,South,229,2309,5.876153846153846,1
2023-07-08,Instant Food,West,185,2038,5.519166666666667,0
2023-07-08,Snacks,North,257,1737,5.185,1
2023-07-08,Snacks,South,511,3083,5.4275,1
2023-07-08,Snacks,West,328,2109,4.544615384615384,1
2023-07-09,Beverages,North,43,297,6.595000000000001,0
2023-07-09,Beverages,South,23,131,6.64,0
2023-07-09,Beverages,West,63,285,2.53,1
2023-07-09,Dairy,North,1218,7701,5.038431372549019,1
2023-07-09,Dairy,South,917,6328,5.21375,1
2023-07-09,Dairy,West,1079,7324,5.582173913043477,1
2023-07-09,Instant Food,North,246,2105,5.865384615384615,1
2023-07-09,Instant Food,South,207,2242,7.041538461538462,1
2023-07-09,Instant Food,West,201,2298,5.615,0
2023-07-09,Snacks,North,415,2624,5.64125,1
2023-07-09,Snacks,South,319,2260,5.5175,1
2023-07-09,Snacks,West,424,2656,5.13875,1
2023-07-10,Beverages,North,56,436,6.873333333333332,0
2023-07-10,Beverages,South,60,464,5.4433333333333325,0
2023-07-10,Beverages,West,46,457,5.32,0
2023-07-10,Dairy,North,1191,7438,4.950652173913043,1
2023-07-10,Dairy,South,1150,7217,4.990425531914894,1
2023-07-10,Dairy,West,1076,7233,4.981304347826087,1
2023-07-10,Instant Food,North,210,1944,5.440666666666667,1
2023-07-10,Instant Food,South,216,1927,5.426666666666667,1
2023-07-10,Instant Food,West,174,1633,5.164444444444444,1
2023-07-10,Snacks,North,527,3094,5.2283333333333335,1
2023-07-10,Snacks,South,446,2516,5.033125,1
2023-07-10,Snacks,West,354,2474,4.3726666666666665,1
2023-07-11,Beverages,North,56,445,3.81,0
2023-07-11,Beverages,South,16,137,6.05,0
2023-07-11,Beverages,West,40,349,4.035,0
2023-07-11,Dairy,North,1099,7335,5.354893617021276,1
2023-07-11,Dairy,South,1109,6613,5.101860465116279,1
2023-07-11,Dairy,West,1214,7190,5.466,1
2023-07-11,Instant Food,North,228,2216,5.031333333333333,1
2023-07-11,Instant Food,South,183,1889,5.7700000000000005,1
2023-07-11,Instant Food,West,154,1717,6.230909090909091,0
2023-07-11,Snacks,North,368,2531,5.235333333333333,1
2023-07-11,Snacks,South,373,2152,5.050000000000001,1
2023-07-11,Snacks,West,404,2510,4.8100000000000005,1
2023-07-12,Beverages,North,93,567,3.806666666666666,1
2023-07-12,Beverages,South,52,438,4.546666666666667,0
2023-07-12,Beverages,West,73,549,4.513333333333333,0
2023-07-12,Dairy,North,1128,7282,4.954893617021276,1
2023-07-12,Dairy,South,1015,6874,5.383720930232558,1
2023-07-12,Dairy,West,1218,7167,5.461555555555556,1
2023-07-12,Instant Food,North,234,2022,6.394615384615384,1
2023-07-12,Instant Food,South,158,1618,5.909285714285715,1
2023-07-12,Instant Food,West,249,2043,5.096428571428571,1
2023-07-12,Snacks,North,518,2669,4.810625,1
2023-07-12,Snacks,South,460,2692,5.5588235294117645,1
2023-07-12,Snacks,West,308,2075,4.558571428571429,1
2023-07-13,Beverages,North,77,425,5.57,1
2023-07-13,Beverages,South,56,484,4.076666666666667,0
2023-07-13,Beverages,West,41,292,5.65,0
2023-07-13,Dairy,North,1037,6811,5.425744680851063,1
2023-07-13,Dairy,South,1228,7513,5.0687500000000005,1
2023-07-13,Dairy,West,1112,7035,4.985,1
2023-07-13,Instant Food,North,270,2411,5.665,1
2023-07-13,Instant Food,South,197,1768,4.221666666666667,1
2023-07-13,Instant Food,West,254,2289,4.010714285714285,1
2023-07-13,Snacks,North,374,2695,6.21375,1
2023-07-13,Snacks,South,394,2348,5.095,1
2023-07-13,Snacks,West,470,2677,4.515882352941176,1
2023-07-14,Beverages,North,77,491,5.56,0
2023-07-14,Beverages,South,50,421,3.06,0
2023-07-14,Beverages,West,68,541,4.15,0
2023-07-14,Dairy,North,1179,6818,5.598571428571428,1
2023-07-14,Dairy,South,1225,7980,5.779583333333334,1
2023-07-14,Dairy,West,1132,7228,5.178139534883721,1
2023-07-14,Instant Food,North,230,2327,5.782666666666667,1
2023-07-14,Instant Food,South,235,1937,4.589166666666666,1
2023-07-14,Instant Food,West,160,1733,6.607000000000001,0
2023-07-14,Snacks,North,519,2894,5.42,1
2023-07-14,Snacks,South,346,2321,5.215384615384616,1
2023-07-14,Snacks,West,430,2453,5.737058823529412,1
2023-07-15,Beverages,North,40,366,5.635,0
2023-07-15,Beverages,South,14,149,1.65,0
2023-07-15,Beverages,West,50,342,4.375,0
2023-07-15,Dairy,North,1273,7888,4.7134,1
2023-07-15,Dairy,South,1141,7241,5.18891304347826,1
2023-07-15,Dairy,West,1051,6840,5.197173913043478,1
2023-07-15,Instant Food,North,199,2377,5.647333333333334,1
2023-07-15,Instant Food,South,237,2059,4.805384615384615,1
2023-07-15,Instant Food,West,283,2430,4.445714285714286,1
2023-07-15,Snacks,North,440,2703,4.557058823529411,1
2023-07-15,Snacks,South,431,2747,5.192941176470589,1
2023-07-15,Snacks,West,401,2504,5.443333333333333,1
2023-07-16,Beverages,North,64,567,4.286666666666666,0
2023-07-16,Beverages,South,38,335,4.733333333333333,0
2023-07-16,Beverages,West,42,291,4.165,0
2023-07-16,Dairy,North,1218,7838,5.361632653061224,1
2023-07-16,Dairy,South,1087,6699,4.878260869565217,1
2023-07-16,Dairy,West,1368,8508,5.581296296296296,1
2023-07-16,Instant Food,North,184,1799,4.951818181818182,1
2023-07-16,Instant Food,South,168,1709,6.350833333333334,1
2023-07-16,Instant Food,West,236,2312,5.247142857142857,1
2023-07-16,Snacks,North,315,1999,6.09,1
2023-07-16,Snacks,South,476,2881,5.75,1
2023-07-16,Snacks,West,489,2661,5.133125,1
2023-07-17,Beverages,North,19,110,4.62,0
2023-07-17,Beverages,South,69,628,5.353333333333333,0
2023-07-17,Beverages,West,38,319,2.325,1
2023-07-17,Dairy,North,1082,6797,4.8284782608695656,1
2023-07-17,Dairy,South,1241,8183,5.2222,1
2023-07-17,Dairy,West,1228,8087,5.341632653061224,1
2023-07-17,Instant Food,North,196,1593,5.264545454545455,1
2023-07-17,Instant Food,South,180,1648,5.847272727272727,1
2023-07-17,Instant Food,West,214,1666,7.015000000000001,1
2023-07-17,Snacks,North,426,2787,5.835625,1
2023-07-17,Snacks,South,407,2591,5.2075,1
2023-07-17,Snacks,West,294,1946,5.926666666666666,1
2023-07-18,Beverages,North,71,517,3.4966666666666666,0
2023-07-18,Beverages,South,82,657,3.3666666666666667,0
2023-07-18,Beverages,West,74,626,6.633333333333333,0
2023-07-18,Dairy,North,1023,7202,5.274791666666666,1
2023-07-18,Dairy,South,1250,8309,5.4724,1
2023-07-18,Dairy,West,1141,6661,5.193181818181818,1
2023-07-18,Instant Food,North,184,1826,4.465454545454545,1
2023-07-18,Instant Food,South,235,2194,5.123076923076923,1
2023-07-18,Instant Food,West,225,2214,5.484615384615385,1
2023-07-18,Snacks,North,493,2552,5.29,1
2023-07-18,Snacks,South,424,2702,5.1193333333333335,1
2023-07-18,Snacks,West,325,2208,5.509375,1
2023-07-19,Beverages,North,62,483,5.29,0
2023-07-19,Beverages,South,34,414,5.476666666666667,0
2023-07-19,Beverages,West,106,442,4.02,1
2023-07-19,Dairy,North,1128,6598,5.7265,1
2023-07-19,Dairy,South,1154,8256,5.221666666666667,1
2023-07-19,Dairy,West,972,6863,5.618222222222222,1
2023-07-19,Instant Food,North,261,2131,4.703333333333333,1
2023-07-19,Instant Food,South,169,1440,5.403333333333333,1
2023-07-19,Instant Food,West,177,1839,6.05,0
2023-07-19,Snacks,North,411,2729,4.906875,1
2023-07-19,Snacks,South,428,2546,3.720666666666667,1
2023-07-19,Snacks,West,383,2247,4.578749999999999,1
2023-07-20,Beverages,North,123,716,4.9366666666666665,1
2023-07-20,Beverages,South,26,223,6.13,0
2023-07-20,Beverages,West,46,392,7.495000000000001,0
2023-07-20,Dairy,North,938,6279,5.302093023255814,1
2023-07-20,Dairy,South,1046,6957,4.954545454545454,1
2023-07-20,Dairy,West,1068,6826,5.528292682926829,1
2023-07-20,Instant Food,North,207,2184,4.613333333333333,1
2023-07-20,Instant Food,South,246,2364,5.279285714285714,1
2023-07-20,Instant Food,West,190,2133,4.739285714285714,0
2023-07-20,Snacks,North,564,2451,4.755,1
2023-07-20,Snacks,South,323,1933,6.081666666666667,1
2023-07-20,Snacks,West,337,2459,4.2,1
2023-07-21,Beverages,North,43,341,7.775,0
2023-07-21,Beverages,South,99,560,6.080000000000001,1
2023-07-21,Beverages,West,89,604,4.71,0
2023-07-21,Dairy,North,972,6539,5.26725,1
2023-07-21,Dairy,South,1111,7458,5.135744680851063,1
2023-07-21,Dairy,West,1106,7331,5.62531914893617,1
2023-07-21,Instant Food,North,242,2210,3.99,1
2023-07-21,Instant Food,South,274,2395,5.502666666666667,1
2023-07-21,Instant Food,West,198,1800,4.961666666666667,1
2023-07-21,Snacks,North,447,2609,4.995882352941177,1
2023-07-21,Snacks,South,532,2770,5.482941176470588,1
2023-07-21,Snacks,West,509,2555,4.854117647058823,1
2023-07-22,Beverages,North,30,270,4.835,1
2023-07-22,Beverages,South,34,253,7.26,0
2023-07-22,Beverages,West,59,375,6.015,1
2023-07-22,Dairy,North,965,6752,4.899545454545454,1
2023-07-22,Dairy,South,1244,8078,5.720624999999999,1
2023-07-22,Dairy,West,1212,7365,5.064166666666667,1
2023-07-22,Instant Food,North,236,1969,3.8530769230769226,1
2023-07-22,Instant Food,South,186,1752,5.595454545454545,1
2023-07-22,Instant Food,West,262,2448,5.408666666666666,1
2023-07-22,Snacks,North,441,2378,5.765333333333333,1
2023-07-22,Snacks,South,429,2686,5.232666666666666,1
2023-07-22,Snacks,West,377,2033,5.212142857142857,1
2023-07-23,Beverages,North,44,336,4.236666666666667,0
2023-07-23,Beverages,South,15,111,8.71,0
2023-07-23,Beverages,West,51,395,5.9,0
2023-07-23,Dairy,North,1255,7489,4.9818181818181815,1
2023-07-23,Dairy,South,1122,7026,5.758,1
2023-07-23,Dairy,West,1238,7605,4.951041666666667,1
2023-07-23,Instant Food,North,200,2124,6.4338461538461535,1
2023-07-23,Instant Food,South,268,2422,5.561428571428571,1
2023-07-23,Instant Food,West,206,1896,5.533571428571428,1
2023-07-23,Snacks,North,380,2100,4.376875,1
2023-07-23,Snacks,South,455,2555,5.437058823529411,1
2023-07-23,Snacks,West,511,2585,5.458,1
2023-07-24,Beverages,North,63,457,6.806666666666668,0
2023-07-24,Beverages,South,20,216,1.985,0
2023-07-24,Beverages,West,47,378,5.406666666666666,1
2023-07-24,Dairy,North,1178,6964,5.302444444444445,1
2023-07-24,Dairy,South,1122,6384,5.144666666666667,1
2023-07-24,Dairy,West,1046,6412,5.284090909090909,1
2023-07-24,Instant Food,North,258,2435,5.302666666666667,1
2023-07-24,Instant Food,South,237,2144,6.024166666666666,1
2023-07-24,Instant Food,West,189,2093,5.055714285714286,0
2023-07-24,Snacks,North,475,2598,5.965625,1
2023-07-24,Snacks,South,421,2362,5.86125,1
2023-07-24,Snacks,West,419,2533,4.332,1
2023-07-25,Beverages,North,18,221,3.085,0
2023-07-25,Beverages,South,50,448,6.373333333333334,0
2023-07-25,Beverages,West,40,213,4.105,1
2023-07-25,Dairy,North,1047,7138,4.860217391304348,1
2023-07-25,Dairy,South,1136,6847,5.752666666666666,1
2023-07-25,Dairy,West,1045,6579,5.136279069767442,1
2023-07-25,Instant Food,North,208,2049,5.99,1
2023-07-25,Instant Food,South,230,2247,6.868571428571428,1
2023-07-25,Instant Food,West,227,2250,5.993076923076923,1
2023-07-25,Snacks,North,415,2294,6.296428571428572,1
2023-07-25,Snacks,South,507,2634,5.086875,1
2023-07-25,Snacks,West,371,2463,5.69,1
2023-07-26,Beverages,North,54,451,5.65,0
2023-07-26,Beverages,South,80,608,3.39,0
2023-07-26,Beverages,West,45,312,3.4,0
2023-07-26,Dairy,North,1068,6899,5.3100000000000005,1
2023-07-26,Dairy,South,1203,7898,5.088571428571429,1
2023-07-26,Dairy,West,1203,6975,4.920909090909091,1
2023-07-26,Instant Food,North,217,2055,5.485,1
2023-07-26,Instant Food,South,270,2577,5.394666666666667,1
2023-07-26,Instant Food,West,266,2158,4.721428571428571,1
2023-07-26,Snacks,North,357,2178,4.793571428571428,1
2023-07-26,Snacks,South,465,2741,4.8373333333333335,1
2023-07-26,Snacks,West,463,2503,4.598235294117647,1
2023-07-27,Beverages,North,91,625,5.263333333333334,1
2023-07-27,Beverages,South,64,365,3.8,1
2023-07-27,Beverages,West,82,493,3.94,1
2023-07-27,Dairy,North,1444,7575,5.132857142857143,1
2023-07-27,Dairy,South,1174,7428,4.812340425531915,1
2023-07-27,Dairy,West,1133,6995,5.614468085106383,1
2023-07-27,Instant Food,North,227,2094,6.380000000000001,1
2023-07-27,Instant Food,South,281,2562,6.306666666666667,1
2023-07-27,Instant Food,West,202,1955,5.541428571428571,1
2023-07-27,Snacks,North,375,2407,5.601428571428571,1
2023-07-27,Snacks,South,417,2582,4.948571428571428,1
2023-07-27,Snacks,West,475,2320,4.9350000000000005,1
2023-07-28,Beverages,North,35,293,6.313333333333333,0
2023-07-28,Beverages,South,67,568,4.576666666666667,0
2023-07-28,Beverages,West,53,493,6.186666666666667,0
2023-07-28,Dairy,North,1178,7515,4.890652173913043,1
2023-07-28,Dairy,South,1153,7485,5.096521739130435,1
2023-07-28,Dairy,West,1138,7391,5.349347826086956,1
2023-07-28,Instant Food,North,310,2187,5.42,1
2023-07-28,Instant Food,South,299,2095,4.701666666666667,1
2023-07-28,Instant Food,West,212,2045,4.658571428571428,1
2023-07-28,Snacks,North,412,2365,6.074117647058824,1
2023-07-28,Snacks,South,392,2613,4.692777777777778,1
2023-07-28,Snacks,West,308,1940,4.855,1
2023-07-29,Beverages,North,82,357,5.8933333333333335,1
2023-07-29,Beverages,South,28,296,5.72,0
2023-07-29,Beverages,West,34,232,6.675000000000001,1
2023-07-29,Dairy,North,1077,6892,5.080217391304347,1
2023-07-29,Dairy,South,1203,7944,5.2178,1
2023-07-29,Dairy,West,930,6355,5.203488372093023,1
2023-07-29,Instant Food,North,209,1868,5.453846153846154,1
2023-07-29,Instant Food,South,202,1927,5.1275,1
2023-07-29,Instant Food,West,144,1532,5.053333333333334,1
2023-07-29,Snacks,North,437,2668,5.474117647058824,1
2023-07-29,Snacks,South,444,2511,6.1425,1
2023-07-29,Snacks,West,487,3029,5.22,1
2023-07-30,Beverages,North,49,316,8.219999999999999,0
2023-07-30,Beverages,South,42,320,3.62,1
2023-07-30,Beverages,West,20,175,7.32,0
2023-07-30,Dairy,North,954,7035,5.3084444444444445,1
2023-07-30,Dairy,South,1123,7282,4.97125,1
2023-07-30,Dairy,West,1384,8261,5.880833333333334,1
2023-07-30,Instant Food,North,156,1695,6.005,1
2023-07-30,Instant Food,South,172,1764,5.741666666666666,1
2023-07-30,Instant Food,West,238,2125,5.5371428571428565,1
2023-07-30,Snacks,North,570,2802,4.392352941176471,1
2023-07-30,Snacks,South,481,2873,5.238235294117647,1
2023-07-30,Snacks,West,439,2116,4.958666666666667,1
2023-07-31,Beverages,North,77,518,7.87,0
2023-07-31,Beverages,South,34,240,5.095,0
2023-07-31,Beverages,West,66,422,5.486666666666667,1
2023-07-31,Dairy,North,1325,8077,5.15734693877551,1
2023-07-31,Dairy,South,1134,6964,4.917380952380952,1
2023-07-31,Dairy,West,1262,7492,4.863478260869565,1
2023-07-31,Instant Food,North,261,2423,5.642,1
2023-07-31,Instant Food,South,308,2232,5.041333333333333,1
2023-07-31,Instant Food,West,181,1827,5.6875,1
2023-07-31,Snacks,North,526,2816,5.222,1
2023-07-31,Snacks,South,437,2366,4.502,1
2023-07-31,Snacks,West,407,2466,4.5075,1
2023-08-01,Beverages,North,51,442,5.1066666666666665,0
2023-08-01,Beverages,South,30,149,8.27,1
2023-08-01,Beverages,West,58,484,5.06,0
2023-08-01,Dairy,North,966,6794,5.421956521739131,1
2023-08-01,Dairy,South,903,7028,5.083478260869565,1
2023-08-01,Dairy,West,1022,6738,4.849130434782609,1
2023-08-01,Instant Food,North,206,2174,5.0746153846153845,1
2023-08-01,Instant Food,South,148,1403,4.220000000000001,1
2023-08-01,Instant Food,West,232,2035,4.796923076923077,1
2023-08-01,Snacks,North,471,2763,5.097222222222222,1
2023-08-01,Snacks,South,521,2384,4.653125,1
2023-08-01,Snacks,West,472,2137,6.299285714285714,1
2023-08-02,Beverages,North,52,362,5.415,0
2023-08-02,Beverages,South,23,222,5.073333333333333,0
2023-08-02,Beverages,West,61,462,5.033333333333333,1
2023-08-02,Dairy,North,997,7477,5.699183673469388,1
2023-08-02,Dairy,South,1076,7543,5.310416666666667,1
2023-08-02,Dairy,West,1306,8480,5.211799999999999,1
2023-08-02,Instant Food,North,257,2348,6.328,1
2023-08-02,Instant Food,South,228,2246,4.403333333333333,1
2023-08-02,Instant Food,West,244,2181,5.403571428571429,1
2023-08-02,Snacks,North,443,2956,5.041666666666667,1
2023-08-02,Snacks,South,367,2510,4.774,0
2023-08-02,Snacks,West,424,2444,3.986,1
2023-08-03,Beverages,North,53,418,2.285,0
2023-08-03,Beverages,South,38,307,2.14,0
2023-08-03,Beverages,West,38,322,6.025,0
2023-08-03,Dairy,North,1062,7481,5.314791666666666,1
2023-08-03,Dairy,South,1013,8135,5.645918367346939,1
2023-08-03,Dairy,West,870,6719,5.405227272727273,1
2023-08-03,Instant Food,North,190,1668,3.6625,1
2023-08-03,Instant Food,South,255,2359,5.330666666666667,1
2023-08-03,Instant Food,West,212,2021,4.59,1
2023-08-03,Snacks,North,291,1608,4.884615384615385,1
2023-08-03,Snacks,South,327,2023,5.624,1
2023-08-03,Snacks,West,387,2322,5.932,1
2023-08-04,Beverages,North,72,610,7.313333333333333,1
2023-08-04,Beverages,South,51,474,5.283333333333333,0
2023-08-04,Beverages,West,74,489,3.7433333333333336,1
2023-08-04,Dairy,North,942,6940,5.237111111111111,1
2023-08-04,Dairy,South,965,6563,4.469574468085106,1
2023-08-04,Dairy,West,838,6272,5.22609756097561,1
2023-08-04,Instant Food,North,274,2023,4.25,1
2023-08-04,Instant Food,South,162,1842,5.19,1
2023-08-04,Instant Food,West,216,1897,4.046153846153846,1
2023-08-04,Snacks,North,402,2241,5.18125,1
2023-08-04,Snacks,South,360,2341,4.590000000000001,1
2023-08-04,Snacks,West,447,2699,5.247222222222223,1
2023-08-05,Beverages,North,46,471,7.046666666666667,0
2023-08-05,Beverages,South,58,478,3.09,0
2023-08-05,Beverages,West,25,223,5.24,0
2023-08-05,Dairy,North,1117,7443,4.8136,1
2023-08-05,Dairy,South,993,7079,5.520434782608696,1
2023-08-05,Dairy,West,987,7240,5.0408,1
2023-08-05,Instant Food,North,212,2245,5.404615384615385,1
2023-08-05,Instant Food,South,210,2103,5.980714285714286,1
2023-08-05,Instant Food,West,238,2206,6.256153846153846,1
2023-08-05,Snacks,North,362,2341,5.302666666666666,1
2023-08-05,Snacks,South,412,2377,6.022666666666667,1
2023-08-05,Snacks,West,453,2582,5.164375,1
2023-08-06,Beverages,North,31,358,6.68,0
2023-08-06,Beverages,South,42,397,4.596666666666667,0
2023-08-06,Beverages,West,99,703,4.29,1
2023-08-06,Dairy,North,922,7514,4.924893617021277,1
2023-08-06,Dairy,South,1090,7747,5.241020408163266,1
2023-08-06,Dairy,West,1163,7331,5.5793333333333335,1
2023-08-06,Instant Food,North,253,2170,4.810769230769231,1
2023-08-06,Instant Food,South,241,1978,5.272307692307693,1
2023-08-06,Instant Food,West,256,2184,5.556,1
2023-08-06,Snacks,North,308,1756,5.421538461538461,1
2023-08-06,Snacks,South,351,2458,3.4075,0
2023-08-06,Snacks,West,400,2687,5.274375,1
2023-08-07,Beverages,North,35,325,5.28,0
2023-08-07,Beverages,South,54,423,4.283333333333333,0
2023-08-07,Beverages,West,94,501,4.296666666666667,1
2023-08-07,Dairy,North,1055,7166,5.513191489361702,1
2023-08-07,Dairy,South,1109,8514,4.7248,1
2023-08-07,Dairy,West,900,6928,5.532127659574468,1
2023-08-07,Instant Food,North,257,2038,5.3133333333333335,1
2023-08-07,Instant Food,South,245,2300,5.902142857142857,1
2023-08-07,Instant Food,West,189,2092,5.697857142857143,1
2023-08-07,Snacks,North,344,2105,4.745,1
2023-08-07,Snacks,South,465,2694,5.5375,1
2023-08-07,Snacks,West,326,1981,5.3246153846153845,1
2023-08-08,Beverages,North,37,374,5.4366666666666665,0
2023-08-08,Beverages,South,40,372,3.966666666666667,0
2023-08-08,Beverages,West,77,603,2.9933333333333336,1
2023-08-08,Dairy,North,1168,8356,5.427142857142857,1
2023-08-08,Dairy,South,850,6859,4.964761904761905,1
2023-08-08,Dairy,West,978,7338,4.682127659574468,1
2023-08-08,Instant Food,North,234,1961,5.542857142857143,1
2023-08-08,Instant Food,South,226,2122,6.443846153846153,1
2023-08-08,Instant Food,West,247,2460,4.816,1
2023-08-08,Snacks,North,372,2460,4.575333333333333,1
2023-08-08,Snacks,South,389,2513,4.530666666666666,1
2023-08-08,Snacks,West,383,2328,6.58,1
2023-08-09,Beverages,North,45,392,4.8533333333333335,0
2023-08-09,Beverages,South,68,496,3.97,1
2023-08-09,Beverages,West,13,149,5.03,0
2023-08-09,Dairy,North,920,6877,5.479111111111111,1
2023-08-09,Dairy,South,1002,6974,4.9876595744680845,1
2023-08-09,Dairy,West,1165,8029,4.9816666666666665,1
2023-08-09,Instant Food,North,245,2392,4.859333333333334,1
2023-08-09,Instant Food,South,236,2272,4.845714285714286,1
2023-08-09,Instant Food,West,272,2642,4.820714285714286,1
2023-08-09,Snacks,North,307,1954,4.36,1
2023-08-09,Snacks,South,356,2195,5.4338461538461535,1
2023-08-09,Snacks,West,362,1920,4.575,1
2023-08-10,Beverages,North,52,448,3.98,0
2023-08-10,Beverages,South,64,559,5.593333333333334,0
2023-08-10,Beverages,West,49,319,6.994999999999999,1
2023-08-10,Dairy,North,900,6601,5.497727272727273,1
2023-08-10,Dairy,South,1069,7437,5.10891304347826,1
2023-08-10,Dairy,West,910,7183,5.3788888888888895,1
2023-08-10,Instant Food,North,159,1483,6.085555555555555,1
2023-08-10,Instant Food,South,202,2182,5.297692307692308,0
2023-08-10,Instant Food,West,232,2136,4.67076923076923,1
2023-08-10,Snacks,North,461,2721,4.784999999999999,1
2023-08-10,Snacks,South,390,2500,4.453571428571428,1
2023-08-10,Snacks,West,341,2421,6.070714285714286,1
2023-08-11,Beverages,North,74,490,5.956666666666666,1
2023-08-11,Beverages,South,43,413,7.876666666666666,0
2023-08-11,Beverages,West,21,214,4.44,0
2023-08-11,Dairy,North,913,6612,5.039069767441861,1
2023-08-11,Dairy,South,851,6673,5.037674418604651,1
2023-08-11,Dairy,West,1089,8046,5.623958333333333,1
2023-08-11,Instant Food,North,239,2148,5.021538461538461,1
2023-08-11,Instant Food,South,285,2179,4.990769230769231,1
2023-08-11,Instant Food,West,195,2023,4.8293333333333335,1
2023-08-11,Snacks,North,337,2195,4.1523076923076925,1
2023-08-11,Snacks,South,431,2389,5.09125,1
2023-08-11,Snacks,West,398,2711,4.647333333333333,1
2023-08-12,Beverages,North,42,332,3.84,0
2023-08-12,Beverages,South,35,390,7.793333333333333,0
2023-08-12,Beverages,West,73,425,5.33,1
2023-08-12,Dairy,North,870,7082,5.495106382978723,1
2023-08-12,Dairy,South,931,7109,5.069555555555556,1
2023-08-12,Dairy,West,831,6927,4.846976744186047,1
2023-08-12,Instant Food,North,190,1636,4.715454545454545,1
2023-08-12,Instant Food,South,175,1781,5.84,1
2023-08-12,Instant Food,West,178,1866,5.393846153846154,0
2023-08-12,Snacks,North,391,2388,4.916470588235294,1
2023-08-12,Snacks,South,432,2695,4.053125,1
2023-08-12,Snacks,West,441,2385,5.707058823529412,1
2023-08-13,Beverages,North,53,424,5.406666666666666,1
2023-08-13,Beverages,South,49,478,4.465,0
2023-08-13,Beverages,West,62,561,7.006666666666667,0
2023-08-13,Dairy,North,1090,7792,5.1692,1
2023-08-13,Dairy,South,946,7738,5.702857142857143,1
2023-08-13,Dairy,West,1079,7200,5.372083333333333,1
2023-08-13,Instant Food,North,172,1602,4.304545454545455,1
2023-08-13,Instant Food,South,180,1964,5.284285714285715,1
2023-08-13,Instant Food,West,229,1994,5.309333333333333,1
2023-08-13,Snacks,North,236,1601,5.4366666666666665,1
2023-08-13,Snacks,South,428,2674,5.089411764705882,1
2023-08-13,Snacks,West,442,2509,5.9975,1
2023-08-14,Beverages,North,61,518,6.829999999999999,0
2023-08-14,Beverages,South,40,429,3.1533333333333338,0
2023-08-14,Beverages,West,55,551,3.926666666666667,0
2023-08-14,Dairy,North,990,7242,4.617959183673469,1
2023-08-14,Dairy,South,1077,7152,5.4979545454545455,1
2023-08-14,Dairy,West,896,7159,5.242954545454546,1
2023-08-14,Instant Food,North,315,2628,4.400714285714286,1
2023-08-14,Instant Food,South,247,1951,5.539166666666667,1
2023-08-14,Instant Food,West,239,2104,6.095384615384615,1
2023-08-14,Snacks,North,420,2598,5.4825,1
2023-08-14,Snacks,South,352,2068,4.408,1
2023-08-14,Snacks,West,442,2748,5.424117647058824,1
2023-08-15,Beverages,North,34,369,4.09,0
2023-08-15,Beverages,South,45,424,4.6033333333333335,0
2023-08-15,Beverages,West,52,498,6.779999999999999,0
2023-08-15,Dairy,North,804,6086,5.168809523809524,1
2023-08-15,Dairy,South,985,7705,5.4234,1
2023-08-15,Dairy,West,914,7058,5.350454545454546,1
2023-08-15,Instant Food,North,198,2129,4.261428571428572,1
2023-08-15,Instant Food,South,229,2020,5.68076923076923,1
2023-08-15,Instant Food,West,176,1791,5.558461538461539,1
2023-08-15,Snacks,North,422,2743,5.492666666666667,1
2023-08-15,Snacks,South,263,1545,5.508571428571429,1
2023-08-15,Snacks,West,435,2445,5.5668750000000005,1
2023-08-16,Beverages,North,21,292,7.13,0
2023-08-16,Beverages,South,57,519,5.256666666666667,0
2023-08-16,Beverages,West,39,303,3.51,0
2023-08-16,Dairy,North,960,6174,5.025384615384616,1
2023-08-16,Dairy,South,955,6837,5.451904761904761,1
2023-08-16,Dairy,West,1020,7206,5.812608695652174,1
2023-08-16,Instant Food,North,293,2348,4.589285714285714,1
2023-08-16,Instant Food,South,199,2444,6.187142857142858,1
2023-08-16,Instant Food,West,180,1578,4.185,1
2023-08-16,Snacks,North,442,2340,4.045625,1
2023-08-16,Snacks,South,330,2174,4.487857142857143,0
2023-08-16,Snacks,West,448,2365,4.8342857142857145,1
2023-08-17,Beverages,North,50,556,4.513333333333334,0
2023-08-17,Beverages,South,47,419,4.97,0
2023-08-17,Beverages,West,49,397,7.93,0
2023-08-17,Dairy,North,1039,7490,5.1025,1
2023-08-17,Dairy,South,975,7400,5.768695652173913,1
2023-08-17,Dairy,West,1086,6923,5.393333333333333,1
2023-08-17,Instant Food,North,236,2172,5.834666666666666,1
2023-08-17,Instant Food,South,229,2015,5.2825,1
2023-08-17,Instant Food,West,240,2186,5.089285714285714,1
2023-08-17,Snacks,North,462,2681,5.879411764705883,1
2023-08-17,Snacks,South,442,2649,4.916470588235294,1
2023-08-17,Snacks,West,397,2386,5.312352941176471,1
2023-08-18,Beverages,North,44,434,4.6000000000000005,0
2023-08-18,Beverages,South,63,282,5.824999999999999,1
2023-08-18,Beverages,West,49,497,6.383333333333333,0
2023-08-18,Dairy,North,912,7093,5.144347826086956,1
2023-08-18,Dairy,South,870,6630,5.095416666666667,1
2023-08-18,Dairy,West,1012,7055,5.6706666666666665,1
2023-08-18,Instant Food,North,249,2509,4.375,1
2023-08-18,Instant Food,South,209,2238,6.026923076923078,1
2023-08-18,Instant Food,West,186,1848,5.572500000000001,1
2023-08-18,Snacks,North,434,2778,4.43125,1
2023-08-18,Snacks,South,492,2648,5.405625,1
2023-08-18,Snacks,West,430,2375,4.9425,1
2023-08-19,Beverages,North,64,459,4.523333333333333,0
2023-08-19,Beverages,South,18,162,2.76,0
2023-08-19,Beverages,West,58,526,3.583333333333333,0
2023-08-19,Dairy,North,903,7540,5.643265306122449,1
2023-08-19,Dairy,South,1017,7926,5.32156862745098,1
2023-08-19,Dairy,West,1011,7446,4.9093478260869565,1
2023-08-19,Instant Food,North,182,1947,4.187272727272728,1
2023-08-19,Instant Food,South,242,2062,5.029166666666667,1
2023-08-19,Instant Food,West,229,2077,4.952307692307692,1
2023-08-19,Snacks,North,235,1631,5.847,1
2023-08-19,Snacks,South,343,2332,4.955333333333333,1
2023-08-19,Snacks,West,396,2605,5.908666666666666,1
2023-08-20,Beverages,North,66,564,4.846666666666667,0
2023-08-20,Beverages,South,44,536,4.503333333333333,0
2023-08-20,Beverages,West,56,567,6.1066666666666665,0
2023-08-20,Dairy,North,979,7041,5.525454545454545,1
2023-08-20,Dairy,South,938,6770,5.56,1
2023-08-20,Dairy,West,931,6828,5.236976744186046,1
2023-08-20,Instant Food,North,174,1669,4.644545454545455,1
2023-08-20,Instant Food,South,184,1991,4.577692307692308,0
2023-08-20,Instant Food,West,235,2240,5.332142857142856,1
2023-08-20,Snacks,North,455,2801,5.1850000000000005,1
2023-08-20,Snacks,South,432,2825,5.060625,1
2023-08-20,Snacks,West,489,3275,5.743333333333333,1
2023-08-21,Beverages,North,56,479,4.203333333333333,0
2023-08-21,Beverages,South,25,250,5.125,0
2023-08-21,Beverages,West,64,552,4.743333333333333,0
2023-08-21,Dairy,North,957,7347,4.737450980392157,1
2023-08-21,Dairy,South,1038,7464,5.198125,1
2023-08-21,Dairy,West,984,6940,5.046363636363636,1
2023-08-21,Instant Food,North,165,1504,4.721,1
2023-08-21,Instant Food,South,193,1815,5.931666666666668,1
2023-08-21,Instant Food,West,179,1590,5.850833333333334,1
2023-08-21,Snacks,North,499,2795,4.84235294117647,1
2023-08-21,Snacks,South,335,2317,5.714666666666667,0
2023-08-21,Snacks,West,436,2861,5.030588235294117,1
2023-08-22,Beverages,North,77,395,5.199999999999999,1
2023-08-22,Beverages,South,19,157,3.99,0
2023-08-22,Beverages,West,52,430,6.203333333333333,0
2023-08-22,Dairy,North,857,6234,4.65219512195122,1
2023-08-22,Dairy,South,853,6127,4.918888888888889,1
2023-08-22,Dairy,West,940,6947,5.107173913043479,1
2023-08-22,Instant Food,North,233,2401,6.3806666666666665,1
2023-08-22,Instant Food,South,233,2169,5.847692307692308,1
2023-08-22,Instant Food,West,248,2262,5.6241666666666665,1
2023-08-22,Snacks,North,333,2410,6.0600000000000005,0
2023-08-22,Snacks,South,399,2243,3.946,1
2023-08-22,Snacks,West,318,2039,5.58,1
2023-08-23,Beverages,North,53,493,6.603333333333333,0
2023-08-23,Beverages,South,95,642,4.06,1
2023-08-23,Beverages,West,36,317,5.48,1
2023-08-23,Dairy,North,1160,7910,5.185744680851063,1
2023-08-23,Dairy,South,870,6728,4.829782608695653,1
2023-08-23,Dairy,West,1044,7470,4.855555555555555,1
2023-08-23,Instant Food,North,206,1976,6.982307692307692,1
2023-08-23,Instant Food,South,174,1889,4.499230769230769,0
2023-08-23,Instant Food,West,253,2185,4.925,1
2023-08-23,Snacks,North,462,2387,4.846666666666667,1
2023-08-23,Snacks,South,428,2566,5.221333333333334,1
2023-08-23,Snacks,West,429,2282,5.69,1
2023-08-24,Beverages,North,62,502,5.813333333333333,1
2023-08-24,Beverages,South,79,667,4.066666666666666,0
2023-08-24,Beverages,West,14,146,2.92,0
2023-08-24,Dairy,North,1133,8031,4.885833333333333,1
2023-08-24,Dairy,South,1095,8082,4.626808510638298,1
2023-08-24,Dairy,West,813,6791,5.177234042553192,1
2023-08-24,Instant Food,North,204,1900,6.262857142857143,1
2023-08-24,Instant Food,South,246,2409,6.629166666666666,1
2023-08-24,Instant Food,West,234,2092,5.67076923076923,1
2023-08-24,Snacks,North,389,2463,6.168125,1
2023-08-24,Snacks,South,413,2181,5.946,1
2023-08-24,Snacks,West,312,1822,5.924166666666667,1
2023-08-25,Beverages,North,25,296,4.1,0
2023-08-25,Beverages,South,109,565,5.773333333333333,1
2023-08-25,Beverages,West,24,262,7.035,0
2023-08-25,Dairy,North,1087,7782,5.283191489361702,1
2023-08-25,Dairy,South,1158,7919,4.8334,1
2023-08-25,Dairy,West,944,6721,4.992,1
2023-08-25,Instant Food,North,236,2288,4.3293333333333335,1
2023-08-25,Instant Food,South,260,2456,4.705333333333333,1
2023-08-25,Instant Food,West,264,2189,5.4423076923076925,1
2023-08-25,Snacks,North,408,2114,5.728333333333333,1
2023-08-25,Snacks,South,390,2302,6.033333333333333,1
2023-08-25,Snacks,West,412,2575,5.028125,1
2023-08-26,Beverages,North,39,492,4.496666666666667,0
2023-08-26,Beverages,South,55,349,4.75,1
2023-08-26,Beverages,West,67,552,7.863333333333333,1
2023-08-26,Dairy,North,1071,7659,5.5027083333333335,1
2023-08-26,Dairy,South,1078,7462,5.277872340425532,1
2023-08-26,Dairy,West,945,6692,5.209047619047619,1
2023-08-26,Instant Food,North,299,2524,4.952666666666667,1
2023-08-26,Instant Food,South,272,2238,4.837142857142857,1
2023-08-26,Instant Food,West,263,2120,5.860666666666666,1
2023-08-26,Snacks,North,355,1802,4.07,1
2023-08-26,Snacks,South,358,2409,4.67875,1
2023-08-26,Snacks,West,342,2332,5.582,1
2023-08-27,Beverages,North,41,227,3.605,1
2023-08-27,Beverages,South,72,570,2.7566666666666664,0
2023-08-27,Beverages,West,31,206,5.92,0
2023-08-27,Dairy,North,1189,8341,5.380612244897959,1
2023-08-27,Dairy,South,1100,7187,5.0806818181818185,1
2023-08-27,Dairy,West,1107,7569,5.662857142857143,1
2023-08-27,Instant Food,North,217,2240,5.83,1
2023-08-27,Instant Food,South,255,2157,5.139285714285714,1
2023-08-27,Instant Food,West,249,2423,5.387333333333333,1
2023-08-27,Snacks,North,416,2379,5.311428571428571,1
2023-08-27,Snacks,South,314,2140,4.760000000000001,1
2023-08-27,Snacks,West,456,2632,5.190625,1
2023-08-28,Beverages,North,69,541,3.8366666666666656,1
2023-08-28,Beverages,South,54,461,4.56,0
2023-08-28,Beverages,West,55,516,2.973333333333333,0
2023-08-28,Dairy,North,929,7032,4.771739130434782,1
2023-08-28,Dairy,South,928,7097,5.200434782608696,1
2023-08-28,Dairy,West,1104,7429,5.298913043478261,1
2023-08-28,Instant Food,North,225,1960,4.667692307692308,1
2023-08-28,Instant Food,South,233,2127,6.167333333333334,1
2023-08-28,Instant Food,West,179,1872,5.0975,1
2023-08-28,Snacks,North,315,1875,4.831538461538461,1
2023-08-28,Snacks,South,441,2598,4.364375,1
2023-08-28,Snacks,West,450,2338,5.3225,1
2023-08-29,Beverages,North,14,234,7.005,0
2023-08-29,Beverages,South,66,563,5.553333333333334,0
2023-08-29,Beverages,West,33,287,6.6,0
2023-08-29,Dairy,North,840,6758,5.375581395348838,1
2023-08-29,Dairy,South,881,6199,4.872631578947368,1
2023-08-29,Dairy,West,776,6348,5.087441860465116,1
2023-08-29,Instant Food,North,204,2086,5.43,1
2023-08-29,Instant Food,South,184,1773,4.885,1
2023-08-29,Instant Food,West,182,1952,5.259230769230769,0
2023-08-29,Snacks,North,401,2725,6.03875,1
2023-08-29,Snacks,South,314,1897,4.569375,1
2023-08-29,Snacks,West,362,2091,5.4925,1
2023-08-30,Beverages,North,32,372,3.95,0
2023-08-30,Beverages,South,46,414,5.556666666666668,0
2023-08-30,Beverages,West,36,352,6.786666666666666,0
2023-08-30,Dairy,North,874,6265,5.600476190476191,1
2023-08-30,Dairy,South,1123,7660,5.525,1
2023-08-30,Dairy,West,874,6840,4.647777777777778,1
2023-08-30,Instant Food,North,321,2757,4.522,1
2023-08-30,Instant Food,South,229,2195,5.267142857142857,1
2023-08-30,Instant Food,West,192,1717,4.837272727272727,1
2023-08-30,Snacks,North,508,2789,5.714705882352941,1
2023-08-30,Snacks,South,445,2435,5.367142857142857,1
2023-08-30,Snacks,West,274,1833,5.1085714285714285,1
2023-08-31,Beverages,North,40,386,6.575,0
2023-08-31,Beverages,South,22,278,3.966666666666667,0
2023-08-31,Beverages,West,51,523,5.573333333333333,0
2023-08-31,Dairy,North,1121,8290,5.742156862745098,1
2023-08-31,Dairy,South,980,7364,5.168510638297872,1
2023-08-31,Dairy,West,1144,8728,5.204509803921569,1
2023-08-31,Instant Food,North,212,1867,4.99,1
2023-08-31,Instant Food,South,265,2332,5.914666666666666,1
2023-08-31,Instant Food,West,243,2396,5.127857142857144,1
2023-08-31,Snacks,North,434,2236,5.0756250000000005,1
2023-08-31,Snacks,South,370,2437,4.165625,1
2023-08-31,Snacks,West,373,2334,5.203125,1
2023-09-01,Beverages,North,34,456,3.9466666666666663,0
2023-09-01,Beverages,South,44,473,7.349999999999999,1
2023-09-01,Beverages,West,26,124,2.13,1
2023-09-01,Dairy,North,988,7959,5.343469387755102,1
2023-09-01,Dairy,South,740,6690,5.203023255813953,1
2023-09-01,Dairy,West,677,6270,5.3545,1
2023-09-01,Instant Food,North,159,1552,5.287692307692307,1
2023-09-01,Instant Food,South,149,1490,5.321,1
2023-09-01,Instant Food,West,233,2128,4.6825,1
2023-09-01,Snacks,North,320,2544,5.078125,0
2023-09-01,Snacks,South,391,2672,5.043333333333334,1
2023-09-01,Snacks,West,412,2549,5.684444444444444,1
2023-09-02,Beverages,North,23,269,3.395,0
2023-09-02,Beverages,South,84,501,3.4,1
2023-09-02,Beverages,West,14,193,3.86,0
2023-09-02,Dairy,North,1009,7944,5.3288,1
2023-09-02,Dairy,South,898,7267,4.727021276595745,1
2023-09-02,Dairy,West,972,7851,5.6352,1
2023-09-02,Instant Food,North,236,2239,6.136153846153846,1
2023-09-02,Instant Food,South,226,2225,5.897857142857142,0
2023-09-02,Instant Food,West,265,2343,5.306923076923076,1
2023-09-02,Snacks,North,322,2345,5.6146666666666665,0
2023-09-02,Snacks,South,351,2143,5.366875,1
2023-09-02,Snacks,West,272,2020,5.815333333333332,0
2023-09-03,Beverages,North,55,443,7.173333333333333,1
2023-09-03,Beverages,South,10,136,2.28,0
2023-09-03,Beverages,West,11,139,8.22,0
2023-09-03,Dairy,North,845,6787,5.125416666666667,1
2023-09-03,Dairy,South,739,7045,5.384318181818181,1
2023-09-03,Dairy,West,778,7495,5.412708333333334,1
2023-09-03,Instant Food,North,136,1369,6.165,1
2023-09-03,Instant Food,South,162,1667,5.684166666666666,0
2023-09-03,Instant Food,West,187,2051,5.283076923076923,1
2023-09-03,Snacks,North,352,2333,4.086666666666667,1
2023-09-03,Snacks,South,377,2403,5.3125,1
2023-09-03,Snacks,West,415,2983,5.016470588235294,1
2023-09-04,Beverages,North,32,410,4.415,0
2023-09-04,Beverages,South,64,593,5.526666666666667,1
2023-09-04,Beverages,West,42,492,4.41,0
2023-09-04,Dairy,North,799,7026,5.149347826086957,1
2023-09-04,Dairy,South,824,7301,5.706304347826087,1
2023-09-04,Dairy,West,850,7279,5.082553191489362,1
2023-09-04,Instant Food,North,214,2092,4.285,1
2023-09-04,Instant Food,South,216,1686,5.836363636363637,1
2023-09-04,Instant Food,West,286,2332,4.443846153846154,1
2023-09-04,Snacks,North,340,2471,6.3853333333333335,1
2023-09-04,Snacks,South,352,2641,5.675882352941176,0
2023-09-04,Snacks,West,458,3061,6.237647058823529,1
2023-09-05,Beverages,North,69,455,5.503333333333334,1
2023-09-05,Beverages,South,28,251,6.57,0
2023-09-05,Beverages,West,49,634,5.093333333333333,0
2023-09-05,Dairy,North,1021,8137,4.609591836734694,1
2023-09-05,Dairy,South,837,6900,5.504545454545454,1
2023-09-05,Dairy,West,751,6604,5.61090909090909,1
2023-09-05,Instant Food,North,279,2293,4.3875,1
2023-09-05,Instant Food,South,182,1498,6.203636363636363,1
2023-09-05,Instant Food,West,263,2379,5.636153846153846,1
2023-09-05,Snacks,North,322,2379,4.484375,1
2023-09-05,Snacks,South,350,2417,6.104375,1
2023-09-05,Snacks,West,397,2842,5.488125,1
2023-09-06,Beverages,North,33,451,6.753333333333334,0
2023-09-06,Beverages,South,35,387,6.470000000000001,0
2023-09-06,Beverages,West,52,408,4.77,1
2023-09-06,Dairy,North,706,6072,5.40425,1
2023-09-06,Dairy,South,1050,8002,5.519130434782609,1
2023-09-06,Dairy,West,980,7931,5.831041666666667,1
2023-09-06,Instant Food,North,246,2421,4.943571428571429,1
2023-09-06,Instant Food,South,279,2099,4.6269230769230765,1
2023-09-06,Instant Food,West,213,2088,4.997142857142856,1
2023-09-06,Snacks,North,353,2439,5.752666666666667,1
2023-09-06,Snacks,South,383,2343,4.444999999999999,1
2023-09-06,Snacks,West,276,1967,6.175,1
2023-09-07,Beverages,North,30,301,4.904999999999999,0
2023-09-07,Beverages,South,23,353,6.666666666666667,0
2023-09-07,Beverages,West,76,565,3.4633333333333334,1
2023-09-07,Dairy,North,803,7006,5.111818181818182,1
2023-09-07,Dairy,South,672,6199,5.53575,1
2023-09-07,Dairy,West,800,6543,5.345,1
2023-09-07,Instant Food,North,261,2280,6.022857142857142,1
2023-09-07,Instant Food,South,252,2149,5.779230769230769,1
2023-09-07,Instant Food,West,232,2028,5.477857142857142,1
2023-09-07,Snacks,North,441,2399,5.658235294117647,1
2023-09-07,Snacks,South,427,2489,5.763333333333334,1
2023-09-07,Snacks,West,410,2556,6.120666666666667,1
2023-09-08,Beverages,North,69,495,6.95,1
2023-09-08,Beverages,South,54,437,6.866666666666667,1
2023-09-08,Beverages,West,66,474,5.246666666666667,1
2023-09-08,Dairy,North,836,7391,5.693555555555555,1
2023-09-08,Dairy,South,834,7198,5.0129166666666665,1
2023-09-08,Dairy,West,834,8058,5.212916666666667,1
2023-09-08,Instant Food,North,181,1590,5.703333333333333,1
2023-09-08,Instant Food,South,222,2051,5.043333333333334,1
2023-09-08,Instant Food,West,224,2019,4.912307692307692,1
2023-09-08,Snacks,North,384,2355,5.497692307692308,1
2023-09-08,Snacks,South,361,2272,5.242500000000001,1
2023-09-08,Snacks,West,306,2108,6.004,1
2023-09-09,Beverages,North,55,435,4.3500000000000005,1
2023-09-09,Beverages,South,40,407,6.023333333333333,0
2023-09-09,Beverages,West,15,149,7.45,0
2023-09-09,Dairy,North,763,6554,5.794772727272727,1
2023-09-09,Dairy,South,997,7812,5.5082978723404254,1
2023-09-09,Dairy,West,667,6181,5.625384615384615,1
2023-09-09,Instant Food,North,257,2372,5.578461538461538,1
2023-09-09,Instant Food,South,204,2016,5.627692307692308,1
2023-09-09,Instant Food,West,278,2540,5.183571428571429,1
2023-09-09,Snacks,North,337,2215,4.711875,1
2023-09-09,Snacks,South,390,2312,4.976,1
2023-09-09,Snacks,West,439,3028,5.677058823529412,1
2023-09-10,Beverages,North,48,316,5.155,1
2023-09-10,Beverages,South,64,527,5.4366666666666665,1
2023-09-10,Beverages,West,28,196,7.74,1
2023-09-10,Dairy,North,842,7332,5.652,1
2023-09-10,Dairy,South,914,7808,4.860833333333333,1
2023-09-10,Dairy,West,886,7746,5.051458333333334,1
2023-09-10,Instant Food,North,218,2147,5.632307692307692,1
2023-09-10,Instant Food,South,229,2103,6.065384615384616,1
2023-09-10,Instant Food,West,264,2093,5.510769230769231,1
2023-09-10,Snacks,North,351,2438,4.692666666666667,1
2023-09-10,Snacks,South,415,2461,4.716875,1
2023-09-10,Snacks,West,341,2278,5.029333333333333,1
2023-09-11,Beverages,North,49,588,2.7099999999999995,0
2023-09-11,Beverages,South,14,138,4.99,0
2023-09-11,Beverages,West,44,470,4.546666666666667,0
2023-09-11,Dairy,North,875,8176,5.6798,1
2023-09-11,Dairy,South,1025,8298,5.254509803921569,1
2023-09-11,Dairy,West,687,6284,5.710909090909091,1
2023-09-11,Instant Food,North,157,1481,5.481111111111111,1
2023-09-11,Instant Food,South,200,1712,5.228181818181818,1
2023-09-11,Instant Food,West,256,2097,5.403333333333333,1
2023-09-11,Snacks,North,241,1829,5.098666666666667,1
2023-09-11,Snacks,South,359,2346,5.251428571428571,1
2023-09-11,Snacks,West,258,1977,4.714375,1
2023-09-12,Beverages,North,46,390,5.666666666666667,1
2023-09-12,Beverages,South,42,465,5.026666666666666,0
2023-09-12,Beverages,West,28,274,4.39,0
2023-09-12,Dairy,North,805,6836,5.428604651162791,1
2023-09-12,Dairy,South,942,7913,5.203555555555555,1
2023-09-12,Dairy,West,879,6715,5.58,1
2023-09-12,Instant Food,North,180,1602,4.456,0
2023-09-12,Instant Food,South,217,1652,5.1066666666666665,1
2023-09-12,Instant Food,West,205,1911,5.132499999999999,1
2023-09-12,Snacks,North,327,2158,4.9446666666666665,1
2023-09-12,Snacks,South,478,3120,5.091764705882353,1
2023-09-12,Snacks,West,385,2385,5.502666666666667,1
2023-09-13,Beverages,North,27,313,3.295,0
2023-09-13,Beverages,South,34,245,4.095,1
2023-09-13,Beverages,West,35,516,5.373333333333334,0
2023-09-13,Dairy,North,767,6677,5.312558139534883,1
2023-09-13,Dairy,South,796,7698,5.627083333333334,1
2023-09-13,Dairy,West,872,7183,5.0015217391304345,1
2023-09-13,Instant Food,North,327,2421,5.78923076923077,1
2023-09-13,Instant Food,South,300,2582,5.298571428571428,1
2023-09-13,Instant Food,West,180,1870,5.714166666666666,1
2023-09-13,Snacks,North,340,2687,5.559375,1
2023-09-13,Snacks,South,346,2107,5.4557142857142855,1
2023-09-13,Snacks,West,227,1880,4.7700000000000005,0
2023-09-14,Beverages,North,44,440,3.09,0
2023-09-14,Beverages,South,30,284,2.49,0
2023-09-14,Beverages,West,26,125,8.3,1
2023-09-14,Dairy,North,846,7200,5.9474418604651165,1
2023-09-14,Dairy,South,906,7361,4.867083333333333,1
2023-09-14,Dairy,West,774,6970,5.304772727272727,1
2023-09-14,Instant Food,North,191,2009,5.6,1
2023-09-14,Instant Food,South,223,2092,5.150769230769232,0
2023-09-14,Instant Food,West,292,2505,4.542142857142857,1
2023-09-14,Snacks,North,475,2355,4.829375,1
2023-09-14,Snacks,South,374,2543,4.8966666666666665,1
2023-09-14,Snacks,West,304,2130,4.9625,1
2023-09-15,Beverages,North,55,451,7.19,1
2023-09-15,Beverages,South,53,499,3.8433333333333337,1
2023-09-15,Beverages,West,31,430,5.426666666666667,0
2023-09-15,Dairy,North,848,7187,4.994583333333334,1
2023-09-15,Dairy,South,952,8129,5.52,1
2023-09-15,Dairy,West,1030,7686,5.166382978723404,1
2023-09-15,Instant Food,North,166,1529,3.842727272727273,1
2023-09-15,Instant Food,South,188,1925,4.806153846153846,0
2023-09-15,Instant Food,West,233,2192,5.676153846153846,1
2023-09-15,Snacks,North,240,2005,5.712307692307691,0
2023-09-15,Snacks,South,445,2914,5.0194117647058825,1
2023-09-15,Snacks,West,291,2306,4.5721428571428575,0
2023-09-16,Beverages,North,39,540,7.546666666666667,1
2023-09-16,Beverages,South,67,590,8.47,1
2023-09-16,Beverages,West,39,407,6.239999999999999,0
2023-09-16,Dairy,North,893,8255,5.159583333333333,1
2023-09-16,Dairy,South,839,7340,4.977916666666666,1
2023-09-16,Dairy,West,892,7390,5.495217391304348,1
2023-09-16,Instant Food,North,232,1541,5.044545454545455,1
2023-09-16,Instant Food,South,158,1536,6.163636363636363,1
2023-09-16,Instant Food,West,217,1784,5.9558333333333335,1
2023-09-16,Snacks,North,296,1669,4.99,1
2023-09-16,Snacks,South,372,2295,6.0375,1
2023-09-16,Snacks,West,328,2320,5.264666666666667,1
2023-09-17,Beverages,North,55,573,5.5633333333333335,1
2023-09-17,Beverages,South,45,504,6.37,0
2023-09-17,Beverages,West,22,232,7.105,0
2023-09-17,Dairy,North,714,6422,5.7492857142857146,1
2023-09-17,Dairy,South,885,7594,5.680212765957446,1
2023-09-17,Dairy,West,930,7583,4.730408163265306,1
2023-09-17,Instant Food,North,189,2025,4.089230769230769,0
2023-09-17,Instant Food,South,176,1680,5.3554545454545455,1
2023-09-17,Instant Food,West,239,1936,4.088461538461538,1
2023-09-17,Snacks,North,331,2061,6.298,1
2023-09-17,Snacks,South,344,2298,5.569999999999999,1
2023-09-17,Snacks,West,376,2702,6.324117647058824,1
2023-09-18,Beverages,North,24,264,6.48,0
2023-09-18,Beverages,South,52,597,5.496666666666666,0
2023-09-18,Beverages,West,28,345,5.76,0
2023-09-18,Dairy,North,939,8025,5.056739130434783,1
2023-09-18,Dairy,South,850,7758,5.915416666666666,1
2023-09-18,Dairy,West,698,6012,5.298292682926829,1
2023-09-18,Instant Food,North,205,2181,3.957692307692308,1
2023-09-18,Instant Food,South,168,1683,4.456666666666667,1
2023-09-18,Instant Food,West,253,2255,4.773571428571429,1
2023-09-18,Snacks,North,341,2350,5.291764705882352,1
2023-09-18,Snacks,South,455,2809,5.08,1
2023-09-18,Snacks,West,322,2519,5.550666666666667,1
2023-09-19,Beverages,North,29,287,4.45,0
2023-09-19,Beverages,South,78,578,3.51,1
2023-09-19,Beverages,West,92,545,4.793333333333333,1
2023-09-19,Dairy,North,888,7364,5.35063829787234,1
2023-09-19,Dairy,South,854,7138,5.542340425531915,1
2023-09-19,Dairy,West,831,7655,5.492653061224489,1
2023-09-19,Instant Food,North,221,1982,5.489999999999999,1
2023-09-19,Instant Food,South,210,2273,3.3593333333333333,1
2023-09-19,Instant Food,West,218,2135,5.487692307692308,1
2023-09-19,Snacks,North,386,2416,5.510000000000001,1
2023-09-19,Snacks,South,305,2364,3.6357142857142857,1
2023-09-19,Snacks,West,347,2185,5.212666666666666,1
2023-09-20,Beverages,North,20,201,7.05,0
2023-09-20,Beverages,South,70,610,5.1033333333333335,1
2023-09-20,Beverages,West,34,451,5.523333333333333,0
2023-09-20,Dairy,North,705,6473,5.133636363636364,1
2023-09-20,Dairy,South,868,7794,5.244400000000001,1
2023-09-20,Dairy,West,872,6909,5.539591836734694,1
2023-09-20,Instant Food,North,213,1684,5.829999999999999,1
2023-09-20,Instant Food,South,171,1728,5.403333333333333,1
2023-09-20,Instant Food,West,170,1859,4.971818181818182,0
2023-09-20,Snacks,North,390,2698,5.527647058823529,1
2023-09-20,Snacks,South,282,1947,5.764666666666667,1
2023-09-20,Snacks,West,374,2704,4.4957142857142856,1
2023-09-21,Beverages,North,79,447,4.8,1
2023-09-21,Beverages,South,33,451,8.066666666666666,0
2023-09-21,Beverages,West,21,200,6.22,1
2023-09-21,Dairy,North,847,7584,5.53093023255814,1
2023-09-21,Dairy,South,794,7373,5.217954545454545,1
2023-09-21,Dairy,West,909,8162,5.3308333333333335,1
2023-09-21,Instant Food,North,213,2113,5.022307692307692,1
2023-09-21,Instant Food,South,160,1775,5.1025,0
2023-09-21,Instant Food,West,219,2022,5.055384615384615,1
2023-09-21,Snacks,North,284,1919,4.794545454545454,1
2023-09-21,Snacks,South,372,2705,4.989411764705882,1
2023-09-21,Snacks,West,334,2294,6.340625,1
2023-09-22,Beverages,North,56,497,5.406666666666666,0
2023-09-22,Beverages,South,61,589,7.163333333333334,1
2023-09-22,Beverages,West,36,460,4.263333333333333,0
2023-09-22,Dairy,North,977,7245,5.452093023255814,1
2023-09-22,Dairy,South,673,6512,5.409318181818182,1
2023-09-22,Dairy,West,684,6099,5.220952380952381,1
2023-09-22,Instant Food,North,218,1853,6.133846153846154,1
2023-09-22,Instant Food,South,275,2429,4.638571428571429,1
2023-09-22,Instant Food,West,211,2053,4.981428571428571,1
2023-09-22,Snacks,North,329,2416,5.05625,1
2023-09-22,Snacks,South,313,2133,5.586153846153847,1
2023-09-22,Snacks,West,367,2466,5.784375,1
2023-09-23,Beverages,North,24,232,4.15,0
2023-09-23,Beverages,South,25,311,4.176666666666667,0
2023-09-23,Beverages,West,57,526,6.28,0
2023-09-23,Dairy,North,776,6764,5.164888888888888,1
2023-09-23,Dairy,South,882,7502,5.469347826086957,1
2023-09-23,Dairy,West,707,6425,5.3095,1
2023-09-23,Instant Food,North,209,1877,5.609999999999999,1
2023-09-23,Instant Food,South,197,1886,4.828461538461538,1
2023-09-23,Instant Food,West,259,2328,4.842857142857143,1
2023-09-23,Snacks,North,362,2619,4.215,1
2023-09-23,Snacks,South,426,2573,4.8864705882352935,1
2023-09-23,Snacks,West,407,2421,5.75125,1
2023-09-24,Beverages,North,34,270,4.65,0
2023-09-24,Beverages,South,44,491,5.423333333333333,0
2023-09-24,Beverages,West,20,189,3.57,0
2023-09-24,Dairy,North,802,6233,5.432142857142857,1
2023-09-24,Dairy,South,899,7430,4.895777777777778,1
2023-09-24,Dairy,West,723,6216,4.86625,1
2023-09-24,Instant Food,North,248,2189,5.172307692307692,1
2023-09-24,Instant Food,South,230,1931,4.79,1
2023-09-24,Instant Food,West,222,2034,6.494285714285715,1
2023-09-24,Snacks,North,367,2566,5.438666666666666,1
2023-09-24,Snacks,South,258,1764,5.533333333333334,1
2023-09-24,Snacks,West,360,2464,5.32375,1
2023-09-25,Beverages,North,34,527,6.260000000000001,0
2023-09-25,Beverages,South,30,217,7.465,0
2023-09-25,Beverages,West,42,474,5.71,0
2023-09-25,Dairy,North,853,6898,5.193478260869566,1
2023-09-25,Dairy,South,947,7814,4.637659574468085,1
2023-09-25,Dairy,West,719,6702,5.481463414634146,1
2023-09-25,Instant Food,North,260,2296,5.378,1
2023-09-25,Instant Food,South,296,2132,4.758571428571429,1
2023-09-25,Instant Food,West,217,2345,5.392666666666667,1
2023-09-25,Snacks,North,412,2718,5.027647058823529,1
2023-09-25,Snacks,South,366,2410,5.1994444444444445,1
2023-09-25,Snacks,West,403,2750,5.81875,1
2023-09-26,Beverages,North,18,243,7.58,0
2023-09-26,Beverages,South,29,366,4.29,0
2023-09-26,Beverages,West,33,414,6.24,0
2023-09-26,Dairy,North,877,7898,4.908125,1
2023-09-26,Dairy,South,1001,8406,4.7954,1
2023-09-26,Dairy,West,919,7920,4.9285106382978725,1
2023-09-26,Instant Food,North,209,1817,4.5746153846153845,1
2023-09-26,Instant Food,South,245,2129,6.437857142857142,1
2023-09-26,Instant Food,West,246,2039,4.233333333333333,1
2023-09-26,Snacks,North,370,2583,5.4225,1
2023-09-26,Snacks,South,439,2888,6.015625,1
2023-09-26,Snacks,West,226,1927,4.770769230769231,0
2023-09-27,Beverages,North,43,450,6.263333333333333,0
2023-09-27,Beverages,South,36,429,6.135,0
2023-09-27,Beverages,West,50,556,6.413333333333334,0
2023-09-27,Dairy,North,958,7824,5.397200000000001,1
2023-09-27,Dairy,South,869,7957,5.5164583333333335,1
2023-09-27,Dairy,West,717,6511,5.518372093023256,1
2023-09-27,Instant Food,North,162,1785,5.786153846153846,1
2023-09-27,Instant Food,South,241,2111,4.125714285714285,1
2023-09-27,Instant Food,West,219,2094,5.335384615384616,1
2023-09-27,Snacks,North,421,2938,5.882777777777778,1
2023-09-27,Snacks,South,320,1934,4.614615384615385,1
2023-09-27,Snacks,West,330,2448,4.797058823529412,1
2023-09-28,Beverages,North,48,478,5.796666666666667,0
2023-09-28,Beverages,South,11,184,7.22,0
2023-09-28,Beverages,West,54,494,4.26,0
2023-09-28,Dairy,North,961,7835,5.6016,1
2023-09-28,Dairy,South,864,7708,5.01,1
2023-09-28,Dairy,West,848,7149,5.184255319148936,1
2023-09-28,Instant Food,North,193,2167,6.297857142857143,0
2023-09-28,Instant Food,South,171,1629,5.621666666666666,1
2023-09-28,Instant Food,West,283,1824,5.264166666666667,1
2023-09-28,Snacks,North,326,2426,4.505714285714285,1
2023-09-28,Snacks,South,348,2263,5.636,1
2023-09-28,Snacks,West,323,2429,5.725333333333333,1
2023-09-29,Beverages,North,54,337,6.72,1
2023-09-29,Beverages,South,40,436,2.65,0
2023-09-29,Beverages,West,42,571,6.796666666666667,0
2023-09-29,Dairy,North,856,7612,4.937450980392157,1
2023-09-29,Dairy,South,893,6949,4.814318181818182,1
2023-09-29,Dairy,West,799,7351,4.897291666666667,1
2023-09-29,Instant Food,North,292,2268,4.787692307692308,1
2023-09-29,Instant Food,South,312,2149,4.95,1
2023-09-29,Instant Food,West,223,1975,4.848461538461539,1
2023-09-29,Snacks,North,279,2060,5.008666666666667,1
2023-09-29,Snacks,South,400,2378,5.990666666666667,1
2023-09-29,Snacks,West,319,2065,5.198571428571428,1
2023-09-30,Beverages,North,16,175,6.375,0
2023-09-30,Beverages,South,42,493,4.523333333333333,0
2023-09-30,Beverages,West,50,405,5.300000000000001,1
2023-09-30,Dairy,North,839,7096,5.376304347826087,1
2023-09-30,Dairy,South,797,6923,5.604347826086957,1
2023-09-30,Dairy,West,655,6305,5.335714285714285,1
2023-09-30,Instant Food,North,164,1629,6.2925,1
2023-09-30,Instant Food,South,294,2255,4.928461538461538,1
2023-09-30,Instant Food,West,220,1716,6.335384615384616,1
2023-09-30,Snacks,North,401,2896,4.888235294117647,1
2023-09-30,Snacks,South,246,1576,5.548333333333333,1
2023-09-30,Snacks,West,355,2150,4.433333333333334,1
2023-10-01,Beverages,North,27,389,5.223333333333334,0
2023-10-01,Beverages,South,16,280,5.295,0
2023-10-01,Beverages,West,74,388,4.885,1
2023-10-01,Dairy,North,650,6017,5.46375,1
2023-10-01,Dairy,South,743,6811,4.823863636363637,1
2023-10-01,Dairy,West,843,7970,5.7064,1
2023-10-01,Instant Food,North,184,1732,5.105,0
2023-10-01,Instant Food,South,326,2119,4.93,1
2023-10-01,Instant Food,West,257,2373,4.201428571428571,1
2023-10-01,Snacks,North,266,2118,4.514285714285714,1
2023-10-01,Snacks,South,383,2380,6.281428571428571,1
2023-10-01,Snacks,West,304,2082,4.6850000000000005,1
2023-10-02,Beverages,North,28,386,5.325,0
2023-10-02,Beverages,South,15,181,5.07,0
2023-10-02,Beverages,West,15,228,4.16,0
2023-10-02,Dairy,North,814,7328,4.728958333333334,1
2023-10-02,Dairy,South,662,6316,5.361136363636363,1
2023-10-02,Dairy,West,849,7393,5.361666666666667,1
2023-10-02,Instant Food,North,249,2032,4.246153846153846,1
2023-10-02,Instant Food,South,267,2258,5.736666666666666,1
2023-10-02,Instant Food,West,207,2065,6.241538461538462,0
2023-10-02,Snacks,North,286,2342,4.5553333333333335,1
2023-10-02,Snacks,South,327,2432,5.38875,1
2023-10-02,Snacks,West,328,2491,5.69125,1
2023-10-03,Beverages,North,41,443,4.745,0
2023-10-03,Beverages,South,52,449,5.43,1
2023-10-03,Beverages,West,52,396,3.123333333333333,1
2023-10-03,Dairy,North,781,7297,5.133478260869565,1
2023-10-03,Dairy,South,722,6451,5.2700000000000005,1
2023-10-03,Dairy,West,672,6628,5.2304545454545455,1
2023-10-03,Instant Food,North,255,1867,5.617272727272727,1
2023-10-03,Instant Food,South,245,1684,5.783333333333334,1
2023-10-03,Instant Food,West,257,1867,5.271538461538461,1
2023-10-03,Snacks,North,370,2381,5.3488235294117645,1
2023-10-03,Snacks,South,300,2340,4.231176470588236,1
2023-10-03,Snacks,West,365,2719,5.56875,1
2023-10-04,Beverages,North,41,483,7.1866666666666665,0
2023-10-04,Beverages,South,22,311,4.923333333333333,0
2023-10-04,Beverages,West,49,569,5.043333333333334,0
2023-10-04,Dairy,North,896,7571,5.251956521739131,1
2023-10-04,Dairy,South,814,7669,5.191224489795919,1
2023-10-04,Dairy,West,751,7475,5.21375,1
2023-10-04,Instant Food,North,217,2018,5.180000000000001,1
2023-10-04,Instant Food,South,241,1712,4.588181818181818,1
2023-10-04,Instant Food,West,187,1833,4.898333333333333,1
2023-10-04,Snacks,North,281,2315,5.7952941176470585,1
2023-10-04,Snacks,South,305,2330,5.3020000000000005,1
2023-10-04,Snacks,West,430,2586,5.746470588235294,1
2023-10-05,Beverages,North,21,239,6.53,0
2023-10-05,Beverages,South,38,415,6.273333333333333,1
2023-10-05,Beverages,West,33,528,4.943333333333333,0
2023-10-05,Dairy,North,929,8588,5.622244897959184,1
2023-10-05,Dairy,South,752,6892,4.868636363636363,1
2023-10-05,Dairy,West,734,6535,5.228139534883721,1
2023-10-05,Instant Food,North,174,1665,5.680909090909091,1
2023-10-05,Instant Food,South,228,2109,5.4484615384615385,1
2023-10-05,Instant Food,West,212,1828,5.437692307692307,1
2023-10-05,Snacks,North,370,2536,4.076666666666666,1
2023-10-05,Snacks,South,274,2039,5.113076923076923,0
2023-10-05,Snacks,West,212,1729,5.961666666666666,1
2023-10-06,Beverages,North,35,428,5.8566666666666665,0
2023-10-06,Beverages,South,32,344,6.043333333333333,0
2023-10-06,Beverages,West,46,400,4.6433333333333335,1
2023-10-06,Dairy,North,670,6844,5.532727272727272,1
2023-10-06,Dairy,South,776,7205,4.879787234042553,1
2023-10-06,Dairy,West,843,7742,5.2338297872340425,1
2023-10-06,Instant Food,North,268,2297,4.635714285714286,1
2023-10-06,Instant Food,South,189,1721,5.258333333333334,0
2023-10-06,Instant Food,West,270,2063,5.343571428571429,1
2023-10-06,Snacks,North,310,2663,5.53875,0
2023-10-06,Snacks,South,374,2709,6.000588235294118,1
2023-10-06,Snacks,West,274,2177,5.333571428571429,1
2023-10-07,Beverages,North,34,368,6.096666666666667,0
2023-10-07,Beverages,South,38,404,4.656666666666667,1
2023-10-07,Beverages,West,33,477,3.983333333333333,0
2023-10-07,Dairy,North,797,7898,5.39404255319149,1
2023-10-07,Dairy,South,808,7533,5.120638297872341,1
2023-10-07,Dairy,West,866,8278,5.043469387755102,1
2023-10-07,Instant Food,North,284,2329,5.572307692307692,1
2023-10-07,Instant Food,South,219,2108,4.346153846153846,1
2023-10-07,Instant Food,West,237,2163,5.993846153846154,1
2023-10-07,Snacks,North,341,2593,6.040666666666667,1
2023-10-07,Snacks,South,314,2412,5.401875,1
2023-10-07,Snacks,West,344,2515,5.14,1
2023-10-08,Beverages,North,38,489,6.010000000000001,0
2023-10-08,Beverages,South,27,308,4.645,0
2023-10-08,Beverages,West,36,355,7.49,0
2023-10-08,Dairy,North,795,7055,4.603636363636364,1
2023-10-08,Dairy,South,820,7363,5.440909090909091,1
2023-10-08,Dairy,West,658,6617,5.620930232558139,1
2023-10-08,Instant Food,North,252,2349,6.222857142857143,1
2023-10-08,Instant Food,South,268,2305,5.134285714285714,1
2023-10-08,Instant Food,West,267,2401,4.826666666666667,0
2023-10-08,Snacks,North,394,2328,5.821333333333333,1
2023-10-08,Snacks,South,360,2536,5.49375,1
2023-10-08,Snacks,West,313,2553,5.692222222222222,1
2023-10-09,Beverages,North,24,227,2.59,0
2023-10-09,Beverages,South,32,455,4.396666666666667,0
2023-10-09,Beverages,West,38,340,2.825,1
2023-10-09,Dairy,North,627,6159,5.061904761904762,1
2023-10-09,Dairy,South,1003,8775,5.962156862745098,1
2023-10-09,Dairy,West,834,7575,5.0877083333333335,1
2023-10-09,Instant Food,North,261,2196,5.432142857142857,1
2023-10-09,Instant Food,South,236,1857,4.983846153846153,1
2023-10-09,Instant Food,West,268,2297,4.7869230769230775,1
2023-10-09,Snacks,North,273,2326,6.719285714285713,0
2023-10-09,Snacks,South,218,1828,5.226923076923077,1
2023-10-09,Snacks,West,350,2621,5.543333333333334,1
2023-10-10,Beverages,North,30,241,5.16,1
2023-10-10,Beverages,South,38,433,7.436666666666667,1
2023-10-10,Beverages,West,15,138,6.72,0
2023-10-10,Dairy,North,724,6611,5.140888888888889,1
2023-10-10,Dairy,South,793,6674,5.617560975609756,1
2023-10-10,Dairy,West,782,7618,5.049555555555555,1
2023-10-10,Instant Food,North,324,2481,4.975333333333333,1
2023-10-10,Instant Food,South,252,2261,5.062307692307693,1
2023-10-10,Instant Food,West,322,2207,5.249285714285714,1
2023-10-10,Snacks,North,358,2288,5.609333333333334,1
2023-10-10,Snacks,South,365,2399,4.978,1
2023-10-10,Snacks,West,342,2492,5.875,1
2023-10-11,Beverages,North,45,565,5.466666666666666,0
2023-10-11,Beverages,South,48,600,4.983333333333333,0
2023-10-11,Beverages,West,22,258,4.68,0
2023-10-11,Dairy,North,606,5608,5.22025641025641,1
2023-10-11,Dairy,South,629,6562,5.7239130434782615,1
2023-10-11,Dairy,West,704,6854,5.0834090909090905,1
2023-10-11,Instant Food,North,240,2188,5.5346153846153845,1
2023-10-11,Instant Food,South,300,1834,5.0975,1
2023-10-11,Instant Food,West,239,2024,5.2575,0
2023-10-11,Snacks,North,253,2011,5.775,1
2023-10-11,Snacks,South,176,1381,5.293636363636364,1
2023-10-11,Snacks,West,375,2506,5.515,1
2023-10-12,Beverages,North,55,520,5.3566666666666665,1
2023-10-12,Beverages,South,70,621,4.653333333333333,1
2023-10-12,Beverages,West,66,482,6.156666666666666,1
2023-10-12,Dairy,North,702,7587,5.241086956521739,1
2023-10-12,Dairy,South,799,7961,5.636734693877551,1
2023-10-12,Dairy,West,660,6784,5.384772727272727,1
2023-10-12,Instant Food,North,242,2058,5.569090909090909,0
2023-10-12,Instant Food,South,227,1745,4.912,1
2023-10-12,Instant Food,West,288,2392,5.612307692307692,1
2023-10-12,Snacks,North,299,2154,5.105714285714286,1
2023-10-12,Snacks,South,295,2280,5.261428571428572,1
2023-10-12,Snacks,West,315,2014,5.661428571428572,1
2023-10-13,Beverages,North,39,428,2.5866666666666664,1
2023-10-13,Beverages,South,30,452,4.526666666666666,0
2023-10-13,Beverages,West,59,534,5.763333333333333,1
2023-10-13,Dairy,North,806,6861,5.276666666666666,1
2023-10-13,Dairy,South,910,8351,5.455918367346938,1
2023-10-13,Dairy,West,680,6411,5.8,1
2023-10-13,Instant Food,North,233,1832,5.555454545454546,1
2023-10-13,Instant Food,South,233,2076,4.922857142857143,0
2023-10-13,Instant Food,West,237,1905,3.889090909090909,1
2023-10-13,Snacks,North,309,2319,5.2318750000000005,1
2023-10-13,Snacks,South,366,2640,5.937058823529412,1
2023-10-13,Snacks,West,322,2379,5.59375,1
2023-10-14,Beverages,North,35,457,6.27,0
2023-10-14,Beverages,South,27,354,3.77,0
2023-10-14,Beverages,West,51,522,7.330000000000001,1
2023-10-14,Dairy,North,722,7803,5.624888888888889,1
2023-10-14,Dairy,South,654,7026,5.712291666666666,1
2023-10-14,Dairy,West,783,7982,5.59795918367347,1
2023-10-14,Instant Food,North,257,2150,4.977692307692307,1
2023-10-14,Instant Food,South,254,1955,4.623076923076924,1
2023-10-14,Instant Food,West,286,2222,4.572666666666667,1
2023-10-14,Snacks,North,321,2366,5.595,1
2023-10-14,Snacks,South,293,1775,5.232307692307692,1
2023-10-14,Snacks,West,300,2277,4.243125,1
2023-10-15,Beverages,North,21,315,4.496666666666667,0
2023-10-15,Beverages,South,37,390,5.843333333333334,0
2023-10-15,Beverages,West,59,500,6.513333333333333,1
2023-10-15,Dairy,North,757,7683,5.282954545454545,1
2023-10-15,Dairy,South,758,7262,5.064313725490195,1
2023-10-15,Dairy,West,604,6722,4.867111111111111,1
2023-10-15,Instant Food,North,200,1693,5.126363636363636,1
2023-10-15,Instant Food,South,324,2636,5.40142857142857,1
2023-10-15,Instant Food,West,261,2034,4.174615384615385,1
2023-10-15,Snacks,North,358,2815,4.634117647058823,1
2023-10-15,Snacks,South,301,2293,5.946153846153846,1
2023-10-15,Snacks,West,336,2034,5.624615384615385,1
2023-10-16,Beverages,North,109,722,5.2,1
2023-10-16,Beverages,South,40,503,5.826666666666667,0
2023-10-16,Beverages,West,51,413,3.47,1
2023-10-16,Dairy,North,739,7494,5.129782608695652,1
2023-10-16,Dairy,South,704,7000,4.8519565217391305,1
2023-10-16,Dairy,West,626,6064,5.3752272727272725,1
2023-10-16,Instant Food,North,248,2215,5.866666666666667,1
2023-10-16,Instant Food,South,205,1735,4.848181818181818,1
2023-10-16,Instant Food,West,275,2174,5.685384615384615,1
2023-10-16,Snacks,North,291,2356,5.303571428571429,0
2023-10-16,Snacks,South,299,2246,5.46,1
2023-10-16,Snacks,West,242,2062,4.8116666666666665,0
2023-10-17,Beverages,North,49,607,5.366666666666667,0
2023-10-17,Beverages,South,10,129,5.64,0
2023-10-17,Beverages,West,60,558,6.71,1
2023-10-17,Dairy,North,720,7232,4.776,1
2023-10-17,Dairy,South,773,6815,5.069545454545454,1
2023-10-17,Dairy,West,873,7794,5.119387755102041,1
2023-10-17,Instant Food,North,341,2214,5.355,1
2023-10-17,Instant Food,South,228,1744,4.8875,1
2023-10-17,Instant Food,West,175,1375,5.588888888888889,1
2023-10-17,Snacks,North,311,2405,5.707857142857143,1
2023-10-17,Snacks,South,356,2463,5.8725,1
2023-10-17,Snacks,West,336,2343,6.125882352941177,1
2023-10-18,Beverages,North,33,442,5.05,0
2023-10-18,Beverages,South,50,574,5.45,1
2023-10-18,Beverages,West,21,432,3.393333333333333,0
2023-10-18,Dairy,North,789,8290,5.756326530612245,1
2023-10-18,Dairy,South,758,7932,5.762765957446809,1
2023-10-18,Dairy,West,778,7456,5.482291666666666,1
2023-10-18,Instant Food,North,244,1807,5.943846153846153,1
2023-10-18,Instant Food,South,281,1987,5.653846153846154,1
2023-10-18,Instant Food,West,218,2082,5.564615384615385,0
2023-10-18,Snacks,North,366,2491,4.503125,1
2023-10-18,Snacks,South,404,2576,4.87764705882353,1
2023-10-18,Snacks,West,291,2244,4.801333333333333,0
2023-10-19,Beverages,North,30,449,7.746666666666667,0
2023-10-19,Beverages,South,37,393,6.38,1
2023-10-19,Beverages,West,38,474,5.3500000000000005,0
2023-10-19,Dairy,North,786,8566,5.169615384615384,1
2023-10-19,Dairy,South,688,7171,5.006,1
2023-10-19,Dairy,West,709,7571,4.954468085106384,1
2023-10-19,Instant Food,North,315,2541,5.052142857142857,1
2023-10-19,Instant Food,South,236,2206,5.599285714285714,0
2023-10-19,Instant Food,West,207,1898,6.140909090909091,1
2023-10-19,Snacks,North,378,2570,5.291875,1
2023-10-19,Snacks,South,342,2496,5.722,1
2023-10-19,Snacks,West,326,2292,4.995294117647059,1
2023-10-20,Beverages,North,46,492,5.876666666666668,0
2023-10-20,Beverages,South,38,472,5.156666666666667,0
2023-10-20,Beverages,West,31,488,5.896666666666666,0
2023-10-20,Dairy,North,870,8168,5.94625,1
2023-10-20,Dairy,South,744,7837,5.1376,1
2023-10-20,Dairy,West,861,8309,5.175882352941176,1
2023-10-20,Instant Food,North,198,1803,3.9407692307692312,0
2023-10-20,Instant Food,South,314,2158,5.037857142857143,1
2023-10-20,Instant Food,West,266,2012,5.695,1
2023-10-20,Snacks,North,346,2522,5.383529411764705,1
2023-10-20,Snacks,South,284,2400,5.999285714285714,1
2023-10-20,Snacks,West,365,2558,5.790666666666667,1
2023-10-21,Beverages,North,23,423,5.12,0
2023-10-21,Beverages,South,65,527,3.24,1
2023-10-21,Beverages,West,23,334,5.55,0
2023-10-21,Dairy,North,737,7874,5.119583333333334,1
2023-10-21,Dairy,South,659,6474,5.570227272727273,1
2023-10-21,Dairy,West,697,7542,5.748297872340426,1
2023-10-21,Instant Food,North,233,1851,4.776923076923077,1
2023-10-21,Instant Food,South,178,1432,7.280909090909091,1
2023-10-21,Instant Food,West,320,2451,4.808000000000001,1
2023-10-21,Snacks,North,274,2064,5.772857142857142,1
2023-10-21,Snacks,South,406,2680,5.372941176470588,1
2023-10-21,Snacks,West,317,2402,5.543125,1
2023-10-22,Beverages,North,31,414,5.953333333333333,0
2023-10-22,Beverages,South,16,249,5.970000000000001,0
2023-10-22,Beverages,West,35,392,4.53,0
2023-10-22,Dairy,North,711,7157,5.057346938775511,1
2023-10-22,Dairy,South,754,6774,4.985319148936171,1
2023-10-22,Dairy,West,585,6147,5.28325,1
2023-10-22,Instant Food,North,238,2363,4.785384615384616,0
2023-10-22,Instant Food,South,247,1607,6.010909090909092,1
2023-10-22,Instant Food,West,322,2367,6.099285714285714,1
2023-10-22,Snacks,North,317,2486,3.940714285714286,1
2023-10-22,Snacks,South,254,1913,5.203571428571428,1
2023-10-22,Snacks,West,251,1929,4.747692307692308,1
2023-10-23,Beverages,North,45,480,7.605,0
2023-10-23,Beverages,South,39,452,5.183333333333334,0
2023-10-23,Beverages,West,29,389,3.39,0
2023-10-23,Dairy,North,804,7568,5.192391304347826,1
2023-10-23,Dairy,South,902,7703,5.211276595744681,1
2023-10-23,Dairy,West,730,7311,4.832826086956522,1
2023-10-23,Instant Food,North,288,2379,5.276153846153846,1
2023-10-23,Instant Food,South,310,2199,4.9592857142857145,1
2023-10-23,Instant Food,West,236,1929,4.503076923076923,1
2023-10-23,Snacks,North,264,2494,4.907333333333333,1
2023-10-23,Snacks,South,424,3235,5.582777777777777,1
2023-10-23,Snacks,West,373,2773,4.995294117647059,1
2023-10-24,Beverages,North,50,575,4.7,0
2023-10-24,Beverages,South,46,450,4.29,1
2023-10-24,Beverages,West,14,255,5.6850000000000005,0
2023-10-24,Dairy,North,695,6471,4.4275,1
2023-10-24,Dairy,South,877,8084,5.241666666666666,1
2023-10-24,Dairy,West,557,6263,5.060697674418605,1
2023-10-24,Instant Food,North,230,1778,5.63,1
2023-10-24,Instant Food,South,201,1979,5.2130769230769225,0
2023-10-24,Instant Food,West,373,2626,4.967857142857143,1
2023-10-24,Snacks,North,397,3217,5.902352941176471,0
2023-10-24,Snacks,South,330,2168,5.643076923076923,1
2023-10-24,Snacks,West,350,2430,4.78,1
2023-10-25,Beverages,North,50,528,5.73,1
2023-10-25,Beverages,South,42,312,3.79,1
2023-10-25,Beverages,West,55,339,8.11,1
2023-10-25,Dairy,North,644,6423,5.025333333333334,1
2023-10-25,Dairy,South,697,6709,5.826976744186046,1
2023-10-25,Dairy,West,835,7650,4.864166666666667,1
2023-10-25,Instant Food,North,286,1901,4.963846153846154,1
2023-10-25,Instant Food,South,198,1691,5.647272727272727,1
2023-10-25,Instant Food,West,247,1884,6.056363636363637,1
2023-10-25,Snacks,North,342,2342,4.3580000000000005,1
2023-10-25,Snacks,South,344,2360,4.9093333333333335,1
2023-10-25,Snacks,West,341,2405,4.793333333333334,1
2023-10-26,Beverages,North,16,164,6.69,0
2023-10-26,Beverages,South,43,476,4.23,0
2023-10-26,Beverages,West,30,379,6.033333333333334,1
2023-10-26,Dairy,North,849,8271,4.7978000000000005,1
2023-10-26,Dairy,South,738,7425,5.053695652173913,1
2023-10-26,Dairy,West,681,7641,5.564468085106382,1
2023-10-26,Instant Food,North,209,2072,4.704,0
2023-10-26,Instant Food,South,202,1682,4.616428571428571,1
2023-10-26,Instant Food,West,222,1672,6.577000000000001,1
2023-10-26,Snacks,North,355,2612,5.445,1
2023-10-26,Snacks,South,380,2397,4.38,1
2023-10-26,Snacks,West,366,2750,5.870588235294117,1
2023-10-27,Beverages,North,59,608,6.173333333333333,1
2023-10-27,Beverages,South,40,455,6.076666666666667,0
2023-10-27,Beverages,West,21,219,4.45,0
2023-10-27,Dairy,North,675,6568,5.868837209302326,1
2023-10-27,Dairy,South,680,6792,5.531000000000001,1
2023-10-27,Dairy,West,745,7067,5.696136363636364,1
2023-10-27,Instant Food,North,215,2066,4.118333333333333,0
2023-10-27,Instant Food,South,210,1635,5.600909090909091,1
2023-10-27,Instant Food,West,244,2352,4.7238461538461545,0
2023-10-27,Snacks,North,395,3051,5.965625,1
2023-10-27,Snacks,South,376,2572,4.8966666666666665,1
2023-10-27,Snacks,West,327,2161,4.480666666666667,1
2023-10-28,Beverages,North,29,267,4.445,1
2023-10-28,Beverages,South,26,358,6.69,0
2023-10-28,Beverages,West,30,352,5.196666666666666,0
2023-10-28,Dairy,North,700,7155,5.227659574468085,1
2023-10-28,Dairy,South,690,6744,5.628181818181818,1
2023-10-28,Dairy,West,775,6821,5.411304347826087,1
2023-10-28,Instant Food,North,250,2149,5.684615384615385,1
2023-10-28,Instant Food,South,231,2064,5.560666666666666,1
2023-10-28,Instant Food,West,242,1838,5.623333333333334,1
2023-10-28,Snacks,North,292,2245,5.131333333333333,1
2023-10-28,Snacks,South,333,2361,5.57375,1
2023-10-28,Snacks,West,413,2564,5.967333333333333,1
2023-10-29,Beverages,North,27,341,5.220000000000001,0
2023-10-29,Beverages,South,31,430,5.760000000000001,0
2023-10-29,Beverages,West,30,346,8.085,0
2023-10-29,Dairy,North,531,5559,5.455945945945946,1
2023-10-29,Dairy,South,794,7577,5.412083333333334,1
2023-10-29,Dairy,West,727,7538,5.072916666666667,1
2023-10-29,Instant Food,North,273,2111,5.202857142857143,1
2023-10-29,Instant Food,South,294,2016,4.797692307692308,1
2023-10-29,Instant Food,West,274,2344,5.261428571428572,1
2023-10-29,Snacks,North,322,2237,4.227857142857142,1
2023-10-29,Snacks,South,344,2292,6.38,1
2023-10-29,Snacks,West,299,1995,5.570833333333333,1
2023-10-30,Beverages,North,35,399,8.0,1
2023-10-30,Beverages,South,56,421,6.739999999999999,1
2023-10-30,Beverages,West,30,315,4.74,0
2023-10-30,Dairy,North,797,7904,4.779,1
2023-10-30,Dairy,South,650,6209,5.293809523809524,1
2023-10-30,Dairy,West,730,7264,5.529565217391305,1
2023-10-30,Instant Food,North,295,2133,5.0442857142857145,1
2023-10-30,Instant Food,South,310,2233,5.94,1
2023-10-30,Instant Food,West,223,1756,6.073076923076924,1
2023-10-30,Snacks,North,386,2762,6.035882352941177,1
2023-10-30,Snacks,South,418,3091,4.883333333333334,1
2023-10-30,Snacks,West,384,3165,4.957058823529412,1
2023-10-31,Beverages,North,41,446,6.483333333333333,1
2023-10-31,Beverages,South,32,500,3.19,0
2023-10-31,Beverages,West,46,454,3.86,1
2023-10-31,Dairy,North,702,6674,5.492325581395349,1
2023-10-31,Dairy,South,683,7084,6.107272727272728,1
2023-10-31,Dairy,West,881,7556,5.012666666666666,1
2023-10-31,Instant Food,North,307,2587,4.929285714285714,1
2023-10-31,Instant Food,South,185,1577,5.089090909090909,1
2023-10-31,Instant Food,West,210,1887,5.439230769230769,1
2023-10-31,Snacks,North,279,2377,5.430000000000001,1
2023-10-31,Snacks,South,266,1906,4.992142857142857,1
2023-10-31,Snacks,West,315,2617,5.305,1
2023-11-01,Beverages,North,33,459,7.676666666666667,0
2023-11-01,Beverages,South,39,496,5.783333333333334,0
2023-11-01,Beverages,West,30,426,6.43,0
2023-11-01,Dairy,North,761,7530,5.561304347826087,1
2023-11-01,Dairy,South,623,6574,5.082045454545455,1
2023-11-01,Dairy,West,662,6752,5.502727272727273,1
2023-11-01,Instant Food,North,255,2273,6.072307692307692,1
2023-11-01,Instant Food,South,197,1738,5.713846153846154,1
2023-11-01,Instant Food,West,152,1379,6.926,0
2023-11-01,Snacks,North,384,2341,5.20375,1
2023-11-01,Snacks,South,196,1895,5.026428571428572,1
2023-11-01,Snacks,West,280,2065,5.645833333333333,1
2023-11-02,Beverages,North,40,387,6.696666666666666,1
2023-11-02,Beverages,South,14,280,5.895,0
2023-11-02,Beverages,West,44,500,4.510000000000001,1
2023-11-02,Dairy,North,651,7004,5.208222222222222,1
2023-11-02,Dairy,South,694,7598,5.091363636363637,1
2023-11-02,Dairy,West,703,7195,5.033777777777778,1
2023-11-02,Instant Food,North,273,1773,4.785833333333334,1
2023-11-02,Instant Food,South,380,2440,5.25,1
2023-11-02,Instant Food,West,250,2129,5.0,0
2023-11-02,Snacks,North,252,2168,5.512666666666666,0
2023-11-02,Snacks,South,302,2206,5.29,1
2023-11-02,Snacks,West,251,2220,6.438235294117647,1
2023-11-03,Beverages,North,31,418,7.606666666666666,0
2023-11-03,Beverages,South,29,367,4.68,0
2023-11-03,Beverages,West,28,490,4.010000000000001,0
2023-11-03,Dairy,North,622,6678,5.245681818181819,1
2023-11-03,Dairy,South,629,6184,5.10046511627907,1
2023-11-03,Dairy,West,770,6579,5.268048780487805,1
2023-11-03,Instant Food,North,325,2219,5.892857142857143,1
2023-11-03,Instant Food,South,230,1605,5.4363636363636365,1
2023-11-03,Instant Food,West,262,2076,4.75,1
2023-11-03,Snacks,North,227,1991,5.248333333333334,1
2023-11-03,Snacks,South,254,2252,6.597142857142857,1
2023-11-03,Snacks,West,230,2070,5.34,1
2023-11-04,Beverages,North,29,527,6.246666666666666,0
2023-11-04,Beverages,South,46,407,3.1633333333333336,1
2023-11-04,Beverages,West,20,236,5.94,0
2023-11-04,Dairy,North,625,6709,5.28469387755102,1
2023-11-04,Dairy,South,783,7116,4.867857142857143,1
2023-11-04,Dairy,West,688,7166,5.38804347826087,1
2023-11-04,Instant Food,North,299,2034,4.465,1
2023-11-04,Instant Food,South,251,1862,5.510000000000001,1
2023-11-04,Instant Food,West,260,2275,4.838571428571428,1
2023-11-04,Snacks,North,379,2524,6.184375,1
2023-11-04,Snacks,South,345,2617,5.468125,1
2023-11-04,Snacks,West,278,2149,5.492,1
2023-11-05,Beverages,North,26,399,5.890000000000001,0
2023-11-05,Beverages,South,31,347,4.355,0
2023-11-05,Beverages,West,33,503,5.853333333333333,0
2023-11-05,Dairy,North,626,6628,5.533333333333333,1
2023-11-05,Dairy,South,685,7295,5.2488636363636365,1
2023-11-05,Dairy,West,776,7742,4.783829787234042,1
2023-11-05,Instant Food,North,298,2104,4.7091666666666665,1
2023-11-05,Instant Food,South,349,2552,5.899333333333333,1
2023-11-05,Instant Food,West,225,1779,5.197,1
2023-11-05,Snacks,North,326,2296,5.18125,1
2023-11-05,Snacks,South,336,2632,5.339375,1
2023-11-05,Snacks,West,252,2110,4.794375,1
2023-11-06,Beverages,North,22,402,4.445,0
2023-11-06,Beverages,South,28,370,4.72,1
2023-11-06,Beverages,West,28,438,6.196666666666666,0
2023-11-06,Dairy,North,696,7194,5.383191489361702,1
2023-11-06,Dairy,South,649,7099,5.296744186046511,1
2023-11-06,Dairy,West,772,7310,4.588478260869565,1
2023-11-06,Instant Food,North,293,2407,5.8133333333333335,0
2023-11-06,Instant Food,South,259,2160,4.543076923076924,1
2023-11-06,Instant Food,West,288,2258,5.609230769230769,1
2023-11-06,Snacks,North,247,2279,4.997857142857143,1
2023-11-06,Snacks,South,234,1939,3.7657142857142856,1
2023-11-06,Snacks,West,298,2257,5.766153846153847,1
2023-11-07,Beverages,North,27,363,5.795,0
2023-11-07,Beverages,South,37,542,4.843333333333334,0
2023-11-07,Beverages,West,40,468,6.386666666666667,1
2023-11-07,Dairy,North,748,7525,5.857333333333333,1
2023-11-07,Dairy,South,748,7401,5.178541666666667,1
2023-11-07,Dairy,West,668,6880,5.852826086956522,1
2023-11-07,Instant Food,North,268,1736,5.220833333333333,1
2023-11-07,Instant Food,South,264,1931,5.409285714285715,1
2023-11-07,Instant Food,West,252,1886,5.1971428571428575,1
2023-11-07,Snacks,North,318,2468,4.321875,1
2023-11-07,Snacks,South,307,2191,4.749285714285714,1
2023-11-07,Snacks,West,218,2099,6.1113333333333335,1
2023-11-08,Beverages,North,30,497,3.1566666666666667,0
2023-11-08,Beverages,South,51,570,4.44,0
2023-11-08,Beverages,West,31,556,4.63,0
2023-11-08,Dairy,North,798,7693,5.178139534883721,1
2023-11-08,Dairy,South,666,7441,5.180425531914893,1
2023-11-08,Dairy,West,726,7327,5.3620833333333335,1
2023-11-08,Instant Food,North,182,1560,5.47,1
2023-11-08,Instant Food,South,222,2100,4.4157142857142855,0
2023-11-08,Instant Food,West,235,1858,5.945833333333333,1
2023-11-08,Snacks,North,272,2308,5.268461538461538,1
2023-11-08,Snacks,South,211,1695,4.194545454545454,1
2023-11-08,Snacks,West,363,3186,5.692777777777778,1
2023-11-09,Beverages,North,43,477,6.086666666666666,1
2023-11-09,Beverages,South,0,0,7.975,0
2023-11-09,Beverages,West,25,393,3.383333333333333,0
2023-11-09,Dairy,North,795,8039,4.780227272727273,1
2023-11-09,Dairy,South,724,7209,5.548181818181818,1
2023-11-09,Dairy,West,725,7118,5.878936170212766,1
2023-11-09,Instant Food,North,291,2161,4.9093333333333335,1
2023-11-09,Instant Food,South,310,2050,6.688461538461539,1
2023-11-09,Instant Food,West,293,2063,5.283076923076924,1
2023-11-09,Snacks,North,283,2672,4.526666666666667,1
2023-11-09,Snacks,South,281,2373,5.732,1
2023-11-09,Snacks,West,389,2589,6.02875,1
2023-11-10,Beverages,North,31,444,5.266666666666667,1
2023-11-10,Beverages,South,31,370,7.225,0
2023-11-10,Beverages,West,17,184,6.62,0
2023-11-10,Dairy,North,814,7592,5.070444444444444,1
2023-11-10,Dairy,South,620,6292,5.069302325581395,1
2023-11-10,Dairy,West,718,7027,5.713617021276596,1
2023-11-10,Instant Food,North,259,2029,5.965384615384616,1
2023-11-10,Instant Food,South,304,2196,5.572727272727273,1
2023-11-10,Instant Food,West,288,2130,5.164615384615384,1
2023-11-10,Snacks,North,262,2175,4.924666666666667,1
2023-11-10,Snacks,South,311,2398,4.453125,1
2023-11-10,Snacks,West,265,2321,4.284000000000001,1
2023-11-11,Beverages,North,44,436,6.113333333333333,1
2023-11-11,Beverages,South,27,377,8.035,0
2023-11-11,Beverages,West,63,577,6.136666666666667,1
2023-11-11,Dairy,North,818,7787,5.402340425531915,1
2023-11-11,Dairy,South,743,7044,5.851333333333334,1
2023-11-11,Dairy,West,699,7181,5.153333333333333,1
2023-11-11,Instant Food,North,256,2144,5.540666666666667,1
2023-11-11,Instant Food,South,304,2611,5.615714285714286,1
2023-11-11,Instant Food,West,285,2168,5.268571428571429,1
2023-11-11,Snacks,North,381,2717,5.138888888888889,1
2023-11-11,Snacks,South,287,2211,6.331538461538462,1
2023-11-11,Snacks,West,366,2892,5.204444444444444,1
2023-11-12,Beverages,North,37,484,4.87,1
2023-11-12,Beverages,South,54,501,3.24,1
2023-11-12,Beverages,West,13,207,4.53,0
2023-11-12,Dairy,North,593,6658,5.68925,1
2023-11-12,Dairy,South,722,7326,4.502608695652174,1
2023-11-12,Dairy,West,711,7563,5.201875,1
2023-11-12,Instant Food,North,376,2379,4.571428571428571,1
2023-11-12,Instant Food,South,226,1920,5.545,1
2023-11-12,Instant Food,West,258,1704,4.912307692307692,1
2023-11-12,Snacks,North,278,2412,5.78875,1
2023-11-12,Snacks,South,232,2322,5.1626666666666665,1
2023-11-12,Snacks,West,331,2659,5.235714285714286,1
2023-11-13,Beverages,North,46,661,2.9133333333333336,0
2023-11-13,Beverages,South,52,508,5.026666666666666,1
2023-11-13,Beverages,West,27,291,3.97,1
2023-11-13,Dairy,North,643,6531,5.131086956521739,1
2023-11-13,Dairy,South,861,8024,5.380408163265306,1
2023-11-13,Dairy,West,640,7409,4.935531914893617,1
2023-11-13,Instant Food,North,260,2224,5.854615384615385,1
2023-11-13,Instant Food,South,352,2261,5.629166666666666,1
2023-11-13,Instant Food,West,244,1761,3.905,1
2023-11-13,Snacks,North,332,2707,4.607058823529411,1
2023-11-13,Snacks,South,242,1955,4.976666666666667,1
2023-11-13,Snacks,West,243,2233,5.205625,1
2023-11-14,Beverages,North,43,542,4.666666666666667,0
2023-11-14,Beverages,South,32,342,3.775,1
2023-11-14,Beverages,West,53,597,3.846666666666666,1
2023-11-14,Dairy,North,732,7759,5.447083333333333,1
2023-11-14,Dairy,South,584,5940,5.6175,1
2023-11-14,Dairy,West,698,6818,5.3468888888888895,1
2023-11-14,Instant Food,North,272,2292,6.094285714285713,1
2023-11-14,Instant Food,South,353,2644,5.042857142857143,1
2023-11-14,Instant Food,West,210,1756,5.043076923076924,1
2023-11-14,Snacks,North,295,2498,5.1975,1
2023-11-14,Snacks,South,233,2133,5.12,1
2023-11-14,Snacks,West,236,2019,6.009230769230769,1
2023-11-15,Beverages,North,22,363,5.32,0
2023-11-15,Beverages,South,35,451,6.19,1
2023-11-15,Beverages,West,37,576,5.706666666666666,0
2023-11-15,Dairy,North,667,7483,5.142553191489362,1
2023-11-15,Dairy,South,618,6519,4.93139534883721,1
2023-11-15,Dairy,West,526,5688,4.77275,1
2023-11-15,Instant Food,North,389,2635,6.1946666666666665,1
2023-11-15,Instant Food,South,310,2162,4.883571428571429,1
2023-11-15,Instant Food,West,256,2118,5.790833333333333,0
2023-11-15,Snacks,North,300,2701,5.213125,1
2023-11-15,Snacks,South,329,2616,5.405,1
2023-11-15,Snacks,West,195,2223,5.4075,1
2023-11-16,Beverages,North,18,387,4.8100000000000005,0
2023-11-16,Beverages,South,12,188,3.6,1
2023-11-16,Beverages,West,16,225,2.44,0
2023-11-16,Dairy,North,659,7449,5.1058,1
2023-11-16,Dairy,South,694,7478,5.544489795918367,1
2023-11-16,Dairy,West,812,8190,5.518,1
2023-11-16,Instant Food,North,235,1656,6.057692307692308,1
2023-11-16,Instant Food,South,250,1912,5.452307692307692,1
2023-11-16,Instant Food,West,360,2362,4.647333333333333,1
2023-11-16,Snacks,North,300,2709,5.275625,0
2023-11-16,Snacks,South,279,2309,4.961333333333333,1
2023-11-16,Snacks,West,299,2603,5.692666666666667,1
2023-11-17,Beverages,North,31,278,7.485,1
2023-11-17,Beverages,South,32,471,6.603333333333334,0
2023-11-17,Beverages,West,36,611,3.75,0
2023-11-17,Dairy,North,662,6789,4.980681818181818,1
2023-11-17,Dairy,South,671,7078,5.077333333333333,1
2023-11-17,Dairy,West,631,6632,5.183488372093023,1
2023-11-17,Instant Food,North,255,1993,6.236923076923077,1
2023-11-17,Instant Food,South,212,1911,4.895384615384615,1
2023-11-17,Instant Food,West,242,1872,5.379166666666666,1
2023-11-17,Snacks,North,292,2782,5.1175,1
2023-11-17,Snacks,South,307,2364,5.54,1
2023-11-17,Snacks,West,262,1662,5.450909090909091,1
2023-11-18,Beverages,North,44,496,5.57,1
2023-11-18,Beverages,South,52,346,6.6,1
2023-11-18,Beverages,West,33,494,4.3133333333333335,0
2023-11-18,Dairy,North,711,7376,4.943478260869566,1
2023-11-18,Dairy,South,739,7863,4.627234042553192,1
2023-11-18,Dairy,West,664,6781,4.654,1
2023-11-18,Instant Food,North,173,1357,5.4354545454545455,1
2023-11-18,Instant Food,South,217,1927,5.47,0
2023-11-18,Instant Food,West,265,2067,5.795714285714285,1
2023-11-18,Snacks,North,229,1806,5.8175,1
2023-11-18,Snacks,South,325,2619,4.569411764705883,1
2023-11-18,Snacks,West,356,2896,4.898823529411764,1
2023-11-19,Beverages,North,31,468,6.3933333333333335,0
2023-11-19,Beverages,South,31,338,4.845,1
2023-11-19,Beverages,West,13,227,6.6,0
2023-11-19,Dairy,North,580,6271,4.942439024390244,1
2023-11-19,Dairy,South,680,6696,4.675111111111111,1
2023-11-19,Dairy,West,782,7471,5.836170212765958,1
2023-11-19,Instant Food,North,246,1920,4.813846153846153,1
2023-11-19,Instant Food,South,206,1609,5.720909090909091,0
2023-11-19,Instant Food,West,312,2505,5.573333333333333,1
2023-11-19,Snacks,North,307,2655,5.774285714285715,1
2023-11-19,Snacks,South,242,1993,5.8726666666666665,1
2023-11-19,Snacks,West,301,2434,6.088125,1
2023-11-20,Beverages,North,57,749,6.046666666666667,0
2023-11-20,Beverages,South,36,393,7.463333333333334,1
2023-11-20,Beverages,West,17,336,6.025,0
2023-11-20,Dairy,North,643,7659,4.945102040816327,1
2023-11-20,Dairy,South,716,8012,5.2094000000000005,1
2023-11-20,Dairy,West,672,6820,5.390217391304348,1
2023-11-20,Instant Food,North,260,1804,5.465833333333333,1
2023-11-20,Instant Food,South,304,2430,5.262857142857143,1
2023-11-20,Instant Food,West,407,2402,5.078666666666667,1
2023-11-20,Snacks,North,387,2632,5.461875,1
2023-11-20,Snacks,South,293,2485,4.394705882352941,1
2023-11-20,Snacks,West,277,2450,5.469411764705883,1
2023-11-21,Beverages,North,21,197,4.875,1
2023-11-21,Beverages,South,28,431,4.903333333333333,0
2023-11-21,Beverages,West,33,571,3.98,0
2023-11-21,Dairy,North,762,7917,4.9964,1
2023-11-21,Dairy,South,679,6506,5.655952380952381,1
2023-11-21,Dairy,West,701,7108,5.371136363636364,1
2023-11-21,Instant Food,North,222,1981,5.1386666666666665,0
2023-11-21,Instant Food,South,194,1559,5.228181818181818,1
2023-11-21,Instant Food,West,281,2220,5.619166666666666,1
2023-11-21,Snacks,North,266,2357,4.92,1
2023-11-21,Snacks,South,290,2275,4.936875000000001,1
2023-11-21,Snacks,West,308,2336,6.587692307692308,1
2023-11-22,Beverages,North,21,389,4.88,0
2023-11-22,Beverages,South,33,445,6.37,0
2023-11-22,Beverages,West,25,414,4.82,0
2023-11-22,Dairy,North,747,7251,5.549777777777778,1
2023-11-22,Dairy,South,756,8018,4.7195833333333335,1
2023-11-22,Dairy,West,747,7797,5.307551020408163,1
2023-11-22,Instant Food,North,258,2360,4.358666666666666,1
2023-11-22,Instant Food,South,222,2008,6.704285714285715,1
2023-11-22,Instant Food,West,257,2270,4.466153846153846,1
2023-11-22,Snacks,North,261,2181,4.788571428571429,1
2023-11-22,Snacks,South,345,2839,5.215,1
2023-11-22,Snacks,West,371,2574,6.086875,1
2023-11-23,Beverages,North,17,240,7.51,0
2023-11-23,Beverages,South,19,278,8.325,0
2023-11-23,Beverages,West,25,354,5.140000000000001,1
2023-11-23,Dairy,North,746,7130,5.224090909090909,1
2023-11-23,Dairy,South,724,7467,5.656888888888889,1
2023-11-23,Dairy,West,813,7697,5.065744680851064,1
2023-11-23,Instant Food,North,251,2031,5.5075,1
2023-11-23,Instant Food,South,233,1959,5.543333333333333,1
2023-11-23,Instant Food,West,280,2352,4.454285714285715,1
2023-11-23,Snacks,North,371,2634,4.801333333333333,1
2023-11-23,Snacks,South,367,2506,5.09235294117647,1
2023-11-23,Snacks,West,229,2005,6.45,1
2023-11-24,Beverages,North,21,277,7.275,0
2023-11-24,Beverages,South,25,404,4.75,0
2023-11-24,Beverages,West,26,223,6.58,1
2023-11-24,Dairy,North,711,7764,5.456304347826087,1
2023-11-24,Dairy,South,640,6825,5.074318181818182,1
2023-11-24,Dairy,West,659,7285,5.098837209302325,1
2023-11-24,Instant Food,North,273,2126,5.958461538461539,1
2023-11-24,Instant Food,South,301,2467,5.202666666666667,1
2023-11-24,Instant Food,West,411,2724,5.018,1
2023-11-24,Snacks,North,332,2191,5.550666666666667,1
2023-11-24,Snacks,South,222,1740,5.010000000000001,1
2023-11-24,Snacks,West,238,2057,6.350666666666667,1
2023-11-25,Beverages,North,23,297,5.233333333333333,1
2023-11-25,Beverages,South,63,574,4.14,1
2023-11-25,Beverages,West,24,301,5.45,0
2023-11-25,Dairy,North,693,7468,4.923673469387755,1
2023-11-25,Dairy,South,747,8128,5.4046,1
2023-11-25,Dairy,West,663,6635,5.285,1
2023-11-25,Instant Food,North,275,1941,4.703846153846154,1
2023-11-25,Instant Food,South,270,2086,4.511666666666667,1
2023-11-25,Instant Food,West,323,2359,5.071428571428571,1
2023-11-25,Snacks,North,311,2546,5.591875,1
2023-11-25,Snacks,South,214,1914,3.915,1
2023-11-25,Snacks,West,303,2591,5.403125,0
2023-11-26,Beverages,North,25,268,6.24,0
2023-11-26,Beverages,South,24,257,5.085,1
2023-11-26,Beverages,West,34,534,6.823333333333333,0
2023-11-26,Dairy,North,727,7133,5.304893617021277,1
2023-11-26,Dairy,South,693,6973,5.282093023255814,1
2023-11-26,Dairy,West,793,7261,4.837777777777777,1
2023-11-26,Instant Food,North,289,2137,4.9692307692307685,1
2023-11-26,Instant Food,South,262,2060,4.89923076923077,1
2023-11-26,Instant Food,West,280,2277,5.089230769230769,1
2023-11-26,Snacks,North,391,3146,5.098888888888889,1
2023-11-26,Snacks,South,282,2287,6.565,1
2023-11-26,Snacks,West,314,2836,5.606470588235294,1
2023-11-27,Beverages,North,21,308,6.54,0
2023-11-27,Beverages,South,41,435,3.72,1
2023-11-27,Beverages,West,32,446,4.656666666666666,1
2023-11-27,Dairy,North,639,6939,5.206136363636364,1
2023-11-27,Dairy,South,673,7193,5.219318181818182,1
2023-11-27,Dairy,West,671,6730,5.47340909090909,1
2023-11-27,Instant Food,North,231,1900,5.582857142857143,1
2023-11-27,Instant Food,South,277,1919,5.953846153846154,1
2023-11-27,Instant Food,West,353,2585,4.928666666666667,1
2023-11-27,Snacks,North,342,2649,4.720588235294118,1
2023-11-27,Snacks,South,305,2696,5.064666666666667,1
2023-11-27,Snacks,West,309,2599,4.183571428571429,1
2023-11-28,Beverages,North,34,423,7.233333333333333,0
2023-11-28,Beverages,South,40,472,5.28,1
2023-11-28,Beverages,West,25,171,4.086666666666667,1
2023-11-28,Dairy,North,743,7347,5.468444444444445,1
2023-11-28,Dairy,South,588,6366,5.234318181818182,1
2023-11-28,Dairy,West,673,6801,4.792608695652175,1
2023-11-28,Instant Food,North,305,2178,6.226428571428571,1
2023-11-28,Instant Food,South,269,2066,5.026923076923077,1
2023-11-28,Instant Food,West,144,1352,4.89625,0
2023-11-28,Snacks,North,285,2577,4.743333333333334,1
2023-11-28,Snacks,South,248,2309,5.390714285714286,1
2023-11-28,Snacks,West,310,2796,5.110625,1
2023-11-29,Beverages,North,22,297,6.045,0
2023-11-29,Beverages,South,20,272,2.25,0
2023-11-29,Beverages,West,45,547,5.109999999999999,0
2023-11-29,Dairy,North,724,7630,4.836458333333334,1
2023-11-29,Dairy,South,748,7520,5.192127659574468,1
2023-11-29,Dairy,West,738,8372,5.1794,1
2023-11-29,Instant Food,North,280,2273,4.435833333333334,1
2023-11-29,Instant Food,South,257,2206,5.1207142857142856,1
2023-11-29,Instant Food,West,254,1972,4.809230769230769,1
2023-11-29,Snacks,North,291,2565,4.883125,1
2023-11-29,Snacks,South,208,1821,5.199285714285715,1
2023-11-29,Snacks,West,224,2107,5.249375,0
2023-11-30,Beverages,North,25,382,4.336666666666667,0
2023-11-30,Beverages,South,57,369,7.27,1
2023-11-30,Beverages,West,35,490,6.713333333333334,0
2023-11-30,Dairy,North,740,7442,5.4835416666666665,1
2023-11-30,Dairy,South,613,6328,5.26725,1
2023-11-30,Dairy,West,819,7536,4.924166666666667,1
2023-11-30,Instant Food,North,207,1715,5.495833333333334,0
2023-11-30,Instant Food,South,207,1739,5.576666666666667,1
2023-11-30,Instant Food,West,311,2329,5.164615384615384,1
2023-11-30,Snacks,North,289,2381,5.159375,1
2023-11-30,Snacks,South,328,2311,4.72875,1
2023-11-30,Snacks,West,308,2857,5.905,1
2023-12-01,Beverages,North,21,300,5.25,0
2023-12-01,Beverages,South,33,544,3.513333333333333,0
2023-12-01,Beverages,West,39,484,6.273333333333333,1
2023-12-01,Dairy,North,725,7581,5.288913043478261,1
2023-12-01,Dairy,South,725,7269,5.523541666666667,1
2023-12-01,Dairy,West,757,7591,4.78375,1
2023-12-01,Instant Food,North,277,1849,5.6241666666666665,1
2023-12-01,Instant Food,South,252,1827,4.862727272727273,1
2023-12-01,Instant Food,West,301,2223,4.925714285714286,1
2023-12-01,Snacks,North,274,2887,5.9383333333333335,1
2023-12-01,Snacks,South,331,3008,5.9506250000000005,1
2023-12-01,Snacks,West,270,2619,5.620625,1
2023-12-02,Beverages,North,37,419,4.945,1
2023-12-02,Beverages,South,29,496,3.8866666666666663,0
2023-12-02,Beverages,West,26,469,7.936666666666667,0
2023-12-02,Dairy,North,613,6825,5.776808510638298,1
2023-12-02,Dairy,South,830,7125,5.232954545454546,1
2023-12-02,Dairy,West,526,6608,5.240454545454545,1
2023-12-02,Instant Food,North,181,1524,4.753333333333333,1
2023-12-02,Instant Food,South,218,1989,5.807142857142857,0
2023-12-02,Instant Food,West,221,1641,4.7709090909090905,1
2023-12-02,Snacks,North,207,2173,4.800714285714285,1
2023-12-02,Snacks,South,233,2275,6.0200000000000005,1
2023-12-02,Snacks,West,148,1773,5.579285714285715,1
2023-12-03,Beverages,North,9,185,4.08,0
2023-12-03,Beverages,South,45,579,3.266666666666666,1
2023-12-03,Beverages,West,16,267,2.66,0
2023-12-03,Dairy,North,804,7185,5.345777777777778,1
2023-12-03,Dairy,South,780,7031,4.811555555555556,1
2023-12-03,Dairy,West,701,7330,5.042553191489362,1
2023-12-03,Instant Food,North,346,2351,5.292,1
2023-12-03,Instant Food,South,237,1660,5.634166666666666,1
2023-12-03,Instant Food,West,208,1579,4.48,1
2023-12-03,Snacks,North,278,2836,4.490625,1
2023-12-03,Snacks,South,308,3033,6.087647058823529,1
2023-12-03,Snacks,West,253,2580,5.296470588235294,1
2023-12-04,Beverages,North,20,311,7.68,0
2023-12-04,Beverages,South,25,376,4.225,0
2023-12-04,Beverages,West,16,270,7.42,0
2023-12-04,Dairy,North,679,6758,5.542765957446808,1
2023-12-04,Dairy,South,695,6992,5.295454545454546,1
2023-12-04,Dairy,West,820,7450,5.548936170212766,1
2023-12-04,Instant Food,North,229,2024,5.687272727272728,0
2023-12-04,Instant Food,South,250,2027,5.239230769230769,1
2023-12-04,Instant Food,West,208,1745,4.61,0
2023-12-04,Snacks,North,284,2747,5.1505882352941175,1
2023-12-04,Snacks,South,261,2861,6.075294117647059,1
2023-12-04,Snacks,West,224,2030,5.172142857142857,1
2023-12-05,Beverages,North,45,666,8.366666666666667,1
2023-12-05,Beverages,South,24,411,4.71,0
2023-12-05,Beverages,West,25,401,6.09,1
2023-12-05,Dairy,North,665,6744,5.152558139534884,1
2023-12-05,Dairy,South,751,6769,4.94075,1
2023-12-05,Dairy,West,751,7745,5.633111111111111,1
2023-12-05,Instant Food,North,244,1863,5.636153846153846,1
2023-12-05,Instant Food,South,209,1612,3.833636363636364,1
2023-12-05,Instant Food,West,217,1740,6.0,1
2023-12-05,Snacks,North,276,2318,5.656428571428571,1
2023-12-05,Snacks,South,210,2104,5.803333333333333,1
2023-12-05,Snacks,West,202,1898,5.321538461538462,1
2023-12-06,Beverages,North,39,538,2.773333333333333,1
2023-12-06,Beverages,South,29,353,6.390000000000001,0
2023-12-06,Beverages,West,18,270,6.57,0
2023-12-06,Dairy,North,612,6652,5.571904761904762,1
2023-12-06,Dairy,South,753,7893,4.987234042553192,1
2023-12-06,Dairy,West,823,8941,5.611428571428571,1
2023-12-06,Instant Food,North,259,2144,5.390000000000001,0
2023-12-06,Instant Food,South,350,2376,5.283333333333333,1
2023-12-06,Instant Food,West,333,2278,5.700833333333333,1
2023-12-06,Snacks,North,245,2178,4.35,1
2023-12-06,Snacks,South,253,2276,5.225333333333333,1
2023-12-06,Snacks,West,204,2194,5.21076923076923,1
2023-12-07,Beverages,North,33,451,5.196666666666666,0
2023-12-07,Beverages,South,28,185,2.94,1
2023-12-07,Beverages,West,29,431,3.7433333333333336,0
2023-12-07,Dairy,North,708,6957,5.26804347826087,1
2023-12-07,Dairy,South,707,7141,5.313023255813953,1
2023-12-07,Dairy,West,665,6833,5.797111111111112,1
2023-12-07,Instant Food,North,339,2309,5.388571428571429,1
2023-12-07,Instant Food,South,351,2364,5.742666666666667,1
2023-12-07,Instant Food,West,238,1736,5.0775,1
2023-12-07,Snacks,North,208,1999,6.423076923076923,1
2023-12-07,Snacks,South,222,2160,6.011333333333334,1
2023-12-07,Snacks,West,225,2188,4.04,1
2023-12-08,Beverages,North,28,418,4.14,0
2023-12-08,Beverages,South,46,724,5.906666666666666,1
2023-12-08,Beverages,West,36,592,6.086666666666666,0
2023-12-08,Dairy,North,700,7307,5.9575,1
2023-12-08,Dairy,South,581,6430,5.054772727272727,1
2023-12-08,Dairy,West,679,7065,5.429574468085106,1
2023-12-08,Instant Food,North,227,1793,5.593333333333334,1
2023-12-08,Instant Food,South,228,1738,5.259166666666666,1
2023-12-08,Instant Food,West,227,1670,5.184545454545455,1
2023-12-08,Snacks,North,250,2541,5.766666666666667,1
2023-12-08,Snacks,South,199,2037,4.243846153846154,1
2023-12-08,Snacks,West,195,1923,5.414285714285714,1
2023-12-09,Beverages,North,41,459,2.4433333333333334,1
2023-12-09,Beverages,South,40,498,4.81,0
2023-12-09,Beverages,West,31,409,2.61,1
2023-12-09,Dairy,North,642,7017,5.511739130434783,1
2023-12-09,Dairy,South,632,6270,5.58,1
2023-12-09,Dairy,West,656,6448,4.697727272727272,1
2023-12-09,Instant Food,North,275,2201,6.21,1
2023-12-09,Instant Food,South,328,2315,5.746428571428572,1
2023-12-09,Instant Food,West,176,1755,3.9933333333333336,0
2023-12-09,Snacks,North,202,2004,4.565,1
2023-12-09,Snacks,South,227,2641,4.039444444444445,1
2023-12-09,Snacks,West,266,2792,4.668125,0
2023-12-10,Beverages,North,27,397,6.55,0
2023-12-10,Beverages,South,16,270,7.875,0
2023-12-10,Beverages,West,11,212,6.923333333333333,0
2023-12-10,Dairy,North,664,7098,5.258636363636364,1
2023-12-10,Dairy,South,764,7649,5.522666666666667,1
2023-12-10,Dairy,West,801,7767,5.277346938775509,1
2023-12-10,Instant Food,North,257,1971,5.871666666666666,1
2023-12-10,Instant Food,South,292,2378,5.838461538461539,1
2023-12-10,Instant Food,West,314,2276,6.0138461538461545,1
2023-12-10,Snacks,North,249,2528,4.869375,1
2023-12-10,Snacks,South,277,2912,6.022777777777778,1
2023-12-10,Snacks,West,259,2426,5.801875,0
2023-12-11,Beverages,North,24,365,4.24,0
2023-12-11,Beverages,South,11,80,2.26,1
2023-12-11,Beverages,West,25,266,6.33,1
2023-12-11,Dairy,North,879,8749,4.978888888888889,1
2023-12-11,Dairy,South,765,7836,5.433125,1
2023-12-11,Dairy,West,720,7515,5.413469387755102,1
2023-12-11,Instant Food,North,154,1291,3.9909090909090903,0
2023-12-11,Instant Food,South,325,2390,5.463571428571428,1
2023-12-11,Instant Food,West,276,1672,5.72,1
2023-12-11,Snacks,North,261,2555,4.069375,1
2023-12-11,Snacks,South,310,3042,6.241176470588235,1
2023-12-11,Snacks,West,269,2707,4.698823529411764,1
2023-12-12,Beverages,North,27,528,6.043333333333333,0
2023-12-12,Beverages,South,23,333,3.875,0
2023-12-12,Beverages,West,29,502,6.476666666666667,0
2023-12-12,Dairy,North,713,7327,5.3240425531914894,1
2023-12-12,Dairy,South,718,7192,5.421086956521739,1
2023-12-12,Dairy,West,618,6512,5.671395348837209,1
2023-12-12,Instant Food,North,278,2290,5.426666666666667,1
2023-12-12,Instant Food,South,273,2025,6.055,1
2023-12-12,Instant Food,West,348,2484,5.025333333333333,1
2023-12-12,Snacks,North,296,2806,5.61125,1
2023-12-12,Snacks,South,245,2424,5.680666666666666,1
2023-12-12,Snacks,West,211,2203,4.762142857142857,1
2023-12-13,Beverages,North,20,228,3.825,1
2023-12-13,Beverages,South,31,366,4.1000000000000005,1
2023-12-13,Beverages,West,16,257,5.4,0
2023-12-13,Dairy,North,771,7483,5.243260869565217,1
2023-12-13,Dairy,South,669,7586,5.457291666666666,1
2023-12-13,Dairy,West,706,7332,5.316595744680851,1
2023-12-13,Instant Food,North,335,2016,5.223333333333334,1
2023-12-13,Instant Food,South,260,1806,5.526666666666666,1
2023-12-13,Instant Food,West,274,1910,6.53923076923077,1
2023-12-13,Snacks,North,258,2371,4.8100000000000005,1
2023-12-13,Snacks,South,414,3035,4.897777777777778,1
2023-12-13,Snacks,West,209,2222,4.927857142857143,1
2023-12-14,Beverages,North,43,597,6.956666666666667,1
2023-12-14,Beverages,South,16,294,4.489999999999999,0
2023-12-14,Beverages,West,14,247,3.985,0
2023-12-14,Dairy,North,765,6782,5.004285714285714,1
2023-12-14,Dairy,South,659,6950,4.583260869565217,1
2023-12-14,Dairy,West,704,7080,5.0921276595744684,1
2023-12-14,Instant Food,North,258,1928,5.770769230769231,1
2023-12-14,Instant Food,South,260,1865,5.227692307692307,1
2023-12-14,Instant Food,West,173,1698,4.335833333333333,1
2023-12-14,Snacks,North,296,2475,4.74875,1
2023-12-14,Snacks,South,308,2362,4.590000000000001,1
2023-12-14,Snacks,West,298,2643,5.195625,1
2023-12-15,Beverages,North,8,161,6.83,0
2023-12-15,Beverages,South,41,526,6.890000000000001,0
2023-12-15,Beverages,West,19,339,6.109999999999999,1
2023-12-15,Dairy,North,772,7513,5.020888888888889,1
2023-12-15,Dairy,South,587,6398,4.939756097560975,1
2023-12-15,Dairy,West,650,7328,5.4504255319148935,1
2023-12-15,Instant Food,North,275,2273,5.788333333333333,1
2023-12-15,Instant Food,South,229,1770,4.912307692307692,1
2023-12-15,Instant Food,West,312,2227,5.857500000000001,1
2023-12-15,Snacks,North,286,3197,5.524117647058823,1
2023-12-15,Snacks,South,310,2669,6.024,1
2023-12-15,Snacks,West,187,2241,5.93,0
2023-12-16,Beverages,North,35,621,5.859999999999999,0
2023-12-16,Beverages,South,26,273,6.984999999999999,1
2023-12-16,Beverages,West,23,428,4.226666666666667,0
2023-12-16,Dairy,North,562,6772,5.683414634146342,1
2023-12-16,Dairy,South,746,7465,5.2610638297872345,1
2023-12-16,Dairy,West,681,6530,5.037,1
2023-12-16,Instant Food,North,289,2102,5.293333333333334,1
2023-12-16,Instant Food,South,308,2378,5.187692307692307,1
2023-12-16,Instant Food,West,273,1685,5.743333333333333,1
2023-12-16,Snacks,North,330,2626,5.106,1
2023-12-16,Snacks,South,243,2406,4.924705882352941,1
2023-12-16,Snacks,West,255,2569,4.728666666666667,1
2023-12-17,Beverages,North,22,406,5.436666666666667,0
2023-12-17,Beverages,South,41,611,7.326666666666667,0
2023-12-17,Beverages,West,39,500,4.176666666666667,0
2023-12-17,Dairy,North,691,6763,4.554347826086956,1
2023-12-17,Dairy,South,888,8576,5.0846,1
2023-12-17,Dairy,West,779,7653,4.966888888888889,1
2023-12-17,Instant Food,North,264,1866,5.485833333333333,1
2023-12-17,Instant Food,South,335,2227,4.954615384615384,1
2023-12-17,Instant Food,West,352,2200,6.585,1
2023-12-17,Snacks,North,195,2063,4.987692307692308,1
2023-12-17,Snacks,South,218,1949,5.453636363636364,1
2023-12-17,Snacks,West,261,2632,5.658571428571428,1
2023-12-18,Beverages,North,20,324,5.58,0
2023-12-18,Beverages,South,26,479,5.66,0
2023-12-18,Beverages,West,33,497,5.876666666666668,0
2023-12-18,Dairy,North,768,7716,4.968478260869565,1
2023-12-18,Dairy,South,700,7870,5.549302325581396,1
2023-12-18,Dairy,West,652,6516,4.833658536585366,1
2023-12-18,Instant Food,North,241,1829,5.011666666666667,1
2023-12-18,Instant Food,South,270,1846,4.883076923076923,1
2023-12-18,Instant Food,West,346,2399,5.472142857142857,1
2023-12-18,Snacks,North,230,2569,4.807333333333333,0
2023-12-18,Snacks,South,289,2586,5.107333333333333,1
2023-12-18,Snacks,West,278,2698,6.55875,1
2023-12-19,Beverages,North,28,433,6.586666666666666,1
2023-12-19,Beverages,South,17,227,5.6,1
2023-12-19,Beverages,West,33,485,3.61,0
2023-12-19,Dairy,North,716,7138,5.250652173913044,1
2023-12-19,Dairy,South,727,7754,4.967608695652173,1
2023-12-19,Dairy,West,710,7154,4.758181818181819,1
2023-12-19,Instant Food,North,327,2309,5.450769230769231,1
2023-12-19,Instant Food,South,233,1949,6.046666666666667,0
2023-12-19,Instant Food,West,223,1484,5.823636363636364,1
2023-12-19,Snacks,North,232,2679,4.74,0
2023-12-19,Snacks,South,268,2349,5.503529411764706,1
2023-12-19,Snacks,West,243,2096,4.835,1
2023-12-20,Beverages,North,18,289,5.955,0
2023-12-20,Beverages,South,34,535,4.256666666666667,0
2023-12-20,Beverages,West,27,464,6.226666666666667,0
2023-12-20,Dairy,North,759,7449,4.999111111111112,1
2023-12-20,Dairy,South,748,7894,5.57125,1
2023-12-20,Dairy,West,671,7809,4.7575,1
2023-12-20,Instant Food,North,273,2118,5.895833333333333,0
2023-12-20,Instant Food,South,234,1872,5.153076923076923,0
2023-12-20,Instant Food,West,269,1959,4.816923076923077,1
2023-12-20,Snacks,North,199,2291,4.848823529411765,0
2023-12-20,Snacks,South,211,2404,5.13,0
2023-12-20,Snacks,West,285,3084,5.705625,1
2023-12-21,Beverages,North,12,125,5.12,1
2023-12-21,Beverages,South,45,451,5.743333333333333,1
2023-12-21,Beverages,West,28,412,6.329999999999999,0
2023-12-21,Dairy,North,755,7854,5.354081632653061,1
2023-12-21,Dairy,South,830,7777,5.188775510204081,1
2023-12-21,Dairy,West,697,6920,5.922000000000001,1
2023-12-21,Instant Food,North,297,1868,4.9390909090909085,1
2023-12-21,Instant Food,South,314,2019,6.685384615384615,1
2023-12-21,Instant Food,West,260,1887,4.891538461538461,1
2023-12-21,Snacks,North,226,1908,5.811428571428571,1
2023-12-21,Snacks,South,235,2455,5.050666666666667,1
2023-12-21,Snacks,West,341,2983,4.629444444444444,1
2023-12-22,Beverages,North,17,266,4.99,0
2023-12-22,Beverages,South,13,291,5.705,0
2023-12-22,Beverages,West,32,310,3.02,1
2023-12-22,Dairy,North,779,8069,4.851960784313725,1
2023-12-22,Dairy,South,749,7031,4.832325581395349,1
2023-12-22,Dairy,West,538,5619,5.014390243902439,1
2023-12-22,Instant Food,North,248,2052,5.353571428571429,1
2023-12-22,Instant Food,South,302,2083,5.0906666666666665,1
2023-12-22,Instant Food,West,322,2301,4.936153846153847,1
2023-12-22,Snacks,North,173,1834,5.266153846153846,1
2023-12-22,Snacks,South,194,2298,5.863571428571428,0
2023-12-22,Snacks,West,215,1925,6.186666666666667,1
2023-12-23,Beverages,North,45,411,2.785,1
2023-12-23,Beverages,South,24,439,7.665000000000001,0
2023-12-23,Beverages,West,9,165,6.97,0
2023-12-23,Dairy,North,765,7649,5.590625,1
2023-12-23,Dairy,South,582,6438,6.1388372093023245,1
2023-12-23,Dairy,West,685,6967,5.229111111111111,1
2023-12-23,Instant Food,North,203,1701,4.879166666666666,0
2023-12-23,Instant Food,South,224,1638,5.296923076923077,1
2023-12-23,Instant Food,West,262,2165,5.890769230769231,1
2023-12-23,Snacks,North,276,2676,5.525882352941176,1
2023-12-23,Snacks,South,290,2527,5.6693333333333324,1
2023-12-23,Snacks,West,228,1992,5.61,1
2023-12-24,Beverages,North,57,691,3.276666666666667,1
2023-12-24,Beverages,South,21,327,6.654999999999999,0
2023-12-24,Beverages,West,42,594,6.73,0
2023-12-24,Dairy,North,688,7201,5.620444444444444,1
2023-12-24,Dairy,South,642,7190,5.075333333333334,1
2023-12-24,Dairy,West,645,7227,5.145434782608696,1
2023-12-24,Instant Food,North,237,1907,5.469166666666666,1
2023-12-24,Instant Food,South,301,2373,5.5369230769230775,1
2023-12-24,Instant Food,West,288,1947,5.436153846153847,1
2023-12-24,Snacks,North,245,2567,3.6152941176470583,1
2023-12-24,Snacks,South,197,1930,5.135,1
2023-12-24,Snacks,West,197,2026,5.180000000000001,1
2023-12-25,Beverages,North,24,346,2.895,0
2023-12-25,Beverages,South,43,268,3.835,1
2023-12-25,Beverages,West,22,468,5.595000000000001,0
2023-12-25,Dairy,North,825,7664,5.578333333333333,1
2023-12-25,Dairy,South,826,7622,5.507659574468085,1
2023-12-25,Dairy,West,666,6911,5.3425581395348845,1
2023-12-25,Instant Food,North,296,2083,5.173076923076923,1
2023-12-25,Instant Food,South,303,2028,5.2192307692307685,1
2023-12-25,Instant Food,West,206,1818,5.441666666666666,0
2023-12-25,Snacks,North,264,2647,5.295625,1
2023-12-25,Snacks,South,225,2600,5.5452941176470585,0
2023-12-25,Snacks,West,239,2020,5.783571428571428,1
2023-12-26,Beverages,North,31,464,6.773333333333333,0
2023-12-26,Beverages,South,45,454,6.56,1
2023-12-26,Beverages,West,27,455,4.800000000000001,0
2023-12-26,Dairy,North,570,6245,5.3853333333333335,1
2023-12-26,Dairy,South,648,6760,5.061555555555556,1
2023-12-26,Dairy,West,762,7303,4.908181818181818,1
2023-12-26,Instant Food,North,366,2345,6.462857142857144,1
2023-12-26,Instant Food,South,361,2440,5.514666666666667,1
2023-12-26,Instant Food,West,281,2154,5.742857142857143,1
2023-12-26,Snacks,North,291,2583,5.119375,1
2023-12-26,Snacks,South,209,2308,5.191999999999999,0
2023-12-26,Snacks,West,251,2426,4.751875,1
2023-12-27,Beverages,North,46,577,6.246666666666667,1
2023-12-27,Beverages,South,27,435,4.513333333333333,0
2023-12-27,Beverages,West,37,517,5.273333333333333,1
2023-12-27,Dairy,North,754,7445,5.101666666666667,1
2023-12-27,Dairy,South,698,6850,5.2,1
2023-12-27,Dairy,West,830,7334,5.33625,1
2023-12-27,Instant Food,North,288,2461,4.316666666666666,1
2023-12-27,Instant Food,South,234,1678,4.966666666666667,1
2023-12-27,Instant Food,West,263,2135,5.401666666666666,0
2023-12-27,Snacks,North,217,1894,4.764615384615384,1
2023-12-27,Snacks,South,302,2683,5.275882352941176,1
2023-12-27,Snacks,West,252,2483,5.31875,1
2023-12-28,Beverages,North,34,618,5.386666666666667,0
2023-12-28,Beverages,South,43,548,3.9166666666666665,1
2023-12-28,Beverages,West,14,242,5.153333333333333,0
2023-12-28,Dairy,North,609,7361,4.767954545454545,1
2023-12-28,Dairy,South,642,6875,5.260714285714285,1
2023-12-28,Dairy,West,693,6808,5.283191489361702,1
2023-12-28,Instant Food,North,185,1630,5.305,0
2023-12-28,Instant Food,South,249,2058,3.7025,0
2023-12-28,Instant Food,West,203,1768,4.844615384615385,1
2023-12-28,Snacks,North,210,1988,5.172666666666667,1
2023-12-28,Snacks,South,289,2885,5.232941176470589,1
2023-12-28,Snacks,West,207,2005,5.96,1
2023-12-29,Beverages,North,33,453,7.13,0
2023-12-29,Beverages,South,29,453,2.556666666666666,0
2023-12-29,Beverages,West,26,488,6.083333333333333,0
2023-12-29,Dairy,North,668,7141,5.3580000000000005,1
2023-12-29,Dairy,South,755,8030,4.9328,1
2023-12-29,Dairy,West,766,7449,5.161041666666667,1
2023-12-29,Instant Food,North,366,2403,4.596923076923077,1
2023-12-29,Instant Food,South,225,2066,5.799166666666667,0
2023-12-29,Instant Food,West,392,2423,4.156428571428571,1
2023-12-29,Snacks,North,212,2383,5.395333333333334,0
2023-12-29,Snacks,South,252,2478,4.3475,1
2023-12-29,Snacks,West,286,2535,4.70875,1
2023-12-30,Beverages,North,28,380,6.836666666666667,1
2023-12-30,Beverages,South,51,467,5.223333333333334,1
2023-12-30,Beverages,West,18,280,3.97,0
2023-12-30,Dairy,North,733,7176,5.5445652173913045,1
2023-12-30,Dairy,South,639,7113,5.439333333333334,1
2023-12-30,Dairy,West,768,7577,5.318888888888889,1
2023-12-30,Instant Food,North,207,1711,5.245,0
2023-12-30,Instant Food,South,301,2011,5.530909090909091,1
2023-12-30,Instant Food,West,305,2168,5.615714285714286,1
2023-12-30,Snacks,North,188,1898,6.57,1
2023-12-30,Snacks,South,259,2455,4.8340000000000005,1
2023-12-30,Snacks,West,299,2500,4.3425,1
2023-12-31,Beverages,North,16,218,4.065,0
2023-12-31,Beverages,South,24,388,5.8500000000000005,0
2023-12-31,Beverages,West,21,362,7.125,0
2023-12-31,Dairy,North,733,7855,5.255531914893617,1
2023-12-31,Dairy,South,665,6476,5.195681818181819,1
2023-12-31,Dairy,West,653,6596,5.185348837209302,1
2023-12-31,Instant Food,North,230,1775,5.168333333333334,1
2023-12-31,Instant Food,South,356,2225,4.740769230769231,1
2023-12-31,Instant Food,West,305,1801,4.667272727272728,1
2023-12-31,Snacks,North,271,2557,4.325882352941177,1
2023-12-31,Snacks,South,258,2512,5.170555555555556,1
2023-12-31,Snacks,West,308,2677,5.766,1
2024-01-01,Beverages,North,30,466,6.1000000000000005,0
2024-01-01,Beverages,South,19,278,7.32,0
2024-01-01,Beverages,West,36,459,5.436666666666667,0
2024-01-01,Dairy,North,632,6336,5.017317073170732,1
2024-01-01,Dairy,South,975,7854,5.464782608695652,1
2024-01-01,Dairy,West,781,7431,5.42875,1
2024-01-01,Instant Food,North,289,1993,6.180000000000001,1
2024-01-01,Instant Food,South,285,2082,5.069285714285714,1
2024-01-01,Instant Food,West,227,1758,4.855,1
2024-01-01,Snacks,North,287,2988,5.1775,1
2024-01-01,Snacks,South,223,2208,5.733529411764706,1
2024-01-01,Snacks,West,207,2196,4.900666666666667,1
2024-01-02,Beverages,North,41,456,4.903333333333333,1
2024-01-02,Beverages,South,50,543,4.796666666666667,1
2024-01-02,Beverages,West,10,198,4.72,0
2024-01-02,Dairy,North,675,6455,5.17047619047619,1
2024-01-02,Dairy,South,950,7811,4.525625,1
2024-01-02,Dairy,West,806,7200,4.903958333333333,1
2024-01-02,Instant Food,North,283,2019,5.492857142857143,1
2024-01-02,Instant Food,South,339,2155,3.536153846153846,1
2024-01-02,Instant Food,West,324,2549,5.298571428571429,0
2024-01-02,Snacks,North,245,2211,5.318461538461539,1
2024-01-02,Snacks,South,197,2087,6.123571428571429,1
2024-01-02,Snacks,West,234,2351,5.125625,1
2024-01-03,Beverages,North,25,335,6.486666666666667,0
2024-01-03,Beverages,South,26,507,6.62,0
2024-01-03,Beverages,West,46,586,6.246666666666667,0
2024-01-03,Dairy,North,819,7700,5.298222222222222,1
2024-01-03,Dairy,South,760,7122,5.622444444444445,1
2024-01-03,Dairy,West,623,6502,5.01046511627907,1
2024-01-03,Instant Food,North,207,1815,6.095,1
2024-01-03,Instant Food,South,224,1882,5.740909090909091,1
2024-01-03,Instant Food,West,343,1833,4.848333333333334,1
2024-01-03,Snacks,North,222,2173,4.471875,1
2024-01-03,Snacks,South,276,2781,5.768125,1
2024-01-03,Snacks,West,248,2722,5.829411764705882,1
2024-01-04,Beverages,North,26,447,7.853333333333333,0
2024-01-04,Beverages,South,45,518,3.6366666666666663,1
2024-01-04,Beverages,West,23,319,6.065,0
2024-01-04,Dairy,North,749,7026,5.078936170212766,1
2024-01-04,Dairy,South,779,6992,5.361818181818182,1
2024-01-04,Dairy,West,884,7633,5.617446808510638,1
2024-01-04,Instant Food,North,243,1621,5.701818181818182,1
2024-01-04,Instant Food,South,221,1769,5.371666666666667,1
2024-01-04,Instant Food,West,330,2431,4.982,1
2024-01-04,Snacks,North,212,2179,5.957857142857143,1
2024-01-04,Snacks,South,266,2299,4.0200000000000005,1
2024-01-04,Snacks,West,221,2116,6.011333333333334,1
2024-01-05,Beverages,North,33,444,3.98,0
2024-01-05,Beverages,South,18,288,3.73,0
2024-01-05,Beverages,West,34,507,5.596666666666667,0
2024-01-05,Dairy,North,651,6719,5.606744186046512,1
2024-01-05,Dairy,South,901,7696,5.137959183673469,1
2024-01-05,Dairy,West,902,8384,5.17795918367347,1
2024-01-05,Instant Food,North,326,2642,5.062142857142858,1
2024-01-05,Instant Food,South,229,1892,6.658,1
2024-01-05,Instant Food,West,321,2018,4.134285714285714,1
2024-01-05,Snacks,North,235,2414,5.816875,1
2024-01-05,Snacks,South,230,2275,5.3175,1
2024-01-05,Snacks,West,285,2376,5.429375,1
2024-01-06,Beverages,North,44,588,8.49,0
2024-01-06,Beverages,South,28,453,3.3366666666666664,0
2024-01-06,Beverages,West,31,410,5.713333333333334,1
2024-01-06,Dairy,North,764,7538,4.925869565217392,1
2024-01-06,Dairy,South,852,8562,5.1120833333333335,1
2024-01-06,Dairy,West,757,7584,5.7963265306122445,1
2024-01-06,Instant Food,North,226,1751,5.049166666666667,1
2024-01-06,Instant Food,South,163,1308,3.62,0
2024-01-06,Instant Food,West,300,2278,6.503846153846154,1
2024-01-06,Snacks,North,258,2363,5.745333333333333,1
2024-01-06,Snacks,South,229,2543,5.859333333333334,0
2024-01-06,Snacks,West,228,2193,5.361538461538462,1
2024-01-07,Beverages,North,36,491,6.603333333333334,0
2024-01-07,Beverages,South,39,545,5.586666666666666,0
2024-01-07,Beverages,West,26,370,5.703333333333333,1
2024-01-07,Dairy,North,886,7808,5.454999999999999,1
2024-01-07,Dairy,South,874,7052,4.987555555555556,1
2024-01-07,Dairy,West,671,6637,5.029,1
2024-01-07,Instant Food,North,188,1504,5.138,0
2024-01-07,Instant Food,South,308,2272,6.076666666666667,1
2024-01-07,Instant Food,West,122,1046,5.86,0
2024-01-07,Snacks,North,227,2651,5.27375,0
2024-01-07,Snacks,South,188,2186,5.355333333333333,1
2024-01-07,Snacks,West,258,2727,5.548666666666667,1
2024-01-08,Beverages,North,23,260,4.795,0
2024-01-08,Beverages,South,27,465,5.496666666666666,0
2024-01-08,Beverages,West,11,160,3.02,0
2024-01-08,Dairy,North,694,6523,5.45953488372093,1
2024-01-08,Dairy,South,701,7132,4.765217391304348,1
2024-01-08,Dairy,West,804,7551,4.705625,1
2024-01-08,Instant Food,North,318,1670,5.336666666666666,1
2024-01-08,Instant Food,South,270,1898,4.710833333333333,1
2024-01-08,Instant Food,West,188,1741,4.962999999999999,0
2024-01-08,Snacks,North,256,2636,3.975555555555556,1
2024-01-08,Snacks,South,310,2683,5.040555555555556,1
2024-01-08,Snacks,West,296,2929,5.131764705882354,1
2024-01-09,Beverages,North,24,397,5.53,0
2024-01-09,Beverages,South,8,211,7.0,0
2024-01-09,Beverages,West,16,308,4.19,0
2024-01-09,Dairy,North,647,6361,5.36952380952381,1
2024-01-09,Dairy,South,734,7657,5.135625,1
2024-01-09,Dairy,West,795,7498,5.538444444444444,1
2024-01-09,Instant Food,North,306,2051,6.434615384615385,1
2024-01-09,Instant Food,South,367,2027,4.7075,1
2024-01-09,Instant Food,West,334,2519,6.057857142857143,1
2024-01-09,Snacks,North,240,2608,4.641666666666667,1
2024-01-09,Snacks,South,247,2633,5.405882352941177,1
2024-01-09,Snacks,West,197,2152,4.765333333333333,1
2024-01-10,Beverages,North,10,187,6.06,0
2024-01-10,Beverages,South,53,434,6.390000000000001,1
2024-01-10,Beverages,West,32,479,2.733333333333333,0
2024-01-10,Dairy,North,805,7747,5.546470588235295,1
2024-01-10,Dairy,South,734,7064,5.155869565217391,1
2024-01-10,Dairy,West,765,7467,5.294347826086956,1
2024-01-10,Instant Food,North,287,2065,5.734,1
2024-01-10,Instant Food,South,234,1907,4.5441666666666665,1
2024-01-10,Instant Food,West,263,1907,5.245833333333334,1
2024-01-10,Snacks,North,202,2004,5.768571428571429,1
2024-01-10,Snacks,South,202,2508,4.695333333333334,1
2024-01-10,Snacks,West,178,1995,5.547692307692307,0
2024-01-11,Beverages,North,17,309,5.89,0
2024-01-11,Beverages,South,47,496,4.743333333333333,1
2024-01-11,Beverages,West,19,202,6.59,0
2024-01-11,Dairy,North,731,7089,5.599787234042553,1
2024-01-11,Dairy,South,886,7913,5.48,1
2024-01-11,Dairy,West,805,7649,5.609361702127659,1
2024-01-11,Instant Food,North,293,2110,4.332307692307692,1
2024-01-11,Instant Food,South,270,1830,4.696666666666666,1
2024-01-11,Instant Food,West,299,1938,4.726153846153846,1
2024-01-11,Snacks,North,282,3081,5.587222222222222,1
2024-01-11,Snacks,South,229,2557,4.922941176470588,1
2024-01-11,Snacks,West,254,2519,6.131666666666667,1
2024-01-12,Beverages,North,31,499,4.8133333333333335,0
2024-01-12,Beverages,South,23,567,4.48,0
2024-01-12,Beverages,West,28,404,6.463333333333334,0
2024-01-12,Dairy,North,829,8371,5.457346938775511,1
2024-01-12,Dairy,South,812,7693,5.584893617021277,1
2024-01-12,Dairy,West,848,7376,5.26,1
2024-01-12,Instant Food,North,340,2477,5.826153846153845,0
2024-01-12,Instant Food,South,282,2037,5.465000000000001,1
2024-01-12,Instant Food,West,239,1891,5.889230769230769,1
2024-01-12,Snacks,North,228,2254,5.3566666666666665,1
2024-01-12,Snacks,South,149,1871,5.702307692307692,0
2024-01-12,Snacks,West,254,2626,5.15625,1
2024-01-13,Beverages,North,38,512,4.586666666666667,1
2024-01-13,Beverages,South,23,315,3.856666666666667,0
2024-01-13,Beverages,West,39,708,5.346666666666667,0
2024-01-13,Dairy,North,776,7541,5.214090909090909,1
2024-01-13,Dairy,South,786,7208,5.240652173913043,1
2024-01-13,Dairy,West,849,8070,5.238541666666666,1
2024-01-13,Instant Food,North,256,1887,4.657692307692307,1
2024-01-13,Instant Food,South,345,2499,5.123333333333333,1
2024-01-13,Instant Food,West,306,2143,5.154285714285714,1
2024-01-13,Snacks,North,285,3089,5.512222222222222,1
2024-01-13,Snacks,South,223,1751,5.169090909090909,1
2024-01-13,Snacks,West,239,2415,5.854285714285714,1
2024-01-14,Beverages,North,23,370,8.629999999999999,0
2024-01-14,Beverages,South,23,359,4.75,1
2024-01-14,Beverages,West,31,487,5.626666666666666,0
2024-01-14,Dairy,North,888,7885,5.367254901960784,1
2024-01-14,Dairy,South,749,6523,5.014186046511628,1
2024-01-14,Dairy,West,718,6448,5.175909090909091,1
2024-01-14,Instant Food,North,275,2088,5.587142857142857,1
2024-01-14,Instant Food,South,409,2287,4.530714285714286,1
2024-01-14,Instant Food,West,346,2446,5.555714285714286,1
2024-01-14,Snacks,North,243,2609,5.95,1
2024-01-14,Snacks,South,254,2397,5.36125,1
2024-01-14,Snacks,West,222,2407,5.735,1
2024-01-15,Beverages,North,23,333,7.493333333333333,0
2024-01-15,Beverages,South,33,500,4.176666666666667,0
2024-01-15,Beverages,West,32,542,6.326666666666667,0
2024-01-15,Dairy,North,660,5915,4.912,1
2024-01-15,Dairy,South,691,6863,4.779555555555556,1
2024-01-15,Dairy,West,790,7290,5.332553191489362,1
2024-01-15,Instant Food,North,232,1868,4.68,1
2024-01-15,Instant Food,South,292,2156,5.887857142857143,1
2024-01-15,Instant Food,West,365,2348,5.568461538461539,1
2024-01-15,Snacks,North,270,2589,4.786875,1
2024-01-15,Snacks,South,230,2622,4.625625,1
2024-01-15,Snacks,West,228,2402,4.6625,1
2024-01-16,Beverages,North,21,321,3.49,0
2024-01-16,Beverages,South,23,362,4.045,0
2024-01-16,Beverages,West,28,483,5.993333333333333,0
2024-01-16,Dairy,North,770,7126,4.949111111111112,1
2024-01-16,Dairy,South,786,7390,5.281224489795919,1
2024-01-16,Dairy,West,639,6423,6.073333333333333,1
2024-01-16,Instant Food,North,203,1764,4.825833333333333,1
2024-01-16,Instant Food,South,260,2074,3.867692307692308,1
2024-01-16,Instant Food,West,299,2071,5.766428571428572,1
2024-01-16,Snacks,North,259,2726,5.713125,1
2024-01-16,Snacks,South,295,2926,5.665,1
2024-01-16,Snacks,West,197,2191,4.265,1
2024-01-17,Beverages,North,44,551,5.576666666666667,1
2024-01-17,Beverages,South,18,200,3.655,1
2024-01-17,Beverages,West,51,651,3.956666666666667,1
2024-01-17,Dairy,North,670,6216,4.932045454545454,1
2024-01-17,Dairy,South,810,7209,5.435,1
2024-01-17,Dairy,West,786,7255,5.329318181818182,1
2024-01-17,Instant Food,North,288,2094,4.767857142857143,1
2024-01-17,Instant Food,South,270,1815,5.905384615384615,1
2024-01-17,Instant Food,West,182,1676,5.409090909090909,1
2024-01-17,Snacks,North,184,2110,4.898666666666667,1
2024-01-17,Snacks,South,264,2751,4.0994117647058825,1
2024-01-17,Snacks,West,147,1897,5.261333333333334,0
2024-01-18,Beverages,North,38,539,3.806666666666666,0
2024-01-18,Beverages,South,54,438,4.366666666666666,1
2024-01-18,Beverages,West,25,435,8.206666666666667,0
2024-01-18,Dairy,North,773,6868,5.296744186046511,1
2024-01-18,Dairy,South,765,7761,4.887083333333334,1
2024-01-18,Dairy,West,717,6307,5.261428571428572,1
2024-01-18,Instant Food,North,348,2328,5.226,1
2024-01-18,Instant Food,South,332,2193,5.060833333333333,1
2024-01-18,Instant Food,West,279,2346,5.355333333333333,1
2024-01-18,Snacks,North,177,2339,6.132666666666666,0
2024-01-18,Snacks,South,223,2235,6.602857142857142,1
2024-01-18,Snacks,West,221,2513,5.261875,1
2024-01-19,Beverages,North,32,398,7.1000000000000005,1
2024-01-19,Beverages,South,18,234,7.15,0
2024-01-19,Beverages,West,13,256,3.02,0
2024-01-19,Dairy,North,696,6955,5.084222222222222,1
2024-01-19,Dairy,South,676,6831,4.769545454545455,1
2024-01-19,Dairy,West,843,8508,4.9954,1
2024-01-19,Instant Food,North,273,2234,5.308571428571428,1
2024-01-19,Instant Food,South,280,2120,5.466153846153846,1
2024-01-19,Instant Food,West,237,1792,4.3500000000000005,1
2024-01-19,Snacks,North,218,2221,6.002666666666666,1
2024-01-19,Snacks,South,222,2547,5.491333333333333,1
2024-01-19,Snacks,West,245,2672,5.295625,1
2024-01-20,Beverages,North,23,371,4.505,0
2024-01-20,Beverages,South,30,404,4.723333333333334,1
2024-01-20,Beverages,West,55,559,3.52,1
2024-01-20,Dairy,North,687,6997,5.378510638297872,1
2024-01-20,Dairy,South,764,7084,4.878181818181818,1
2024-01-20,Dairy,West,665,6979,5.437234042553191,1
2024-01-20,Instant Food,North,303,2250,3.911538461538462,1
2024-01-20,Instant Food,South,339,2421,6.365,1
2024-01-20,Instant Food,West,281,2230,6.132307692307692,1
2024-01-20,Snacks,North,275,2609,5.667647058823529,1
2024-01-20,Snacks,South,256,2843,5.011176470588235,1
2024-01-20,Snacks,West,229,2286,5.506153846153846,1
2024-01-21,Beverages,North,28,497,2.5466666666666664,0
2024-01-21,Beverages,South,39,379,2.52,1
2024-01-21,Beverages,West,49,679,5.946666666666666,0
2024-01-21,Dairy,North,713,7021,5.258958333333333,1
2024-01-21,Dairy,South,775,7185,5.225454545454546,1
2024-01-21,Dairy,West,639,5491,4.846756756756756,1
2024-01-21,Instant Food,North,225,1611,5.219090909090909,1
2024-01-21,Instant Food,South,373,2688,5.237333333333334,1
2024-01-21,Instant Food,West,257,1909,5.142727272727273,1
2024-01-21,Snacks,North,253,2298,5.199333333333333,1
2024-01-21,Snacks,South,285,2457,5.855294117647059,1
2024-01-21,Snacks,West,296,2683,5.155,1
2024-01-22,Beverages,North,28,481,4.56,0
2024-01-22,Beverages,South,11,182,8.27,0
2024-01-22,Beverages,West,34,580,6.19,0
2024-01-22,Dairy,North,838,7352,5.581489361702127,1
2024-01-22,Dairy,South,796,8127,5.519615384615384,1
2024-01-22,Dairy,West,832,7404,5.171521739130435,1
2024-01-22,Instant Food,North,289,2128,5.401538461538461,1
2024-01-22,Instant Food,South,367,2349,6.4557142857142855,1
2024-01-22,Instant Food,West,334,2224,5.792307692307692,1
2024-01-22,Snacks,North,270,2426,5.4175,1
2024-01-22,Snacks,South,249,2514,5.564375,1
2024-01-22,Snacks,West,243,2468,5.309285714285714,1
2024-01-23,Beverages,North,32,549,5.3,0
2024-01-23,Beverages,South,29,455,4.843333333333334,0
2024-01-23,Beverages,West,29,300,2.61,0
2024-01-23,Dairy,North,950,8273,5.3574,1
2024-01-23,Dairy,South,823,7633,5.2338297872340425,1
2024-01-23,Dairy,West,838,7293,5.476041666666667,1
2024-01-23,Instant Food,North,275,1855,4.53,1
2024-01-23,Instant Food,South,291,2038,5.100833333333333,1
2024-01-23,Instant Food,West,323,2082,5.83,1
2024-01-23,Snacks,North,194,2288,4.780666666666666,1
2024-01-23,Snacks,South,208,2347,5.039333333333333,1
2024-01-23,Snacks,West,250,2515,4.489285714285715,1
2024-01-24,Beverages,North,28,452,6.03,0
2024-01-24,Beverages,South,22,408,4.3533333333333335,0
2024-01-24,Beverages,West,31,377,6.135,0
2024-01-24,Dairy,North,865,7711,5.575625,1
2024-01-24,Dairy,South,886,7212,5.868666666666666,1
2024-01-24,Dairy,West,740,6839,5.332448979591837,1
2024-01-24,Instant Food,North,292,1884,4.115,1
2024-01-24,Instant Food,South,368,2476,5.6386666666666665,1
2024-01-24,Instant Food,West,161,1331,4.475,0
2024-01-24,Snacks,North,231,2297,6.508571428571429,1
2024-01-24,Snacks,South,263,2420,4.184,1
2024-01-24,Snacks,West,210,2055,5.315,1
2024-01-25,Beverages,North,32,474,2.26,0
2024-01-25,Beverages,South,33,409,6.535,0
2024-01-25,Beverages,West,32,497,6.826666666666667,0
2024-01-25,Dairy,North,703,6492,5.79452380952381,1
2024-01-25,Dairy,South,757,6994,4.891489361702128,1
2024-01-25,Dairy,West,915,8894,5.408490566037735,1
2024-01-25,Instant Food,North,244,1855,5.1883333333333335,1
2024-01-25,Instant Food,South,157,1341,5.198888888888889,0
2024-01-25,Instant Food,West,283,2154,6.496153846153846,1
2024-01-25,Snacks,North,262,2371,5.129333333333333,1
2024-01-25,Snacks,South,300,2840,5.055,1
2024-01-25,Snacks,West,243,2683,4.715882352941176,1
2024-01-26,Beverages,North,12,303,5.265000000000001,0
2024-01-26,Beverages,South,21,371,3.736666666666667,0
2024-01-26,Beverages,West,49,522,3.793333333333333,1
2024-01-26,Dairy,North,693,6159,5.288837209302326,1
2024-01-26,Dairy,South,798,6968,5.283777777777778,1
2024-01-26,Dairy,West,861,7733,5.436808510638298,1
2024-01-26,Instant Food,North,319,2316,5.177333333333333,1
2024-01-26,Instant Food,South,249,1987,5.0120000000000005,0
2024-01-26,Instant Food,West,175,1572,6.670909090909091,1
2024-01-26,Snacks,North,174,1680,4.825714285714286,1
2024-01-26,Snacks,South,284,2623,5.05375,1
2024-01-26,Snacks,West,254,2674,5.943333333333333,1
2024-01-27,Beverages,North,29,505,6.473333333333334,0
2024-01-27,Beverages,South,38,588,6.670000000000001,0
2024-01-27,Beverages,West,12,215,5.535,0
2024-01-27,Dairy,North,795,7823,4.955510204081633,1
2024-01-27,Dairy,South,760,6788,5.711333333333333,1
2024-01-27,Dairy,West,810,7095,5.203111111111111,1
2024-01-27,Instant Food,North,374,2406,4.659285714285715,1
2024-01-27,Instant Food,South,265,2128,5.493571428571428,1
2024-01-27,Instant Food,West,334,2127,5.4,1
2024-01-27,Snacks,North,224,2428,5.47,1
2024-01-27,Snacks,South,244,2507,5.616666666666666,1
2024-01-27,Snacks,West,233,2258,5.415333333333334,1
2024-01-28,Beverages,North,22,292,5.03,0
2024-01-28,Beverages,South,49,486,2.9766666666666666,1
2024-01-28,Beverages,West,38,429,6.169999999999999,1
2024-01-28,Dairy,North,825,8173,5.625576923076924,1
2024-01-28,Dairy,South,711,6857,4.602666666666667,1
2024-01-28,Dairy,West,753,6448,5.55075,1
2024-01-28,Instant Food,North,327,2419,5.006666666666666,1
2024-01-28,Instant Food,South,286,1710,4.3475,1
2024-01-28,Instant Food,West,301,2287,3.501428571428572,1
2024-01-28,Snacks,North,224,2656,6.260588235294118,1
2024-01-28,Snacks,South,249,2557,5.105882352941176,1
2024-01-28,Snacks,West,290,3037,4.675,1
2024-01-29,Beverages,North,24,392,2.0500000000000003,0
2024-01-29,Beverages,South,26,443,3.1933333333333334,0
2024-01-29,Beverages,West,51,401,5.796666666666667,1
2024-01-29,Dairy,North,740,7204,5.285208333333333,1
2024-01-29,Dairy,South,783,7126,5.365,1
2024-01-29,Dairy,West,787,7203,5.132553191489362,1
2024-01-29,Instant Food,North,266,1966,4.944285714285714,1
2024-01-29,Instant Food,South,281,2276,5.673076923076923,1
2024-01-29,Instant Food,West,218,1627,4.791818181818182,1
2024-01-29,Snacks,North,235,2335,5.343999999999999,1
2024-01-29,Snacks,South,231,2508,5.5953333333333335,1
2024-01-29,Snacks,West,195,2300,5.8525,1
2024-01-30,Beverages,North,28,514,5.66,0
2024-01-30,Beverages,South,58,544,3.106666666666667,1
2024-01-30,Beverages,West,31,468,6.289999999999999,0
2024-01-30,Dairy,North,709,6252,5.40695652173913,1
2024-01-30,Dairy,South,731,6923,5.317727272727272,1
2024-01-30,Dairy,West,680,6943,6.030425531914894,1
2024-01-30,Instant Food,North,180,1582,5.513333333333333,0
2024-01-30,Instant Food,South,247,1793,5.834166666666667,0
2024-01-30,Instant Food,West,210,1945,5.9425,1
2024-01-30,Snacks,North,238,2559,4.5825,1
2024-01-30,Snacks,South,269,2388,4.7821428571428575,1
2024-01-30,Snacks,West,189,1946,5.522142857142858,1
2024-01-31,Beverages,North,41,656,6.150000000000001,0
2024-01-31,Beverages,South,23,336,6.485,0
2024-01-31,Beverages,West,17,120,8.79,1
2024-01-31,Dairy,North,797,7892,4.923958333333333,1
2024-01-31,Dairy,South,782,7815,5.200208333333333,1
2024-01-31,Dairy,West,682,6634,5.678,1
2024-01-31,Instant Food,North,345,2296,4.984666666666667,1
2024-01-31,Instant Food,South,225,1841,4.380833333333333,1
2024-01-31,Instant Food,West,250,2107,6.048461538461538,0
2024-01-31,Snacks,North,223,2305,5.807058823529411,1
2024-01-31,Snacks,South,139,1703,5.891666666666667,0
2024-01-31,Snacks,West,251,2499,4.714375,1
2024-02-01,Beverages,North,45,661,4.976666666666667,0
2024-02-01,Beverages,South,29,464,3.74,0
2024-02-01,Beverages,West,25,316,5.98,1
2024-02-01,Dairy,North,850,6963,5.1127659574468085,1
2024-02-01,Dairy,South,724,6726,5.520476190476191,1
2024-02-01,Dairy,West,934,7895,5.166734693877551,1
2024-02-01,Instant Food,North,340,2055,4.935,1
2024-02-01,Instant Food,South,341,2303,5.371538461538462,1
2024-02-01,Instant Food,West,404,2522,5.205,1
2024-02-01,Snacks,North,272,2637,4.941764705882353,1
2024-02-01,Snacks,South,256,2614,4.797333333333333,1
2024-02-01,Snacks,West,198,2081,4.816666666666666,1
2024-02-02,Beverages,North,19,181,6.21,1
2024-02-02,Beverages,South,22,326,4.39,0
2024-02-02,Beverages,West,36,521,7.136666666666667,0
2024-02-02,Dairy,North,818,7350,5.483750000000001,1
2024-02-02,Dairy,South,972,8117,5.1724,1
2024-02-02,Dairy,West,1009,8201,5.353333333333333,1
2024-02-02,Instant Food,North,243,1852,5.941666666666666,1
2024-02-02,Instant Food,South,248,2020,5.642307692307692,0
2024-02-02,Instant Food,West,208,1370,6.201111111111112,1
2024-02-02,Snacks,North,286,2702,4.62875,1
2024-02-02,Snacks,South,253,2741,4.932,1
2024-02-02,Snacks,West,254,2537,4.948125,1
2024-02-03,Beverages,North,11,224,6.1,0
2024-02-03,Beverages,South,46,557,4.626666666666667,1
2024-02-03,Beverages,West,33,420,5.1033333333333335,0
2024-02-03,Dairy,North,977,7732,5.428,1
2024-02-03,Dairy,South,709,6012,5.318292682926829,1
2024-02-03,Dairy,West,890,7369,4.690816326530612,1
2024-02-03,Instant Food,North,309,2282,4.850666666666667,1
2024-02-03,Instant Food,South,377,2093,5.1825,1
2024-02-03,Instant Food,West,322,2232,5.0233333333333325,1
2024-02-03,Snacks,North,225,2448,4.835294117647059,0
2024-02-03,Snacks,South,224,2164,4.637142857142857,1
2024-02-03,Snacks,West,258,2480,5.599285714285714,1
2024-02-04,Beverages,North,17,232,4.56,0
2024-02-04,Beverages,South,21,394,4.8933333333333335,0
2024-02-04,Beverages,West,33,508,5.323333333333333,0
2024-02-04,Dairy,North,875,7626,5.341555555555556,1
2024-02-04,Dairy,South,939,7674,4.606875,1
2024-02-04,Dairy,West,825,6803,5.0619565217391305,1
2024-02-04,Instant Food,North,294,1849,4.623636363636364,1
2024-02-04,Instant Food,South,321,2283,5.227142857142857,1
2024-02-04,Instant Food,West,271,2135,5.716666666666666,0
2024-02-04,Snacks,North,271,2494,5.211176470588235,1
2024-02-04,Snacks,South,252,2515,4.8325,1
2024-02-04,Snacks,West,247,2608,5.544,0
2024-02-05,Beverages,North,22,313,4.795,0
2024-02-05,Beverages,South,33,513,4.336666666666667,0
2024-02-05,Beverages,West,33,324,3.9666666666666655,1
2024-02-05,Dairy,North,857,7034,4.7675,1
2024-02-05,Dairy,South,1008,7968,5.146041666666666,1
2024-02-05,Dairy,West,1076,8268,5.030408163265307,1
2024-02-05,Instant Food,North,243,1940,5.901666666666667,1
2024-02-05,Instant Food,South,296,1791,5.166153846153846,1
2024-02-05,Instant Food,West,282,1985,5.4750000000000005,1
2024-02-05,Snacks,North,194,1935,4.690714285714286,1
2024-02-05,Snacks,South,202,2106,5.61,1
2024-02-05,Snacks,West,205,2279,5.559285714285714,1
2024-02-06,Beverages,North,33,421,3.703333333333333,0
2024-02-06,Beverages,South,40,319,5.15,1
2024-02-06,Beverages,West,26,419,5.44,0
2024-02-06,Dairy,North,976,7373,5.3325000000000005,1
2024-02-06,Dairy,South,818,6826,5.633555555555556,1
2024-02-06,Dairy,West,828,6934,5.176041666666666,1
2024-02-06,Instant Food,North,259,2198,4.164285714285714,0
2024-02-06,Instant Food,South,318,2024,5.584615384615384,1
2024-02-06,Instant Food,West,277,1813,5.500909090909091,1
2024-02-06,Snacks,North,170,1925,5.371666666666667,1
2024-02-06,Snacks,South,357,2764,6.02,1
2024-02-06,Snacks,West,301,2203,5.355333333333333,1
2024-02-07,Beverages,North,40,601,6.88,0
2024-02-07,Beverages,South,32,369,7.37,0
2024-02-07,Beverages,West,43,302,6.300000000000001,1
2024-02-07,Dairy,North,928,7562,5.137021276595744,1
2024-02-07,Dairy,South,836,7510,4.889782608695652,1
2024-02-07,Dairy,West,847,7476,4.7491666666666665,1
2024-02-07,Instant Food,North,297,2294,4.561538461538461,1
2024-02-07,Instant Food,South,279,2254,4.869285714285715,0
2024-02-07,Instant Food,West,280,2353,4.729285714285714,0
2024-02-07,Snacks,North,198,2237,5.296428571428572,0
2024-02-07,Snacks,South,150,1703,4.696666666666666,1
2024-02-07,Snacks,West,170,1629,3.888333333333333,1
2024-02-08,Beverages,North,27,351,3.78,1
2024-02-08,Beverages,South,57,583,1.9533333333333331,0
2024-02-08,Beverages,West,33,430,5.6066666666666665,0
2024-02-08,Dairy,North,852,6978,5.695333333333334,1
2024-02-08,Dairy,South,830,6721,4.9366666666666665,1
2024-02-08,Dairy,West,892,6895,5.453023255813953,1
2024-02-08,Instant Food,North,277,2320,5.489230769230769,1
2024-02-08,Instant Food,South,222,1720,6.6575,1
2024-02-08,Instant Food,West,245,2088,6.102142857142858,0
2024-02-08,Snacks,North,240,2501,5.141333333333334,1
2024-02-08,Snacks,South,223,2218,4.974666666666667,1
2024-02-08,Snacks,West,253,2597,5.021875,1
2024-02-09,Beverages,North,27,216,6.626666666666668,1
2024-02-09,Beverages,South,45,405,5.3933333333333335,1
2024-02-09,Beverages,West,48,379,5.09,1
2024-02-09,Dairy,North,998,7802,5.527291666666667,1
2024-02-09,Dairy,South,1026,7590,5.31,1
2024-02-09,Dairy,West,870,7247,5.38,1
2024-02-09,Instant Food,North,221,2101,4.895384615384615,0
2024-02-09,Instant Food,South,291,1625,5.86090909090909,1
2024-02-09,Instant Food,West,365,2366,4.962666666666666,1
2024-02-09,Snacks,North,218,1968,5.159999999999999,1
2024-02-09,Snacks,South,278,2353,5.662000000000001,1
2024-02-09,Snacks,West,197,2066,5.403333333333333,1
2024-02-10,Beverages,North,31,437,6.666666666666667,0
2024-02-10,Beverages,South,52,410,5.510000000000001,1
2024-02-10,Beverages,West,26,294,4.3,0
2024-02-10,Dairy,North,1038,7874,5.186326530612245,1
2024-02-10,Dairy,South,936,6976,4.964883720930232,1
2024-02-10,Dairy,West,765,6850,5.317111111111111,1
2024-02-10,Instant Food,North,301,1973,5.646666666666667,1
2024-02-10,Instant Food,South,254,2012,6.445833333333333,0
2024-02-10,Instant Food,West,292,2037,4.8125,1
2024-02-10,Snacks,North,313,3011,5.281666666666666,1
2024-02-10,Snacks,South,299,2616,5.355294117647058,1
2024-02-10,Snacks,West,298,3081,6.663125,1
2024-02-11,Beverages,North,33,398,4.8566666666666665,1
2024-02-11,Beverages,South,21,309,5.869999999999999,0
2024-02-11,Beverages,West,66,622,5.403333333333333,1
2024-02-11,Dairy,North,724,6175,5.125,1
2024-02-11,Dairy,South,853,6577,5.24219512195122,1
2024-02-11,Dairy,West,890,7455,5.725106382978723,1
2024-02-11,Instant Food,North,317,1912,4.752857142857143,1
2024-02-11,Instant Food,South,337,2235,5.036428571428572,1
2024-02-11,Instant Food,West,246,1891,6.109999999999999,1
2024-02-11,Snacks,North,215,2312,5.097142857142857,1
2024-02-11,Snacks,South,207,2148,4.841428571428572,1
2024-02-11,Snacks,West,261,2328,5.247333333333333,1
2024-02-12,Beverages,North,25,403,6.515000000000001,0
2024-02-12,Beverages,South,34,407,7.676666666666667,1
2024-02-12,Beverages,West,26,276,5.58,0
2024-02-12,Dairy,North,933,7356,5.132448979591837,1
2024-02-12,Dairy,South,876,7456,5.46795918367347,1
2024-02-12,Dairy,West,953,7335,5.593617021276596,1
2024-02-12,Instant Food,North,199,1683,4.597692307692308,0
2024-02-12,Instant Food,South,312,1848,5.173,1
2024-02-12,Instant Food,West,326,2388,5.416666666666667,1
2024-02-12,Snacks,North,210,2171,5.71076923076923,1
2024-02-12,Snacks,South,205,2430,5.05,1
2024-02-12,Snacks,West,259,2391,4.583333333333333,1
2024-02-13,Beverages,North,37,441,5.305,1
2024-02-13,Beverages,South,43,463,3.51,0
2024-02-13,Beverages,West,37,511,6.733333333333333,0
2024-02-13,Dairy,North,945,7621,4.89936170212766,1
2024-02-13,Dairy,South,787,7341,5.303191489361702,1
2024-02-13,Dairy,West,866,7227,5.040212765957446,1
2024-02-13,Instant Food,North,337,2261,5.818461538461539,1
2024-02-13,Instant Food,South,232,1772,4.831666666666667,0
2024-02-13,Instant Food,West,272,2057,5.242307692307692,1
2024-02-13,Snacks,North,236,2260,5.074285714285715,1
2024-02-13,Snacks,South,268,2585,3.822666666666666,1
2024-02-13,Snacks,West,272,2078,5.727142857142858,1
2024-02-14,Beverages,North,61,604,3.99,1
2024-02-14,Beverages,South,24,249,4.91,1
2024-02-14,Beverages,West,18,243,5.63,0
2024-02-14,Dairy,North,870,6947,5.141914893617021,1
2024-02-14,Dairy,South,1021,8208,5.345434782608695,1
2024-02-14,Dairy,West,830,7089,5.356595744680851,1
2024-02-14,Instant Food,North,361,1900,4.899230769230769,1
2024-02-14,Instant Food,South,301,2330,5.455384615384616,1
2024-02-14,Instant Food,West,261,1594,4.950769230769231,1
2024-02-14,Snacks,North,232,2317,4.970714285714286,1
2024-02-14,Snacks,South,234,2258,5.39,1
2024-02-14,Snacks,West,123,1291,4.7263636363636365,1
2024-02-15,Beverages,North,27,306,6.09,0
2024-02-15,Beverages,South,35,455,6.333333333333333,0
2024-02-15,Beverages,West,22,142,2.99,1
2024-02-15,Dairy,North,909,7464,5.438541666666667,1
2024-02-15,Dairy,South,931,7361,5.506818181818182,1
2024-02-15,Dairy,West,869,6971,4.832727272727273,1
2024-02-15,Instant Food,North,296,1911,5.1825,1
2024-02-15,Instant Food,South,325,2401,5.520769230769231,1
2024-02-15,Instant Food,West,352,2228,5.363333333333333,1
2024-02-15,Snacks,North,282,2546,5.538235294117648,1
2024-02-15,Snacks,South,293,2849,4.94,1
2024-02-15,Snacks,West,235,2392,4.847333333333334,1
2024-02-16,Beverages,North,42,509,5.45,1
2024-02-16,Beverages,South,36,520,4.42,0
2024-02-16,Beverages,West,41,488,5.973333333333334,0
2024-02-16,Dairy,North,923,7872,5.351914893617021,1
2024-02-16,Dairy,South,808,6863,5.495869565217391,1
2024-02-16,Dairy,West,739,6385,5.155581395348837,1
2024-02-16,Instant Food,North,182,1389,4.7681818181818185,1
2024-02-16,Instant Food,South,266,1832,5.427499999999999,1
2024-02-16,Instant Food,West,270,2079,5.795384615384616,1
2024-02-16,Snacks,North,232,2126,4.787333333333334,1
2024-02-16,Snacks,South,279,2399,5.28,1
2024-02-16,Snacks,West,298,2810,5.587222222222222,1
2024-02-17,Beverages,North,40,429,6.423333333333333,1
2024-02-17,Beverages,South,44,614,5.596666666666667,0
2024-02-17,Beverages,West,32,513,5.816666666666666,0
2024-02-17,Dairy,North,853,7252,5.486888888888889,1
2024-02-17,Dairy,South,925,7477,4.95375,1
2024-02-17,Dairy,West,924,7374,5.750666666666666,1
2024-02-17,Instant Food,North,278,1921,5.389230769230769,1
2024-02-17,Instant Food,South,267,2341,4.177692307692308,0
2024-02-17,Instant Food,West,303,1962,3.694545454545455,1
2024-02-17,Snacks,North,279,2916,5.35235294117647,1
2024-02-17,Snacks,South,284,2979,4.091666666666667,1
2024-02-17,Snacks,West,197,2149,5.365,1
2024-02-18,Beverages,North,30,358,5.816666666666667,1
2024-02-18,Beverages,South,42,399,2.273333333333333,1
2024-02-18,Beverages,West,60,496,3.763333333333333,1
2024-02-18,Dairy,North,896,6935,4.914666666666666,1
2024-02-18,Dairy,South,878,7185,4.918222222222222,1
2024-02-18,Dairy,West,978,7814,5.456086956521739,1
2024-02-18,Instant Food,North,304,2061,5.688461538461539,1
2024-02-18,Instant Food,South,286,1878,5.3246153846153845,1
2024-02-18,Instant Food,West,324,1959,5.395833333333333,1
2024-02-18,Snacks,North,200,2158,4.551333333333333,0
2024-02-18,Snacks,South,204,2122,5.508571428571429,0
2024-02-18,Snacks,West,319,2756,5.123125,1
2024-02-19,Beverages,North,43,417,6.73,1
2024-02-19,Beverages,South,49,511,5.0,1
2024-02-19,Beverages,West,16,216,8.04,0
2024-02-19,Dairy,North,808,6686,5.022790697674418,1
2024-02-19,Dairy,South,832,7252,5.590408163265306,1
2024-02-19,Dairy,West,894,7309,5.694347826086957,1
2024-02-19,Instant Food,North,294,1773,5.484999999999999,1
2024-02-19,Instant Food,South,274,2102,6.1692307692307695,1
2024-02-19,Instant Food,West,271,1815,5.765384615384615,1
2024-02-19,Snacks,North,254,2484,5.191333333333334,1
2024-02-19,Snacks,South,293,2780,5.578823529411765,1
2024-02-19,Snacks,West,231,1893,4.7323076923076925,1
2024-02-20,Beverages,North,33,486,4.096666666666667,0
2024-02-20,Beverages,South,43,405,3.5933333333333337,1
2024-02-20,Beverages,West,37,527,3.986666666666667,0
2024-02-20,Dairy,North,964,7642,5.437551020408163,1
2024-02-20,Dairy,South,936,6982,5.354222222222222,1
2024-02-20,Dairy,West,854,6973,5.479130434782609,1
2024-02-20,Instant Food,North,101,941,5.74375,0
2024-02-20,Instant Food,South,275,2189,4.694166666666667,1
2024-02-20,Instant Food,West,285,2389,5.073571428571428,1
2024-02-20,Snacks,North,225,2226,5.654705882352941,1
2024-02-20,Snacks,South,301,2803,5.76125,1
2024-02-20,Snacks,West,250,2327,5.000666666666666,1
2024-02-21,Beverages,North,31,311,3.91,1
2024-02-21,Beverages,South,40,544,2.853333333333333,0
2024-02-21,Beverages,West,14,97,2.32,1
2024-02-21,Dairy,North,817,7219,5.421086956521739,1
2024-02-21,Dairy,South,753,6326,5.095555555555555,1
2024-02-21,Dairy,West,891,6834,5.274318181818182,1
2024-02-21,Instant Food,North,244,1813,4.39,1
2024-02-21,Instant Food,South,273,1861,4.386666666666667,1
2024-02-21,Instant Food,West,225,1653,6.765833333333333,1
2024-02-21,Snacks,North,249,2430,5.402666666666667,1
2024-02-21,Snacks,South,271,2873,5.611764705882353,0
2024-02-21,Snacks,West,263,2225,5.976666666666668,1
2024-02-22,Beverages,North,39,563,4.23,0
2024-02-22,Beverages,South,39,308,5.066666666666666,1
2024-02-22,Beverages,West,34,478,5.17,0
2024-02-22,Dairy,North,903,7908,5.1814583333333335,1
2024-02-22,Dairy,South,806,6567,5.554,1
2024-02-22,Dairy,West,920,7152,4.785106382978723,1
2024-02-22,Instant Food,North,265,1497,6.658888888888889,1
2024-02-22,Instant Food,South,295,1734,4.063000000000001,1
2024-02-22,Instant Food,West,211,1636,4.8554545454545455,1
2024-02-22,Snacks,North,257,2407,4.938666666666666,1
2024-02-22,Snacks,South,300,2793,5.683333333333334,1
2024-02-22,Snacks,West,246,2309,5.109285714285714,1
2024-02-23,Beverages,North,31,424,5.21,0
2024-02-23,Beverages,South,9,135,6.27,0
2024-02-23,Beverages,West,34,313,5.365,1
2024-02-23,Dairy,North,854,6579,5.74,1
2024-02-23,Dairy,South,1035,7693,5.240816326530613,1
2024-02-23,Dairy,West,1012,6752,5.013555555555556,1
2024-02-23,Instant Food,North,282,1919,5.767499999999999,1
2024-02-23,Instant Food,South,274,1830,6.769166666666667,1
2024-02-23,Instant Food,West,281,1872,5.2907142857142855,1
2024-02-23,Snacks,North,235,2145,3.4784615384615383,1
2024-02-23,Snacks,South,227,2043,5.406000000000001,1
2024-02-23,Snacks,West,234,2183,5.265384615384615,1
2024-02-24,Beverages,North,28,426,3.526666666666667,0
2024-02-24,Beverages,South,34,353,5.636666666666667,1
2024-02-24,Beverages,West,30,492,4.953333333333333,0
2024-02-24,Dairy,North,897,7472,5.226458333333333,1
2024-02-24,Dairy,South,950,7925,5.521153846153847,1
2024-02-24,Dairy,West,679,6226,5.120909090909091,1
2024-02-24,Instant Food,North,378,2164,5.723846153846154,1
2024-02-24,Instant Food,South,357,2484,6.230769230769231,1
2024-02-24,Instant Food,West,243,1759,5.369090909090909,1
2024-02-24,Snacks,North,179,1888,5.96,0
2024-02-24,Snacks,South,223,2000,5.655384615384616,1
2024-02-24,Snacks,West,261,2656,4.925,1
2024-02-25,Beverages,North,43,437,6.066666666666667,1
2024-02-25,Beverages,South,12,180,8.14,0
2024-02-25,Beverages,West,28,446,4.233333333333333,0
2024-02-25,Dairy,North,931,7107,5.232222222222222,1
2024-02-25,Dairy,South,916,7440,5.17063829787234,1
2024-02-25,Dairy,West,757,6927,5.1386666666666665,1
2024-02-25,Instant Food,North,233,1723,6.4125000000000005,1
2024-02-25,Instant Food,South,263,1884,4.077692307692308,1
2024-02-25,Instant Food,West,248,2014,6.6984615384615385,0
2024-02-25,Snacks,North,244,2243,5.307142857142857,1
2024-02-25,Snacks,South,224,2780,6.255882352941176,1
2024-02-25,Snacks,West,228,2477,4.956,1
2024-02-26,Beverages,North,20,332,5.670000000000001,0
2024-02-26,Beverages,South,20,302,4.815,0
2024-02-26,Beverages,West,42,625,5.706666666666667,0
2024-02-26,Dairy,North,778,6806,5.319999999999999,1
2024-02-26,Dairy,South,885,7456,5.277391304347826,1
2024-02-26,Dairy,West,879,7092,5.074583333333334,1
2024-02-26,Instant Food,North,261,1795,5.823076923076924,1
2024-02-26,Instant Food,South,285,2066,4.67,1
2024-02-26,Instant Food,West,251,1689,4.494166666666667,1
2024-02-26,Snacks,North,175,1791,5.526428571428572,1
2024-02-26,Snacks,South,209,2213,5.40125,0
2024-02-26,Snacks,West,243,2627,4.744666666666666,1
2024-02-27,Beverages,North,39,574,4.746666666666667,0
2024-02-27,Beverages,South,8,103,5.81,0
2024-02-27,Beverages,West,37,407,5.9433333333333325,1
2024-02-27,Dairy,North,965,7409,4.858260869565217,1
2024-02-27,Dairy,South,890,8228,5.458571428571429,1
2024-02-27,Dairy,West,826,7191,5.039545454545455,1
2024-02-27,Instant Food,North,306,2119,5.575,1
2024-02-27,Instant Food,South,293,1961,5.104166666666667,1
2024-02-27,Instant Food,West,244,2000,4.035,0
2024-02-27,Snacks,North,221,2510,5.536666666666666,0
2024-02-27,Snacks,South,216,2389,4.950625,1
2024-02-27,Snacks,West,282,2477,5.465333333333334,1
2024-02-28,Beverages,North,25,426,4.636666666666667,0
2024-02-28,Beverages,South,28,361,4.673333333333333,0
2024-02-28,Beverages,West,30,456,5.396666666666666,0
2024-02-28,Dairy,North,908,7928,4.74530612244898,1
2024-02-28,Dairy,South,837,6944,5.010454545454546,1
2024-02-28,Dairy,West,823,6555,5.385217391304348,1
2024-02-28,Instant Food,North,284,1919,5.3075,1
2024-02-28,Instant Food,South,393,2408,5.5515384615384615,1
2024-02-28,Instant Food,West,346,2404,4.857857142857143,1
2024-02-28,Snacks,North,254,2533,5.448,1
2024-02-28,Snacks,South,221,1970,5.461538461538462,1
2024-02-28,Snacks,West,153,1690,5.651818181818182,0
2024-02-29,Beverages,North,31,370,4.99,1
2024-02-29,Beverages,South,27,502,2.8966666666666665,0
2024-02-29,Beverages,West,36,478,6.654999999999999,0
2024-02-29,Dairy,North,856,6672,5.3293333333333335,1
2024-02-29,Dairy,South,612,5616,4.772564102564102,1
2024-02-29,Dairy,West,794,6828,5.454565217391305,1
2024-02-29,Instant Food,North,228,1643,6.185454545454546,0
2024-02-29,Instant Food,South,282,1682,4.674166666666667,1
2024-02-29,Instant Food,West,250,1865,4.737,1
2024-02-29,Snacks,North,255,2511,5.25,1
2024-02-29,Snacks,South,285,2753,5.648,1
2024-02-29,Snacks,West,286,2847,5.278235294117647,1
2024-03-01,Beverages,North,59,556,6.840000000000001,1
2024-03-01,Beverages,South,50,580,5.336666666666666,0
2024-03-01,Beverages,West,20,246,5.92,0
2024-03-01,Dairy,North,1042,7886,4.983555555555555,1
2024-03-01,Dairy,South,900,7098,5.286086956521739,1
2024-03-01,Dairy,West,996,7285,5.581666666666667,1
2024-03-01,Instant Food,North,402,2332,4.156666666666667,1
2024-03-01,Instant Food,South,247,1968,4.790000000000001,1
2024-03-01,Instant Food,West,300,2147,5.781428571428571,1
2024-03-01,Snacks,North,210,2355,5.355,0
2024-03-01,Snacks,South,298,2323,4.653125,1
2024-03-01,Snacks,West,251,2686,6.305625,1
2024-03-02,Beverages,North,47,568,5.14,0
2024-03-02,Beverages,South,36,502,3.83,0
2024-03-02,Beverages,West,62,496,6.9433333333333325,1
2024-03-02,Dairy,North,853,6207,5.2695,1
2024-03-02,Dairy,South,909,6528,5.21047619047619,1
2024-03-02,Dairy,West,924,7152,5.096744186046512,1
2024-03-02,Instant Food,North,339,2295,5.194615384615385,1
2024-03-02,Instant Food,South,399,2475,5.602307692307692,1
2024-03-02,Instant Food,West,280,1781,5.989090909090908,1
2024-03-02,Snacks,North,207,2016,5.284285714285715,1
2024-03-02,Snacks,South,356,2666,4.496,1
2024-03-02,Snacks,West,234,2060,5.585384615384616,1
2024-03-03,Beverages,North,40,471,6.0200000000000005,0
2024-03-03,Beverages,South,50,618,7.140000000000001,0
2024-03-03,Beverages,West,36,366,7.273333333333333,1
2024-03-03,Dairy,North,942,7135,5.253913043478261,1
2024-03-03,Dairy,South,706,6182,5.038604651162791,1
2024-03-03,Dairy,West,1078,7778,5.556875000000001,1
2024-03-03,Instant Food,North,244,1991,5.3675,1
2024-03-03,Instant Food,South,301,2348,4.73,1
2024-03-03,Instant Food,West,389,2353,5.218666666666667,1
2024-03-03,Snacks,North,347,2729,4.784705882352942,1
2024-03-03,Snacks,South,268,2770,6.171764705882353,1
2024-03-03,Snacks,West,272,2623,5.247647058823529,1
2024-03-04,Beverages,North,38,375,5.57,1
2024-03-04,Beverages,South,29,335,3.73,0
2024-03-04,Beverages,West,38,409,3.893333333333333,0
2024-03-04,Dairy,North,1057,7779,5.558723404255319,1
2024-03-04,Dairy,South,947,6786,4.868444444444444,1
2024-03-04,Dairy,West,1032,8251,5.121666666666667,1
2024-03-04,Instant Food,North,308,2468,5.414285714285714,1
2024-03-04,Instant Food,South,220,1889,7.034999999999999,1
2024-03-04,Instant Food,West,234,1920,4.367857142857143,1
2024-03-04,Snacks,North,264,2371,5.26125,1
2024-03-04,Snacks,South,168,1797,5.99909090909091,0
2024-03-04,Snacks,West,275,2475,5.294705882352941,1
2024-03-05,Beverages,North,53,472,6.133333333333333,1
2024-03-05,Beverages,South,53,433,7.526666666666667,1
2024-03-05,Beverages,West,29,327,4.04,1
2024-03-05,Dairy,North,923,6809,5.852045454545455,1
2024-03-05,Dairy,South,1004,7942,5.320833333333334,1
2024-03-05,Dairy,West,904,6870,5.147777777777778,1
2024-03-05,Instant Food,North,258,2008,5.201666666666666,1
2024-03-05,Instant Food,South,285,2039,3.88,1
2024-03-05,Instant Food,West,229,1812,5.365833333333334,1
2024-03-05,Snacks,North,256,2752,4.928235294117648,0
2024-03-05,Snacks,South,150,1706,5.126428571428571,0
2024-03-05,Snacks,West,253,2515,5.733125,1
2024-03-06,Beverages,North,84,377,3.73,1
2024-03-06,Beverages,South,38,580,4.046666666666667,0
2024-03-06,Beverages,West,32,359,3.115,0
2024-03-06,Dairy,North,938,7311,5.411777777777778,1
2024-03-06,Dairy,South,967,7969,5.374199999999999,1
2024-03-06,Dairy,West,1011,7495,5.3118181818181816,1
2024-03-06,Instant Food,North,332,2243,5.724666666666667,1
2024-03-06,Instant Food,South,220,1553,5.44,0
2024-03-06,Instant Food,West,207,1542,5.590833333333333,1
2024-03-06,Snacks,North,231,2160,5.82,1
2024-03-06,Snacks,South,295,2857,5.860555555555555,1
2024-03-06,Snacks,West,188,1809,4.890833333333333,1
2024-03-07,Beverages,North,32,425,5.193333333333333,0
2024-03-07,Beverages,South,23,263,6.996666666666667,0
2024-03-07,Beverages,West,48,463,5.013333333333333,1
2024-03-07,Dairy,North,778,6037,5.426279069767443,1
2024-03-07,Dairy,South,1158,7194,4.971521739130435,1
2024-03-07,Dairy,West,995,7200,5.663191489361703,1
2024-03-07,Instant Food,North,329,2329,5.384,1
2024-03-07,Instant Food,South,357,2050,5.821666666666666,1
2024-03-07,Instant Food,West,282,2248,5.033846153846154,1
2024-03-07,Snacks,North,267,2333,5.968,1
2024-03-07,Snacks,South,262,2167,5.752857142857143,1
2024-03-07,Snacks,West,310,2594,5.97375,1
2024-03-08,Beverages,North,81,539,6.9433333333333325,1
2024-03-08,Beverages,South,37,450,6.536666666666666,0
2024-03-08,Beverages,West,9,95,7.605,0
2024-03-08,Dairy,North,852,6939,5.229772727272727,1
2024-03-08,Dairy,South,1058,7085,5.058095238095238,1
2024-03-08,Dairy,West,977,7418,5.393695652173913,1
2024-03-08,Instant Food,North,160,1463,4.043,0
2024-03-08,Instant Food,South,340,1975,5.491666666666667,1
2024-03-08,Instant Food,West,275,2071,5.939285714285715,1
2024-03-08,Snacks,North,237,2401,5.41,1
2024-03-08,Snacks,South,273,2601,4.714375,1
2024-03-08,Snacks,West,249,2206,5.462666666666666,1
2024-03-09,Beverages,North,17,248,3.175,0
2024-03-09,Beverages,South,38,494,4.34,0
2024-03-09,Beverages,West,68,658,2.786666666666666,0
2024-03-09,Dairy,North,928,7143,5.155333333333333,1
2024-03-09,Dairy,South,833,6784,4.91452380952381,1
2024-03-09,Dairy,West,985,7498,5.107021276595745,1
2024-03-09,Instant Food,North,309,2398,5.837142857142857,1
2024-03-09,Instant Food,South,304,2262,5.015714285714286,1
2024-03-09,Instant Food,West,329,2042,5.9592307692307696,1
2024-03-09,Snacks,North,248,2157,5.408571428571428,1
2024-03-09,Snacks,South,188,2053,4.61,0
2024-03-09,Snacks,West,261,2405,5.131428571428572,1
2024-03-10,Beverages,North,31,303,5.38,0
2024-03-10,Beverages,South,39,527,3.123333333333333,0
2024-03-10,Beverages,West,24,332,4.57,0
2024-03-10,Dairy,North,901,6587,5.140869565217392,1
2024-03-10,Dairy,South,996,7380,5.479555555555555,1
2024-03-10,Dairy,West,991,7435,5.435208333333333,1
2024-03-10,Instant Food,North,209,1460,6.356363636363636,1
2024-03-10,Instant Food,South,223,1593,4.310909090909092,1
2024-03-10,Instant Food,West,260,1933,4.814166666666666,1
2024-03-10,Snacks,North,265,2332,5.339333333333333,1
2024-03-10,Snacks,South,285,2577,5.0717647058823525,1
2024-03-10,Snacks,West,318,2687,5.096875,1
2024-03-11,Beverages,North,33,257,2.24,1
2024-03-11,Beverages,South,38,453,7.38,0
2024-03-11,Beverages,West,56,399,6.989999999999999,1
2024-03-11,Dairy,North,1179,8006,5.245769230769231,1
2024-03-11,Dairy,South,1023,7628,5.724285714285714,1
2024-03-11,Dairy,West,969,6956,5.260612244897959,1
2024-03-11,Instant Food,North,311,1966,6.002307692307692,1
2024-03-11,Instant Food,South,247,1827,4.925833333333333,1
2024-03-11,Instant Food,West,250,1737,5.323,1
2024-03-11,Snacks,North,331,2895,4.579411764705882,1
2024-03-11,Snacks,South,281,2746,6.083333333333333,1
2024-03-11,Snacks,West,307,3034,4.498333333333333,1
2024-03-12,Beverages,North,19,251,6.13,0
2024-03-12,Beverages,South,25,186,1.87,1
2024-03-12,Beverages,West,20,305,4.390000000000001,0
2024-03-12,Dairy,North,914,6527,4.624444444444444,1
2024-03-12,Dairy,South,1077,7330,4.903913043478261,1
2024-03-12,Dairy,West,1017,7831,5.6217021276595736,1
2024-03-12,Instant Food,North,318,1993,4.678333333333334,1
2024-03-12,Instant Food,South,290,1982,5.238571428571428,1
2024-03-12,Instant Food,West,214,1562,5.404,1
2024-03-12,Snacks,North,269,2731,4.322941176470588,1
2024-03-12,Snacks,South,226,2174,5.881764705882354,1
2024-03-12,Snacks,West,327,2807,4.715294117647058,1
2024-03-13,Beverages,North,61,606,4.753333333333334,1
2024-03-13,Beverages,South,20,169,5.045,0
2024-03-13,Beverages,West,30,348,3.25,0
2024-03-13,Dairy,North,1042,6799,5.185348837209302,1
2024-03-13,Dairy,South,1065,8220,5.407826086956521,1
2024-03-13,Dairy,West,1109,8723,4.872115384615385,1
2024-03-13,Instant Food,North,267,2027,4.558571428571429,1
2024-03-13,Instant Food,South,215,1926,5.269166666666667,0
2024-03-13,Instant Food,West,298,2383,4.613333333333333,1
2024-03-13,Snacks,North,260,2213,6.101875,1
2024-03-13,Snacks,South,293,2662,4.834375,1
2024-03-13,Snacks,West,255,2145,4.587857142857144,1
2024-03-14,Beverages,North,48,407,3.473333333333333,1
2024-03-14,Beverages,South,50,500,5.653333333333333,1
2024-03-14,Beverages,West,51,400,5.9,1
2024-03-14,Dairy,North,993,7531,5.44938775510204,1
2024-03-14,Dairy,South,971,6978,5.443181818181818,1
2024-03-14,Dairy,West,1004,7304,5.369555555555555,1
2024-03-14,Instant Food,North,263,1955,4.734615384615385,1
2024-03-14,Instant Food,South,281,1916,6.127692307692308,1
2024-03-14,Instant Food,West,206,1306,5.64875,1
2024-03-14,Snacks,North,322,2785,5.3775,1
2024-03-14,Snacks,South,317,2689,5.335,1
2024-03-14,Snacks,West,275,2407,5.3950000000000005,1
2024-03-15,Beverages,North,32,465,5.546666666666667,0
2024-03-15,Beverages,South,35,445,6.746666666666667,0
2024-03-15,Beverages,West,63,433,4.45,1
2024-03-15,Dairy,North,997,7908,5.616734693877552,1
2024-03-15,Dairy,South,876,6430,5.14860465116279,1
2024-03-15,Dairy,West,994,7060,5.069302325581395,1
2024-03-15,Instant Food,North,258,1967,4.8500000000000005,1
2024-03-15,Instant Food,South,309,1980,5.429090909090909,1
2024-03-15,Instant Food,West,280,1895,4.75,1
2024-03-15,Snacks,North,274,2343,6.22625,1
2024-03-15,Snacks,South,239,2302,4.601333333333333,1
2024-03-15,Snacks,West,231,1990,4.846923076923077,1
2024-03-16,Beverages,North,74,508,5.75,1
2024-03-16,Beverages,South,35,163,5.48,1
2024-03-16,Beverages,West,63,518,3.445,0
2024-03-16,Dairy,North,941,7625,4.964347826086956,1
2024-03-16,Dairy,South,879,5883,5.52325,1
2024-03-16,Dairy,West,1080,7156,4.774130434782609,1
2024-03-16,Instant Food,North,233,1648,5.993333333333333,1
2024-03-16,Instant Food,South,259,2061,6.362307692307693,1
2024-03-16,Instant Food,West,271,1969,4.431538461538461,1
2024-03-16,Snacks,North,202,1918,4.651666666666666,1
2024-03-16,Snacks,South,292,2643,5.051176470588236,1
2024-03-16,Snacks,West,381,3064,4.859375,1
2024-03-17,Beverages,North,35,414,3.533333333333333,0
2024-03-17,Beverages,South,25,326,5.99,1
2024-03-17,Beverages,West,34,550,5.743333333333333,0
2024-03-17,Dairy,North,1058,6935,4.666046511627908,1
2024-03-17,Dairy,South,781,6617,5.541555555555556,1
2024-03-17,Dairy,West,1094,7947,5.4,1
2024-03-17,Instant Food,North,298,2151,4.94,1
2024-03-17,Instant Food,South,226,1861,5.030769230769232,1
2024-03-17,Instant Food,West,266,2374,4.302142857142857,0
2024-03-17,Snacks,North,242,2148,6.181333333333333,1
2024-03-17,Snacks,South,245,2243,5.232,1
2024-03-17,Snacks,West,285,2972,5.664117647058824,1
2024-03-18,Beverages,North,59,555,5.506666666666667,0
2024-03-18,Beverages,South,41,410,5.043333333333333,0
2024-03-18,Beverages,West,46,413,6.02,1
2024-03-18,Dairy,North,1212,8678,5.46576923076923,1
2024-03-18,Dairy,South,986,6541,4.999333333333333,1
2024-03-18,Dairy,West,858,6760,5.115116279069767,1
2024-03-18,Instant Food,North,325,2297,5.996153846153846,1
2024-03-18,Instant Food,South,322,1847,5.661538461538461,1
2024-03-18,Instant Food,West,329,2318,5.359285714285714,1
2024-03-18,Snacks,North,263,2547,5.267142857142857,1
2024-03-18,Snacks,South,219,2288,3.5715384615384616,0
2024-03-18,Snacks,West,219,2220,4.28,1
2024-03-19,Beverages,North,28,321,6.285,0
2024-03-19,Beverages,South,34,329,3.846666666666666,0
2024-03-19,Beverages,West,27,287,4.0,0
2024-03-19,Dairy,North,964,6760,4.990444444444444,1
2024-03-19,Dairy,South,851,6181,5.154999999999999,1
2024-03-19,Dairy,West,924,6569,5.438541666666667,1
2024-03-19,Instant Food,North,247,2062,4.696428571428571,1
2024-03-19,Instant Food,South,316,1897,5.259230769230769,1
2024-03-19,Instant Food,West,268,2045,5.520769230769231,1
2024-03-19,Snacks,North,175,2012,5.202857142857143,1
2024-03-19,Snacks,South,276,2192,5.3373333333333335,1
2024-03-19,Snacks,West,308,2569,4.515,1
2024-03-20,Beverages,North,51,711,8.11,0
2024-03-20,Beverages,South,40,271,7.48,1
2024-03-20,Beverages,West,57,570,5.72,0
2024-03-20,Dairy,North,1118,7375,5.367906976744186,1
2024-03-20,Dairy,South,820,5773,5.135526315789474,1
2024-03-20,Dairy,West,722,5646,5.3578947368421055,1
2024-03-20,Instant Food,North,276,2290,5.26,0
2024-03-20,Instant Food,South,158,1301,5.691111111111111,1
2024-03-20,Instant Food,West,225,1463,5.176363636363636,1
2024-03-20,Snacks,North,247,2446,4.8,1
2024-03-20,Snacks,South,303,2712,5.675625,1
2024-03-20,Snacks,West,321,2825,5.161666666666666,1
2024-03-21,Beverages,North,26,348,5.265000000000001,0
2024-03-21,Beverages,South,36,535,6.773333333333333,0
2024-03-21,Beverages,West,94,533,5.38,1
2024-03-21,Dairy,North,898,6680,5.015,1
2024-03-21,Dairy,South,954,7350,5.922340425531916,1
2024-03-21,Dairy,West,881,6998,5.010851063829787,1
2024-03-21,Instant Food,North,255,1745,5.1675,1
2024-03-21,Instant Food,South,231,2155,4.949285714285715,0
2024-03-21,Instant Food,West,260,1853,5.2069230769230765,1
2024-03-21,Snacks,North,333,3070,5.886111111111111,1
2024-03-21,Snacks,South,322,2945,5.26235294117647,1
2024-03-21,Snacks,West,221,2513,4.8175,0
2024-03-22,Beverages,North,59,574,4.946666666666666,0
2024-03-22,Beverages,South,36,333,4.316666666666666,1
2024-03-22,Beverages,West,64,612,3.713333333333333,1
2024-03-22,Dairy,North,954,7081,5.284,1
2024-03-22,Dairy,South,968,6908,5.117317073170732,1
2024-03-22,Dairy,West,1217,8499,4.9902,1
2024-03-22,Instant Food,North,364,2423,5.625333333333333,1
2024-03-22,Instant Food,South,269,2068,5.481428571428572,1
2024-03-22,Instant Food,West,241,1877,5.096666666666667,1
2024-03-22,Snacks,North,340,2761,5.39,1
2024-03-22,Snacks,South,343,3023,4.603888888888889,1
2024-03-22,Snacks,West,263,2431,5.303125,1
2024-03-23,Beverages,North,46,493,6.166666666666667,0
2024-03-23,Beverages,South,71,459,4.525,1
2024-03-23,Beverages,West,30,272,5.6,1
2024-03-23,Dairy,North,978,7213,5.499555555555555,1
2024-03-23,Dairy,South,994,7668,5.72,1
2024-03-23,Dairy,West,964,7646,5.486808510638298,1
2024-03-23,Instant Food,North,329,2369,5.207142857142857,1
2024-03-23,Instant Food,South,303,2193,5.914166666666667,1
2024-03-23,Instant Food,West,320,2234,4.650714285714286,1
2024-03-23,Snacks,North,225,2112,4.814285714285715,1
2024-03-23,Snacks,South,242,2378,5.0633333333333335,1
2024-03-23,Snacks,West,251,2328,5.059375,1
2024-03-24,Beverages,North,29,323,2.975,1
2024-03-24,Beverages,South,60,489,4.989999999999999,1
2024-03-24,Beverages,West,28,295,7.065,1
2024-03-24,Dairy,North,985,7071,5.20195652173913,1
2024-03-24,Dairy,South,1035,7333,5.554,1
2024-03-24,Dairy,West,1108,7308,5.01608695652174,1
2024-03-24,Instant Food,North,251,1903,5.888333333333333,1
2024-03-24,Instant Food,South,408,2625,5.664,1
2024-03-24,Instant Food,West,280,2321,5.514285714285714,0
2024-03-24,Snacks,North,203,1844,5.59,1
2024-03-24,Snacks,South,221,2105,5.836666666666667,1
2024-03-24,Snacks,West,302,2494,5.369285714285715,1
2024-03-25,Beverages,North,18,239,5.98,0
2024-03-25,Beverages,South,96,715,3.86,1
2024-03-25,Beverages,West,28,454,5.743333333333333,0
2024-03-25,Dairy,North,1080,8229,5.2128,1
2024-03-25,Dairy,South,999,7128,5.300434782608695,1
2024-03-25,Dairy,West,1029,6688,5.641162790697674,1
2024-03-25,Instant Food,North,224,1766,4.780833333333333,0
2024-03-25,Instant Food,South,229,1848,4.573846153846154,0
2024-03-25,Instant Food,West,242,1863,5.248461538461539,1
2024-03-25,Snacks,North,277,2771,5.367647058823529,1
2024-03-25,Snacks,South,216,2242,4.386428571428572,1
2024-03-25,Snacks,West,291,2827,5.040625,1
2024-03-26,Beverages,North,25,336,4.49,0
2024-03-26,Beverages,South,35,439,5.95,0
2024-03-26,Beverages,West,22,235,4.8,0
2024-03-26,Dairy,North,1100,7032,4.857555555555556,1
2024-03-26,Dairy,South,962,7382,5.269782608695652,1
2024-03-26,Dairy,West,1042,7785,5.618695652173913,1
2024-03-26,Instant Food,North,356,1859,5.53076923076923,1
2024-03-26,Instant Food,South,280,2042,5.787692307692307,1
2024-03-26,Instant Food,West,237,2060,4.754615384615385,0
2024-03-26,Snacks,North,394,2999,5.884375,1
2024-03-26,Snacks,South,293,2647,5.347857142857143,1
2024-03-26,Snacks,West,282,2532,4.674117647058824,1
2024-03-27,Beverages,North,27,372,5.933333333333334,0
2024-03-27,Beverages,South,43,472,5.936666666666667,0
2024-03-27,Beverages,West,29,335,4.09,0
2024-03-27,Dairy,North,998,7119,5.120434782608696,1
2024-03-27,Dairy,South,982,7517,5.120434782608696,1
2024-03-27,Dairy,West,996,7429,5.601739130434782,1
2024-03-27,Instant Food,North,211,1842,4.866428571428571,1
2024-03-27,Instant Food,South,313,1970,5.278333333333333,1
2024-03-27,Instant Food,West,260,1936,6.0746153846153845,1
2024-03-27,Snacks,North,272,2264,5.117333333333334,1
2024-03-27,Snacks,South,308,2817,4.73125,1
2024-03-27,Snacks,West,359,2958,5.482352941176471,1
2024-03-28,Beverages,North,58,431,4.430000000000001,1
2024-03-28,Beverages,South,43,525,4.739999999999999,0
2024-03-28,Beverages,West,31,297,3.9033333333333338,0
2024-03-28,Dairy,North,891,6853,5.1410638297872335,1
2024-03-28,Dairy,South,1078,8225,5.111875,1
2024-03-28,Dairy,West,1140,7097,5.215208333333334,1
2024-03-28,Instant Food,North,213,1612,4.392727272727273,0
2024-03-28,Instant Food,South,262,1545,5.216,1
2024-03-28,Instant Food,West,368,2811,4.632000000000001,0
2024-03-28,Snacks,North,268,2793,5.837058823529412,1
2024-03-28,Snacks,South,279,2822,5.62235294117647,0
2024-03-28,Snacks,West,201,2123,5.347857142857143,0
2024-03-29,Beverages,North,60,660,6.1000000000000005,0
2024-03-29,Beverages,South,60,333,8.69,1
2024-03-29,Beverages,West,39,476,5.95,0
2024-03-29,Dairy,North,986,7260,6.198478260869565,1
2024-03-29,Dairy,South,1058,7619,5.723333333333334,1
2024-03-29,Dairy,West,958,7110,4.9887500000000005,1
2024-03-29,Instant Food,North,273,1676,5.091818181818182,1
2024-03-29,Instant Food,South,291,1875,4.0175,1
2024-03-29,Instant Food,West,280,1971,4.67,1
2024-03-29,Snacks,North,271,2761,4.92125,0
2024-03-29,Snacks,South,244,2400,4.958125,1
2024-03-29,Snacks,West,277,2501,4.47125,1
2024-03-30,Beverages,North,74,487,5.596666666666667,1
2024-03-30,Beverages,South,43,474,7.04,1
2024-03-30,Beverages,West,45,349,5.08,1
2024-03-30,Dairy,North,969,7149,4.933333333333334,1
2024-03-30,Dairy,South,872,7007,4.883255813953488,1
2024-03-30,Dairy,West,888,6747,5.389772727272727,1
2024-03-30,Instant Food,North,311,2318,5.455,1
2024-03-30,Instant Food,South,240,1849,5.233076923076923,1
2024-03-30,Instant Food,West,167,1518,4.404999999999999,0
2024-03-30,Snacks,North,269,2594,4.955,1
2024-03-30,Snacks,South,220,2397,3.774,1
2024-03-30,Snacks,West,254,2714,4.443529411764707,1
2024-03-31,Beverages,North,34,359,4.866666666666667,0
2024-03-31,Beverages,South,59,606,6.303333333333334,0
2024-03-31,Beverages,West,38,369,4.786666666666666,0
2024-03-31,Dairy,North,939,7072,5.346521739130435,1
2024-03-31,Dairy,South,1055,6995,5.522272727272727,1
2024-03-31,Dairy,West,864,6824,5.405454545454545,1
2024-03-31,Instant Food,North,274,2369,3.915,0
2024-03-31,Instant Food,South,328,2130,5.517142857142857,1
2024-03-31,Instant Food,West,232,1798,5.71,1
2024-03-31,Snacks,North,333,3016,5.623888888888889,1
2024-03-31,Snacks,South,284,2759,4.698,1
2024-03-31,Snacks,West,216,2200,4.757857142857143,1
2024-04-01,Beverages,North,56,507,4.1433333333333335,1
2024-04-01,Beverages,South,22,180,5.93,0
2024-04-01,Beverages,West,43,226,4.555,1
2024-04-01,Dairy,North,1126,7683,5.060652173913043,1
2024-04-01,Dairy,South,1120,7303,5.384222222222222,1
2024-04-01,Dairy,West,1090,7356,4.5128260869565215,1
2024-04-01,Instant Food,North,251,1946,4.728461538461539,1
2024-04-01,Instant Food,South,243,1980,5.748333333333334,1
2024-04-01,Instant Food,West,229,1944,5.494166666666668,1
2024-04-01,Snacks,North,322,2527,4.998125,1
2024-04-01,Snacks,South,320,2735,5.87625,1
2024-04-01,Snacks,West,303,2504,5.801333333333333,1
2024-04-02,Beverages,North,46,467,4.2700000000000005,0
2024-04-02,Beverages,South,50,501,6.886666666666667,1
2024-04-02,Beverages,West,49,468,6.006666666666667,0
2024-04-02,Dairy,North,1028,6791,5.035,1
2024-04-02,Dairy,South,942,7037,5.008260869565217,1
2024-04-02,Dairy,West,1143,6822,5.18139534883721,1
2024-04-02,Instant Food,North,351,2514,5.912000000000001,1
2024-04-02,Instant Food,South,280,2319,4.315714285714286,0
2024-04-02,Instant Food,West,241,1999,5.929166666666667,1
2024-04-02,Snacks,North,278,2579,4.60625,1
2024-04-02,Snacks,South,221,1907,4.849230769230769,1
2024-04-02,Snacks,West,267,2221,5.303333333333333,1
2024-04-03,Beverages,North,32,326,5.433333333333334,0
2024-04-03,Beverages,South,74,594,4.886666666666667,0
2024-04-03,Beverages,West,51,363,5.470000000000001,1
2024-04-03,Dairy,North,1099,7085,5.568372093023256,1
2024-04-03,Dairy,South,996,7028,5.4979545454545455,1
2024-04-03,Dairy,West,1085,7079,4.2250000000000005,1
2024-04-03,Instant Food,North,240,1799,4.912727272727273,1
2024-04-03,Instant Food,South,204,1802,6.305,1
2024-04-03,Instant Food,West,259,1823,6.404166666666666,1
2024-04-03,Snacks,North,265,2506,5.535,1
2024-04-03,Snacks,South,226,1961,5.127857142857143,1
2024-04-03,Snacks,West,279,2449,5.238125,1
2024-04-04,Beverages,North,57,588,5.213333333333334,0
2024-04-04,Beverages,South,31,323,6.88,0
2024-04-04,Beverages,West,35,335,3.9466666666666663,0
2024-04-04,Dairy,North,1118,7508,5.665869565217391,1
2024-04-04,Dairy,South,1120,7340,5.640625,1
2024-04-04,Dairy,West,1123,7387,5.281818181818182,1
2024-04-04,Instant Food,North,210,1650,4.987272727272727,1
2024-04-04,Instant Food,South,174,1491,5.732727272727273,1
2024-04-04,Instant Food,West,173,1320,5.489,1
2024-04-04,Snacks,North,360,2555,5.194705882352942,1
2024-04-04,Snacks,South,238,2132,5.652857142857143,1
2024-04-04,Snacks,West,256,2365,4.605882352941176,1
2024-04-05,Beverages,North,30,279,4.260000000000001,0
2024-04-05,Beverages,South,60,542,5.44,0
2024-04-05,Beverages,West,31,346,5.91,0
2024-04-05,Dairy,North,868,6758,4.747142857142857,1
2024-04-05,Dairy,South,926,6590,5.235238095238096,1
2024-04-05,Dairy,West,913,6607,5.104222222222222,1
2024-04-05,Instant Food,North,248,1637,5.015454545454546,1
2024-04-05,Instant Food,South,182,1565,6.2425,1
2024-04-05,Instant Food,West,333,2388,5.272,1
2024-04-05,Snacks,North,333,2337,6.21625,1
2024-04-05,Snacks,South,255,2151,5.297857142857143,1
2024-04-05,Snacks,West,288,2556,4.282666666666667,0
2024-04-06,Beverages,North,54,441,7.27,1
2024-04-06,Beverages,West,50,490,3.42,0
2024-04-06,Dairy,North,1082,7262,4.9812765957446805,1
2024-04-06,Dairy,South,1041,7928,4.824791666666667,1
2024-04-06,Dairy,West,1191,7791,4.6565306122448975,1
2024-04-06,Instant Food,North,264,1925,5.133846153846154,1
2024-04-06,Instant Food,South,272,2248,5.714,1
2024-04-06,Instant Food,West,228,1819,4.748,1
2024-04-06,Snacks,North,266,2640,4.524705882352941,0
2024-04-06,Snacks,South,263,2231,4.62375,1
2024-04-06,Snacks,West,330,2649,4.913125,1
2024-04-07,Beverages,North,54,429,1.8066666666666664,1
2024-04-07,Beverages,South,46,450,7.805,0
2024-04-07,Beverages,West,26,329,5.32,0
2024-04-07,Dairy,North,1001,7373,4.872340425531915,1
2024-04-07,Dairy,South,1102,7601,5.477755102040817,1
2024-04-07,Dairy,West,1171,7670,5.303,1
2024-04-07,Instant Food,North,265,2171,5.448666666666667,0
2024-04-07,Instant Food,South,275,2005,5.483846153846154,1
2024-04-07,Instant Food,West,218,1876,5.026666666666666,1
2024-04-07,Snacks,North,284,2445,4.678,1
2024-04-07,Snacks,South,353,2725,5.679444444444445,1
2024-04-07,Snacks,West,273,1929,5.23,1
2024-04-08,Beverages,North,45,373,5.82,0
2024-04-08,Beverages,South,57,485,3.43,1
2024-04-08,Beverages,West,23,312,2.22,0
2024-04-08,Dairy,North,1063,6858,4.9138636363636365,1
2024-04-08,Dairy,South,921,6228,5.262105263157895,1
2024-04-08,Dairy,West,944,7014,4.936222222222222,1
2024-04-08,Instant Food,North,266,2033,4.659166666666667,1
2024-04-08,Instant Food,South,246,1901,6.228333333333333,1
2024-04-08,Instant Food,West,165,1648,4.690833333333333,0
2024-04-08,Snacks,North,302,2660,5.566470588235294,1
2024-04-08,Snacks,South,281,2493,5.758666666666667,1
2024-04-08,Snacks,West,317,2667,5.303529411764706,1
2024-04-09,Beverages,North,75,457,3.97,1
2024-04-09,Beverages,South,43,391,4.073333333333333,1
2024-04-09,Beverages,West,30,250,6.78,1
2024-04-09,Dairy,North,965,7310,4.496304347826087,1
2024-04-09,Dairy,South,1164,7233,5.257391304347826,1
2024-04-09,Dairy,West,999,7372,5.483488372093023,1
2024-04-09,Instant Food,North,225,1663,5.65,1
2024-04-09,Instant Food,South,235,1847,4.920833333333333,1
2024-04-09,Instant Food,West,202,1639,5.871666666666666,1
2024-04-09,Snacks,North,274,2613,4.94625,1
2024-04-09,Snacks,South,241,2443,6.15,0
2024-04-09,Snacks,West,255,2330,4.5725,1
2024-04-10,Beverages,North,38,435,7.32,0
2024-04-10,Beverages,South,50,480,4.623333333333334,0
2024-04-10,Beverages,West,39,304,4.205,1
2024-04-10,Dairy,North,985,7197,5.32936170212766,1
2024-04-10,Dairy,South,1055,6438,4.66,1
2024-04-10,Dairy,West,908,6233,5.579047619047619,1
2024-04-10,Instant Food,North,229,1909,5.525833333333334,1
2024-04-10,Instant Food,South,244,1846,4.292,1
2024-04-10,Instant Food,West,285,2003,6.180000000000001,1
2024-04-10,Snacks,North,205,1951,6.062142857142858,1
2024-04-10,Snacks,South,317,2756,5.38625,1
2024-04-10,Snacks,West,262,2483,5.618125,1
2024-04-11,Beverages,North,36,509,5.233333333333333,0
2024-04-11,Beverages,South,51,515,5.073333333333333,0
2024-04-11,Beverages,West,55,507,3.533333333333333,1
2024-04-11,Dairy,North,996,7192,5.799777777777778,1
2024-04-11,Dairy,South,1212,7753,5.024166666666667,1
2024-04-11,Dairy,West,961,6496,5.55,1
2024-04-11,Instant Food,North,186,1484,5.498181818181818,1
2024-04-11,Instant Food,South,302,2136,5.1033333333333335,1
2024-04-11,Instant Food,West,235,1662,4.636363636363637,1
2024-04-11,Snacks,North,350,2984,5.3217647058823525,1
2024-04-11,Snacks,South,336,2804,5.378235294117648,1
2024-04-11,Snacks,West,326,2884,5.086470588235294,1
2024-04-12,Beverages,North,29,269,5.79,0
2024-04-12,Beverages,South,58,365,6.533333333333334,1
2024-04-12,Beverages,West,49,501,4.1000000000000005,0
2024-04-12,Dairy,North,951,6818,4.949761904761904,1
2024-04-12,Dairy,South,1059,7407,5.675348837209302,1
2024-04-12,Dairy,West,981,6920,5.269555555555556,1
2024-04-12,Instant Food,North,278,2184,5.068461538461539,1
2024-04-12,Instant Food,South,272,2062,5.895384615384615,1
2024-04-12,Instant Food,West,198,1559,5.851,0
2024-04-12,Snacks,North,339,2787,5.222777777777778,1
2024-04-12,Snacks,South,271,2116,4.4825,1
2024-04-12,Snacks,West,223,2160,4.808666666666666,0
2024-04-13,Beverages,North,45,379,5.109999999999999,0
2024-04-13,Beverages,South,34,400,5.4,0
2024-04-13,Beverages,West,32,378,3.335,0
2024-04-13,Dairy,North,1218,8057,5.2208163265306125,1
2024-04-13,Dairy,South,982,6992,5.244545454545454,1
2024-04-13,Dairy,West,897,6393,5.175681818181818,1
2024-04-13,Instant Food,North,256,2063,4.140769230769231,1
2024-04-13,Instant Food,South,215,1477,5.961666666666666,1
2024-04-13,Instant Food,West,229,1875,4.946923076923077,1
2024-04-13,Snacks,North,209,2149,6.064285714285715,0
2024-04-13,Snacks,South,318,2416,4.424375,1
2024-04-13,Snacks,West,237,2309,4.18,1
2024-04-14,Beverages,North,62,494,4.16,0
2024-04-14,Beverages,South,34,361,6.593333333333333,0
2024-04-14,Beverages,West,20,164,6.785,0
2024-04-14,Dairy,North,1021,7478,5.54375,1
2024-04-14,Dairy,South,875,6272,4.821590909090909,1
2024-04-14,Dairy,West,920,6992,5.267674418604651,1
2024-04-14,Instant Food,North,297,2329,5.702307692307692,1
2024-04-14,Instant Food,South,194,1706,5.327272727272727,1
2024-04-14,Instant Food,West,304,2183,5.730714285714286,1
2024-04-14,Snacks,North,263,2391,5.734999999999999,1
2024-04-14,Snacks,South,260,2273,5.083333333333333,1
2024-04-14,Snacks,West,287,2271,4.352,1
2024-04-15,Beverages,South,40,342,7.08,0
2024-04-15,Beverages,West,67,460,4.11,1
2024-04-15,Dairy,North,1102,7785,5.764680851063829,1
2024-04-15,Dairy,South,1130,7428,5.097872340425532,1
2024-04-15,Dairy,West,912,6886,5.277111111111111,1
2024-04-15,Instant Food,North,267,2280,4.968461538461539,1
2024-04-15,Instant Food,South,288,2446,6.792857142857144,1
2024-04-15,Instant Food,West,270,2124,6.076153846153845,1
2024-04-15,Snacks,North,206,1892,5.995,1
2024-04-15,Snacks,South,251,2306,5.995384615384615,1
2024-04-15,Snacks,West,302,2648,5.465555555555556,1
2024-04-16,Beverages,North,73,645,4.14,0
2024-04-16,Beverages,South,40,344,5.783333333333334,0
2024-04-16,Beverages,West,36,183,6.985,1
2024-04-16,Dairy,North,895,6529,4.9745,1
2024-04-16,Dairy,South,1042,7046,6.082391304347826,1
2024-04-16,Dairy,West,963,7304,4.816170212765957,1
2024-04-16,Instant Food,North,272,2225,5.3100000000000005,1
2024-04-16,Instant Food,South,258,2144,5.772307692307693,1
2024-04-16,Instant Food,West,370,2578,5.511333333333334,1
2024-04-16,Snacks,North,282,2119,4.344615384615385,1
2024-04-16,Snacks,South,249,2243,5.829375,1
2024-04-16,Snacks,West,279,2365,6.592666666666667,1
2024-04-17,Beverages,North,58,507,5.996666666666667,0
2024-04-17,Beverages,South,34,333,8.385,0
2024-04-17,Beverages,West,55,450,6.123333333333334,1
2024-04-17,Dairy,North,1106,7547,5.593333333333334,1
2024-04-17,Dairy,South,1062,6577,4.595777777777778,1
2024-04-17,Dairy,West,874,6693,5.212790697674419,1
2024-04-17,Instant Food,North,373,2615,5.098666666666667,1
2024-04-17,Instant Food,South,230,2033,5.796,1
2024-04-17,Instant Food,West,314,2269,5.052142857142857,1
2024-04-17,Snacks,North,194,2127,5.757142857142857,0
2024-04-17,Snacks,South,264,2460,5.77125,1
2024-04-17,Snacks,West,288,2258,5.900625,1
2024-04-18,Beverages,North,64,597,5.013333333333333,0
2024-04-18,Beverages,South,38,245,5.335,1
2024-04-18,Beverages,West,32,247,5.775,1
2024-04-18,Dairy,North,962,7098,5.328085106382979,1
2024-04-18,Dairy,South,967,6800,5.295,1
2024-04-18,Dairy,West,874,6846,5.383720930232558,1
2024-04-18,Instant Food,North,316,2242,5.086666666666667,1
2024-04-18,Instant Food,South,243,1852,4.296666666666667,1
2024-04-18,Instant Food,West,275,2203,5.486666666666666,1
2024-04-18,Snacks,North,312,2604,5.8525,1
2024-04-18,Snacks,South,265,2245,4.8075,1
2024-04-18,Snacks,West,364,2650,5.006875,1
2024-04-19,Beverages,North,44,524,6.196666666666666,0
2024-04-19,Beverages,South,23,247,6.76,0
2024-04-19,Beverages,West,67,656,5.69,0
2024-04-19,Dairy,North,1165,7799,4.982340425531914,1
2024-04-19,Dairy,South,1062,7797,5.4818,1
2024-04-19,Dairy,West,1028,6643,5.546888888888889,1
2024-04-19,Instant Food,North,246,1701,5.0375000000000005,1
2024-04-19,Instant Food,South,237,2033,6.116923076923077,0
2024-04-19,Instant Food,West,336,2488,5.311428571428571,1
2024-04-19,Snacks,North,269,2527,4.8613333333333335,1
2024-04-19,Snacks,South,239,2284,5.326,1
2024-04-19,Snacks,West,198,1899,5.134375,1
2024-04-20,Beverages,North,52,505,5.786666666666666,0
2024-04-20,Beverages,South,45,404,6.725,0
2024-04-20,Beverages,West,49,293,4.9,1
2024-04-20,Dairy,North,985,7852,4.859183673469388,1
2024-04-20,Dairy,South,1096,7312,5.5360000000000005,1
2024-04-20,Dairy,West,961,7101,5.607555555555556,1
2024-04-20,Instant Food,North,250,1861,5.2125,1
2024-04-20,Instant Food,South,217,1700,4.572,1
2024-04-20,Instant Food,West,237,2017,4.825,1
2024-04-20,Snacks,North,290,2384,4.95875,1
2024-04-20,Snacks,South,202,1772,5.002142857142857,1
2024-04-20,Snacks,West,359,2829,5.255,1
2024-04-21,Beverages,North,47,477,4.933333333333333,0
2024-04-21,Beverages,South,14,196,3.99,0
2024-04-21,Beverages,West,66,493,3.615,1
2024-04-21,Dairy,North,915,6299,4.913658536585366,1
2024-04-21,Dairy,South,1165,7368,5.2352083333333335,1
2024-04-21,Dairy,West,1164,8500,5.013333333333334,1
2024-04-21,Instant Food,North,211,1779,5.755384615384615,1
2024-04-21,Instant Food,South,213,1850,5.025384615384615,1
2024-04-21,Instant Food,West,176,1474,6.35,1
2024-04-21,Snacks,North,256,2541,5.059375,1
2024-04-21,Snacks,South,320,2718,6.46,1
2024-04-21,Snacks,West,217,2497,5.188666666666666,1
2024-04-22,Beverages,North,23,267,5.605,0
2024-04-22,Beverages,South,41,379,5.773333333333333,1
2024-04-22,Beverages,West,23,282,4.973333333333334,0
2024-04-22,Dairy,North,984,6407,5.9575,1
2024-04-22,Dairy,South,901,6483,5.539285714285715,1
2024-04-22,Dairy,West,1025,7339,4.788888888888889,1
2024-04-22,Instant Food,North,230,1959,5.772307692307693,1
2024-04-22,Instant Food,South,193,1549,4.756666666666667,1
2024-04-22,Instant Food,West,243,2088,5.2846153846153845,1
2024-04-22,Snacks,North,309,3104,5.584117647058824,1
2024-04-22,Snacks,South,201,1867,5.437692307692307,1
2024-04-22,Snacks,West,270,2335,5.570625,1
2024-04-23,Beverages,North,49,350,3.915,1
2024-04-23,Beverages,South,32,324,6.045,0
2024-04-23,Beverages,West,28,292,4.295,0
2024-04-23,Dairy,North,1208,7371,4.868863636363636,1
2024-04-23,Dairy,South,1099,7526,4.993913043478261,1
2024-04-23,Dairy,West,1102,7376,5.5269047619047615,1
2024-04-23,Instant Food,North,240,2123,4.567142857142858,1
2024-04-23,Instant Food,South,243,1854,5.185,1
2024-04-23,Instant Food,West,256,2249,4.9366666666666665,1
2024-04-23,Snacks,North,272,2499,5.1937500000000005,0
2024-04-23,Snacks,South,231,2052,4.374285714285714,1
2024-04-23,Snacks,West,309,2375,5.859285714285714,1
2024-04-24,Beverages,North,53,530,5.39,0
2024-04-24,Beverages,South,32,244,5.18,1
2024-04-24,Beverages,West,30,270,5.705,0
2024-04-24,Dairy,North,1212,7777,5.121041666666667,1
2024-04-24,Dairy,South,1077,7705,5.170416666666667,1
2024-04-24,Dairy,West,975,7053,5.533181818181818,1
2024-04-24,Instant Food,North,234,1785,5.687692307692307,1
2024-04-24,Instant Food,South,242,1812,5.3100000000000005,1
2024-04-24,Instant Food,West,272,2157,4.909999999999999,1
2024-04-24,Snacks,North,309,2549,4.971333333333334,1
2024-04-24,Snacks,South,283,2489,5.634666666666666,1
2024-04-24,Snacks,West,253,2636,5.886875,1
2024-04-25,Beverages,North,41,320,2.4,1
2024-04-25,Beverages,South,45,535,4.576666666666667,0
2024-04-25,Beverages,West,65,725,4.156666666666666,0
2024-04-25,Dairy,North,1048,7207,5.135,1
2024-04-25,Dairy,South,1058,7269,6.294375,1
2024-04-25,Dairy,West,1089,7275,5.405652173913043,1
2024-04-25,Instant Food,North,168,1537,6.409000000000001,1
2024-04-25,Instant Food,South,247,2086,4.263076923076923,1
2024-04-25,Instant Food,West,244,1841,5.415,1
2024-04-25,Snacks,North,240,2066,4.41,1
2024-04-25,Snacks,South,240,2267,5.123125,1
2024-04-25,Snacks,West,227,2213,5.644666666666667,1
2024-04-26,Beverages,North,41,392,6.0,1
2024-04-26,Beverages,South,43,168,1.72,1
2024-04-26,Beverages,West,78,558,5.666666666666667,1
2024-04-26,Dairy,North,1325,8122,5.057021276595745,1
2024-04-26,Dairy,South,1002,6527,4.835581395348838,1
2024-04-26,Dairy,West,901,6670,5.296976744186047,1
2024-04-26,Instant Food,North,237,2041,4.7846153846153845,0
2024-04-26,Instant Food,South,292,2126,4.372307692307692,1
2024-04-26,Instant Food,West,262,1872,4.8963636363636365,1
2024-04-26,Snacks,North,357,2989,4.424375,1
2024-04-26,Snacks,South,194,2276,5.175,1
2024-04-26,Snacks,West,359,2703,4.14,1
2024-04-27,Beverages,North,36,394,5.906666666666666,0
2024-04-27,Beverages,South,25,306,2.5933333333333333,0
2024-04-27,Beverages,West,20,183,8.24,0
2024-04-27,Dairy,North,1031,7044,5.227777777777778,1
2024-04-27,Dairy,South,1008,7229,5.075652173913043,1
2024-04-27,Dairy,West,1056,7755,5.0520000000000005,1
2024-04-27,Instant Food,North,254,2372,5.843076923076923,0
2024-04-27,Instant Food,South,277,2219,5.562666666666667,1
2024-04-27,Instant Food,West,212,2187,4.836923076923076,0
2024-04-27,Snacks,North,261,2481,6.308125,0
2024-04-27,Snacks,South,254,2500,5.254705882352941,1
2024-04-27,Snacks,West,309,2566,4.755625,1
2024-04-28,Beverages,North,53,484,5.8,0
2024-04-28,Beverages,South,42,414,4.02,0
2024-04-28,Beverages,West,31,308,4.95,0
2024-04-28,Dairy,North,1108,8088,5.409607843137255,1
2024-04-28,Dairy,South,1117,7994,4.902352941176471,1
2024-04-28,Dairy,West,813,6291,5.2444444444444445,1
2024-04-28,Instant Food,North,271,1889,4.695833333333334,1
2024-04-28,Instant Food,South,191,1526,5.166,1
2024-04-28,Instant Food,West,225,1766,4.721666666666667,1
2024-04-28,Snacks,North,295,2395,4.578666666666666,1
2024-04-28,Snacks,South,245,2230,5.872142857142857,1
2024-04-28,Snacks,West,212,1925,5.960714285714286,1
2024-04-29,Beverages,North,61,521,3.7,0
2024-04-29,Beverages,South,36,453,7.203333333333333,0
2024-04-29,Beverages,West,39,324,3.83,1
2024-04-29,Dairy,North,961,6857,5.107333333333334,1
2024-04-29,Dairy,South,1126,8212,5.663673469387755,1
2024-04-29,Dairy,West,1123,8010,5.367708333333333,1
2024-04-29,Instant Food,North,223,1621,5.610833333333333,1
2024-04-29,Instant Food,South,213,1799,4.433076923076923,1
2024-04-29,Instant Food,West,279,2127,4.8133333333333335,1
2024-04-29,Snacks,North,292,2439,5.842,1
2024-04-29,Snacks,South,330,2657,5.2435294117647056,1
2024-04-29,Snacks,West,242,2004,6.630000000000001,1
2024-04-30,Beverages,North,38,449,4.28,0
2024-04-30,Beverages,South,57,367,7.215,1
2024-04-30,Beverages,West,36,221,6.475,1
2024-04-30,Dairy,North,997,6937,5.53225,1
2024-04-30,Dairy,South,957,6489,5.121136363636364,1
2024-04-30,Dairy,West,1429,8587,5.614901960784314,1
2024-04-30,Instant Food,North,295,2156,4.961538461538462,1
2024-04-30,Instant Food,South,282,2021,5.490769230769231,1
2024-04-30,Instant Food,West,257,2145,4.2092857142857145,1
2024-04-30,Snacks,North,316,2708,6.084117647058823,1
2024-04-30,Snacks,South,243,2401,4.397857142857143,0
2024-04-30,Snacks,West,223,2062,5.758181818181819,1
2024-05-01,Beverages,North,79,594,3.93,0
2024-05-01,Beverages,South,56,505,4.8566666666666665,0
2024-05-01,Beverages,West,50,350,7.48,1
2024-05-01,Dairy,North,985,7461,5.1495,1
2024-05-01,Dairy,South,1108,7557,4.9522,1
2024-05-01,Dairy,West,929,6248,4.443170731707316,1
2024-05-01,Instant Food,North,237,2378,5.340714285714285,1
2024-05-01,Instant Food,South,265,2436,5.124615384615385,0
2024-05-01,Instant Food,West,204,1706,5.133076923076923,1
2024-05-01,Snacks,North,329,2587,4.249411764705882,1
2024-05-01,Snacks,South,293,2223,5.786428571428572,1
2024-05-01,Snacks,West,326,2271,6.1175,1
2024-05-02,Beverages,North,65,508,6.830000000000001,1
2024-05-02,Beverages,South,44,340,7.835000000000001,1
2024-05-02,Beverages,West,49,387,6.47,0
2024-05-02,Dairy,North,1050,7435,5.5597916666666665,1
2024-05-02,Dairy,South,943,6419,4.846363636363637,1
2024-05-02,Dairy,West,962,6964,5.477954545454545,1
2024-05-02,Instant Food,North,262,2459,4.236923076923077,1
2024-05-02,Instant Food,South,206,1893,4.916923076923077,1
2024-05-02,Instant Food,West,153,1681,4.65,0
2024-05-02,Snacks,North,278,2315,4.928461538461538,1
2024-05-02,Snacks,South,297,2439,5.2700000000000005,1
2024-05-02,Snacks,West,365,2821,4.513125,1
2024-05-03,Beverages,North,74,471,4.98,1
2024-05-03,Beverages,South,64,412,4.793333333333334,1
2024-05-03,Beverages,West,43,503,7.786666666666666,0
2024-05-03,Dairy,North,1122,7454,5.274130434782609,1
2024-05-03,Dairy,South,1099,7741,5.158085106382979,1
2024-05-03,Dairy,West,1165,7796,5.300625,1
2024-05-03,Instant Food,North,217,1792,5.423333333333333,1
2024-05-03,Instant Food,South,273,2070,4.346666666666667,1
2024-05-03,Instant Food,West,241,2045,4.843846153846154,1
2024-05-03,Snacks,North,451,2867,4.75875,1
2024-05-03,Snacks,South,346,2998,5.134375,1
2024-05-03,Snacks,West,348,2707,5.274117647058823,1
2024-05-04,Beverages,North,50,493,7.656666666666666,0
2024-05-04,Beverages,South,40,278,5.24,1
2024-05-04,Beverages,West,33,349,4.1,0
2024-05-04,Dairy,North,1074,7470,5.033181818181818,1
2024-05-04,Dairy,South,1184,7750,4.956595744680851,1
2024-05-04,Dairy,West,1019,7375,4.732978723404255,1
2024-05-04,Instant Food,North,142,1191,4.69,1
2024-05-04,Instant Food,South,240,2307,5.257333333333333,1
2024-05-04,Instant Food,West,313,2144,5.615384615384615,1
2024-05-04,Snacks,North,250,2313,4.945714285714286,1
2024-05-04,Snacks,South,196,2088,5.765,0
2024-05-04,Snacks,West,265,2040,5.59,1
2024-05-05,Beverages,North,49,526,4.72,0
2024-05-05,Beverages,South,49,540,6.176666666666667,0
2024-05-05,Beverages,West,12,130,4.15,0
2024-05-05,Dairy,North,1100,6628,5.065227272727273,1
2024-05-05,Dairy,South,1002,6370,4.985952380952381,1
2024-05-05,Dairy,West,1052,7029,5.795555555555556,1
2024-05-05,Instant Food,North,227,1863,6.040909090909091,1
2024-05-05,Instant Food,South,174,1483,5.740909090909091,1
2024-05-05,Instant Food,West,250,2251,5.771428571428571,1
2024-05-05,Snacks,North,278,2212,5.218,1
2024-05-05,Snacks,South,277,2524,4.72625,1
2024-05-05,Snacks,West,354,2716,4.713529411764705,1
2024-05-06,Beverages,North,56,321,3.14,1
2024-05-06,Beverages,South,45,390,4.956666666666667,0
2024-05-06,Beverages,West,29,342,3.9033333333333338,0
2024-05-06,Dairy,North,1025,7412,5.461875,1
2024-05-06,Dairy,South,1196,8071,5.81375,1
2024-05-06,Dairy,West,1070,7804,5.421799999999999,1
2024-05-06,Instant Food,North,208,1822,4.672307692307692,1
2024-05-06,Instant Food,South,175,1949,4.655,1
2024-05-06,Instant Food,West,248,1950,4.6692857142857145,1
2024-05-06,Snacks,North,262,2255,4.925384615384616,1
2024-05-06,Snacks,South,336,2314,5.506666666666666,1
2024-05-06,Snacks,West,363,2543,4.819999999999999,1
2024-05-07,Beverages,North,38,418,4.743333333333333,0
2024-05-07,Beverages,South,32,320,5.515000000000001,0
2024-05-07,Beverages,West,69,540,4.6866666666666665,0
2024-05-07,Dairy,North,909,6621,5.264,1
2024-05-07,Dairy,South,1157,7742,4.546956521739131,1
2024-05-07,Dairy,West,1134,7588,4.964489795918367,1
2024-05-07,Instant Food,North,312,2458,6.093571428571429,1
2024-05-07,Instant Food,South,201,1684,4.296153846153846,1
2024-05-07,Instant Food,West,243,2024,5.48,1
2024-05-07,Snacks,North,288,2730,5.485882352941177,1
2024-05-07,Snacks,South,250,2350,4.9675,1
2024-05-07,Snacks,West,338,2536,5.4075,1
2024-05-08,Beverages,North,73,487,5.3933333333333335,1
2024-05-08,Beverages,South,79,561,4.526666666666666,1
2024-05-08,Beverages,West,43,381,5.65,0
2024-05-08,Dairy,North,1050,7282,5.329791666666667,1
2024-05-08,Dairy,South,1104,7251,5.542826086956522,1
2024-05-08,Dairy,West,993,7349,5.837142857142857,1
2024-05-08,Instant Food,North,206,1796,5.850909090909091,1
2024-05-08,Instant Food,South,216,1842,4.687272727272728,1
2024-05-08,Instant Food,West,202,2067,5.563846153846153,0
2024-05-08,Snacks,North,263,2291,5.460666666666667,1
2024-05-08,Snacks,South,204,2029,5.720666666666667,0
2024-05-08,Snacks,West,318,2710,6.195294117647059,1
2024-05-09,Beverages,North,19,133,6.63,0
2024-05-09,Beverages,South,62,515,3.273333333333333,1
2024-05-09,Beverages,West,79,402,5.055,1
2024-05-09,Dairy,North,1028,7211,5.14531914893617,1
2024-05-09,Dairy,South,1082,7558,5.291304347826087,1
2024-05-09,Dairy,West,980,6600,5.314047619047619,1
2024-05-09,Instant Food,North,294,2241,5.62,1
2024-05-09,Instant Food,South,198,1921,5.468333333333334,0
2024-05-09,Instant Food,West,284,2454,5.642857142857143,1
2024-05-09,Snacks,North,358,2929,5.725625,1
2024-05-09,Snacks,South,310,2801,5.140588235294118,1
2024-05-09,Snacks,West,199,2039,5.333333333333333,0
2024-05-10,Beverages,North,98,608,5.333333333333333,1
2024-05-10,Beverages,South,55,404,4.775,1
2024-05-10,Beverages,West,58,424,4.516666666666667,1
2024-05-10,Dairy,North,1109,7264,5.685217391304348,1
2024-05-10,Dairy,South,1007,7020,5.192444444444444,1
2024-05-10,Dairy,West,1102,7959,4.967045454545455,1
2024-05-10,Instant Food,North,208,1864,6.836923076923076,1
2024-05-10,Instant Food,South,200,1747,5.034545454545454,1
2024-05-10,Instant Food,West,233,1960,5.425833333333333,1
2024-05-10,Snacks,North,272,2224,5.262666666666666,1
2024-05-10,Snacks,South,332,2252,4.853846153846154,1
2024-05-10,Snacks,West,342,2809,5.367333333333334,1
2024-05-11,Beverages,North,60,463,2.08,1
2024-05-11,Beverages,South,47,540,6.796666666666667,0
2024-05-11,Beverages,West,69,576,4.13,0
2024-05-11,Dairy,North,1152,7428,5.307708333333333,1
2024-05-11,Dairy,South,1153,7845,4.51795918367347,1
2024-05-11,Dairy,West,857,6302,4.715348837209302,1
2024-05-11,Instant Food,North,300,2612,5.833333333333333,1
2024-05-11,Instant Food,South,202,1753,4.6658333333333335,1
2024-05-11,Instant Food,West,265,2276,4.657857142857142,1
2024-05-11,Snacks,North,295,2478,5.539333333333333,1
2024-05-11,Snacks,South,357,2528,4.7856250000000005,1
2024-05-11,Snacks,West,249,1849,5.058461538461539,1
2024-05-12,Beverages,North,65,481,5.766666666666666,1
2024-05-12,Beverages,South,56,356,2.6,1
2024-05-12,Beverages,West,40,282,6.38,1
2024-05-12,Dairy,North,1036,6874,5.767727272727273,1
2024-05-12,Dairy,South,993,7306,5.192222222222222,1
2024-05-12,Dairy,West,995,7403,5.457111111111111,1
2024-05-12,Instant Food,North,243,2320,6.208461538461538,1
2024-05-12,Instant Food,South,169,1533,5.958,1
2024-05-12,Instant Food,West,176,1901,5.823333333333333,0
2024-05-12,Snacks,North,301,2274,5.577333333333333,1
2024-05-12,Snacks,South,290,2534,5.691111111111111,1
2024-05-12,Snacks,West,324,2378,4.1838461538461535,1
2024-05-13,Beverages,North,62,364,7.685,1
2024-05-13,Beverages,South,91,611,6.933333333333334,1
2024-05-13,Beverages,West,31,295,8.11,0
2024-05-13,Dairy,North,1134,7365,4.383695652173913,1
2024-05-13,Dairy,South,1259,8258,5.126923076923077,1
2024-05-13,Dairy,West,918,6541,5.433658536585366,1
2024-05-13,Instant Food,North,205,1860,4.055384615384615,1
2024-05-13,Instant Food,South,270,2005,5.1184615384615375,1
2024-05-13,Instant Food,West,244,2084,5.835833333333333,1
2024-05-13,Snacks,North,181,1656,5.358181818181818,1
2024-05-13,Snacks,South,285,2478,4.6546666666666665,1
2024-05-13,Snacks,West,435,3092,5.24,1
2024-05-14,Beverages,North,42,293,4.78,0
2024-05-14,Beverages,South,36,389,4.465,0
2024-05-14,Beverages,West,37,293,3.96,0
2024-05-14,Dairy,North,841,6159,4.91342105263158,1
2024-05-14,Dairy,South,1117,7095,5.70088888888889,1
2024-05-14,Dairy,West,931,6318,5.676888888888889,1
2024-05-14,Instant Food,North,198,1680,5.741818181818182,1
2024-05-14,Instant Food,South,258,2748,5.058000000000001,0
2024-05-14,Instant Food,West,240,2100,5.625,1
2024-05-14,Snacks,North,303,2582,5.525,1
2024-05-14,Snacks,South,396,3335,5.202222222222222,1
2024-05-14,Snacks,West,307,2665,4.718125,1
2024-05-15,Beverages,North,58,478,4.473333333333334,0
2024-05-15,Beverages,South,49,452,5.650000000000001,0
2024-05-15,Beverages,West,68,549,7.603333333333334,0
2024-05-15,Dairy,North,1092,7242,5.749347826086957,1
2024-05-15,Dairy,South,1038,6149,5.349210526315789,1
2024-05-15,Dairy,West,1132,6789,5.492272727272727,1
2024-05-15,Instant Food,North,170,1551,5.891,1
2024-05-15,Instant Food,South,218,1827,4.703076923076923,1
2024-05-15,Instant Food,West,207,1847,5.096666666666667,1
2024-05-15,Snacks,North,275,2136,5.266,1
2024-05-15,Snacks,South,208,2033,5.760666666666666,1
2024-05-15,Snacks,West,276,2044,4.550666666666667,1
2024-05-16,Beverages,North,76,524,4.819999999999999,0
2024-05-16,Beverages,South,62,454,7.53,0
2024-05-16,Beverages,West,63,487,5.925000000000001,0
2024-05-16,Dairy,North,1052,7530,5.230869565217391,1
2024-05-16,Dairy,South,1020,7077,4.895227272727272,1
2024-05-16,Dairy,West,1205,7039,5.580851063829788,1
2024-05-16,Instant Food,North,257,2252,6.252307692307692,1
2024-05-16,Instant Food,South,271,2319,4.989999999999999,1
2024-05-16,Instant Food,West,268,2227,6.336153846153847,1
2024-05-16,Snacks,North,305,2285,5.32125,1
2024-05-16,Snacks,South,281,2431,6.076,0
2024-05-16,Snacks,West,231,2143,4.402666666666667,0
2024-05-17,Beverages,North,54,438,4.646666666666667,1
2024-05-17,Beverages,South,32,274,6.52,0
2024-05-17,Beverages,West,36,398,6.135,0
2024-05-17,Dairy,North,883,6521,5.327142857142857,1
2024-05-17,Dairy,South,898,6449,5.362954545454546,1
2024-05-17,Dairy,West,991,7385,5.390000000000001,1
2024-05-17,Instant Food,North,191,1869,5.0475,0
2024-05-17,Instant Food,South,235,1571,5.233636363636363,1
2024-05-17,Instant Food,West,234,2218,5.274285714285715,1
2024-05-17,Snacks,North,243,2076,5.3373333333333335,1
2024-05-17,Snacks,South,209,2025,3.7691666666666666,0
2024-05-17,Snacks,West,215,1982,4.561428571428571,1
2024-05-18,Beverages,North,57,464,5.609999999999999,0
2024-05-18,Beverages,South,104,579,5.583333333333333,1
2024-05-18,Beverages,West,53,428,3.766666666666667,0
2024-05-18,Dairy,North,1052,6972,4.666,1
2024-05-18,Dairy,South,1074,7644,5.321458333333333,1
2024-05-18,Dairy,West,1062,7552,5.405531914893617,1
2024-05-18,Instant Food,North,195,1800,5.507692307692308,1
2024-05-18,Instant Food,South,256,2001,5.7942857142857145,1
2024-05-18,Instant Food,West,226,1827,5.506153846153846,1
2024-05-18,Snacks,North,232,2102,5.95625,1
2024-05-18,Snacks,South,307,2311,5.09875,1
2024-05-18,Snacks,West,267,2141,5.749333333333333,1
2024-05-19,Beverages,North,36,322,5.49,0
2024-05-19,Beverages,South,42,378,2.62,0
2024-05-19,Beverages,West,13,149,4.44,0
2024-05-19,Dairy,North,1025,7320,5.267173913043478,1
2024-05-19,Dairy,South,1092,6578,5.532727272727272,1
2024-05-19,Dairy,West,1021,6915,5.33804347826087,1
2024-05-19,Instant Food,North,218,1969,4.816428571428572,1
2024-05-19,Instant Food,South,266,2325,4.918571428571428,1
2024-05-19,Instant Food,West,268,2051,4.271538461538461,1
2024-05-19,Snacks,North,353,2204,6.1146666666666665,1
2024-05-19,Snacks,South,301,2465,6.360666666666666,1
2024-05-19,Snacks,West,375,2430,5.1146666666666665,1
2024-05-20,Beverages,North,45,329,3.9,1
2024-05-20,Beverages,South,47,383,5.14,0
2024-05-20,Beverages,West,51,426,5.976666666666667,0
2024-05-20,Dairy,North,901,6632,5.075365853658536,1
2024-05-20,Dairy,South,1132,7644,5.148260869565218,1
2024-05-20,Dairy,West,915,6764,5.361818181818181,1
2024-05-20,Instant Food,North,228,1983,5.467692307692308,1
2024-05-20,Instant Food,South,231,1853,5.513333333333333,1
2024-05-20,Instant Food,West,268,2250,5.421538461538462,1
2024-05-20,Snacks,North,334,2343,4.715882352941176,1
2024-05-20,Snacks,South,265,2387,5.250625,1
2024-05-20,Snacks,West,412,2778,5.884,1
2024-05-21,Beverages,North,53,482,6.563333333333333,0
2024-05-21,Beverages,South,36,311,4.945,0
2024-05-21,Beverages,West,13,171,2.685,0
2024-05-21,Dairy,North,1151,7021,5.37953488372093,1
2024-05-21,Dairy,South,1014,7100,5.451111111111112,1
2024-05-21,Dairy,West,985,6999,5.754893617021277,1
2024-05-21,Instant Food,North,218,2112,5.471333333333333,1
2024-05-21,Instant Food,South,250,2247,4.808461538461538,1
2024-05-21,Instant Food,West,238,1671,5.371111111111111,1
2024-05-21,Snacks,North,312,2609,5.426875,1
2024-05-21,Snacks,South,315,2558,5.298666666666667,1
2024-05-21,Snacks,West,270,2279,4.158461538461538,1
2024-05-22,Beverages,North,37,283,6.445,1
2024-05-22,Beverages,South,35,220,6.15,1
2024-05-22,Beverages,West,38,329,5.733333333333333,1
2024-05-22,Dairy,North,1069,6750,5.520476190476191,1
2024-05-22,Dairy,South,1029,6814,5.863863636363636,1
2024-05-22,Dairy,West,1056,7090,4.98,1
2024-05-22,Instant Food,North,226,2273,5.6984615384615385,0
2024-05-22,Instant Food,South,216,2089,5.175714285714285,1
2024-05-22,Instant Food,West,223,1990,6.277692307692307,1
2024-05-22,Snacks,North,411,3077,5.155555555555555,1
2024-05-22,Snacks,South,262,2290,5.52125,1
2024-05-22,Snacks,West,256,2102,4.361538461538462,1
2024-05-23,Beverages,North,61,484,3.4966666666666666,1
2024-05-23,Beverages,South,40,404,6.169999999999999,0
2024-05-23,Beverages,West,31,357,4.19,0
2024-05-23,Dairy,North,1212,8546,5.07,1
2024-05-23,Dairy,South,1157,7276,5.450212765957447,1
2024-05-23,Dairy,West,1024,7094,5.486888888888889,1
2024-05-23,Instant Food,North,183,1491,3.735,1
2024-05-23,Instant Food,South,288,2589,5.077142857142857,1
2024-05-23,Instant Food,West,209,1771,5.500769230769231,1
2024-05-23,Snacks,North,230,2005,5.7784615384615385,1
2024-05-23,Snacks,South,288,2188,5.206,1
2024-05-23,Snacks,West,304,2612,5.7283333333333335,1
2024-05-24,Beverages,North,38,459,4.64,0
2024-05-24,Beverages,South,84,478,4.5,1
2024-05-24,Beverages,West,61,388,4.276666666666666,0
2024-05-24,Dairy,North,1155,7634,5.31063829787234,1
2024-05-24,Dairy,South,1042,7385,5.260851063829787,1
2024-05-24,Dairy,West,1037,6856,4.877272727272727,1
2024-05-24,Instant Food,North,245,1836,4.566666666666667,1
2024-05-24,Instant Food,South,210,1649,5.577500000000001,1
2024-05-24,Instant Food,West,208,1920,6.272857142857143,1
2024-05-24,Snacks,North,293,2253,5.356875,1
2024-05-24,Snacks,South,231,1996,5.749230769230769,1
2024-05-24,Snacks,West,265,2451,5.387333333333333,1
2024-05-25,Beverages,North,40,352,4.983333333333333,1
2024-05-25,Beverages,South,49,402,2.6966666666666668,0
2024-05-25,Beverages,West,33,312,4.32,0
2024-05-25,Dairy,North,1236,8272,4.915416666666666,1
2024-05-25,Dairy,South,1185,7438,5.834680851063831,1
2024-05-25,Dairy,West,945,6770,4.940952380952381,1
2024-05-25,Instant Food,North,318,2303,5.88,1
2024-05-25,Instant Food,South,186,1907,5.533636363636363,0
2024-05-25,Instant Food,West,258,2060,5.431538461538461,1
2024-05-25,Snacks,North,293,2449,4.982,1
2024-05-25,Snacks,South,315,2531,4.97625,1
2024-05-25,Snacks,West,290,2262,5.225333333333333,1
2024-05-26,Beverages,North,54,375,4.236666666666667,1
2024-05-26,Beverages,South,33,155,3.69,1
2024-05-26,Beverages,West,23,153,8.15,1
2024-05-26,Dairy,North,1047,6569,4.761555555555556,1
2024-05-26,Dairy,South,876,6757,5.000222222222222,1
2024-05-26,Dairy,West,1012,6798,5.115238095238095,1
2024-05-26,Instant Food,North,205,1900,6.574285714285715,1
2024-05-26,Instant Food,South,241,2077,4.818461538461539,1
2024-05-26,Instant Food,West,235,1799,4.1433333333333335,1
2024-05-26,Snacks,North,307,2532,5.328125,1
2024-05-26,Snacks,South,195,1659,5.663333333333333,1
2024-05-26,Snacks,West,294,2581,5.455333333333333,1
2024-05-27,Beverages,South,60,483,4.233333333333333,0
2024-05-27,Beverages,West,68,338,6.225,1
2024-05-27,Dairy,North,1124,7680,4.493,1
2024-05-27,Dairy,South,1080,6637,5.517777777777778,1
2024-05-27,Dairy,West,876,6034,4.92825,1
2024-05-27,Instant Food,North,272,1929,6.145454545454545,1
2024-05-27,Instant Food,South,159,1475,5.24,1
2024-05-27,Instant Food,West,254,2319,6.112857142857143,1
2024-05-27,Snacks,North,274,2390,5.244999999999999,1
2024-05-27,Snacks,South,282,2444,4.624285714285714,0
2024-05-27,Snacks,West,243,2402,5.405333333333333,1
2024-05-28,Beverages,North,33,310,8.173333333333334,0
2024-05-28,Beverages,South,61,528,4.05,0
2024-05-28,Beverages,West,54,477,7.636666666666667,0
2024-05-28,Dairy,North,1253,7795,5.278367346938775,1
2024-05-28,Dairy,South,1245,7487,5.275510204081633,1
2024-05-28,Dairy,West,1058,7592,5.490212765957447,1
2024-05-28,Instant Food,North,176,1594,6.0181818181818185,0
2024-05-28,Instant Food,South,223,1898,4.488333333333333,1
2024-05-28,Instant Food,West,181,1641,5.975454545454546,1
2024-05-28,Snacks,North,353,3009,4.738125,1
2024-05-28,Snacks,South,315,2578,5.610714285714286,1
2024-05-28,Snacks,West,244,1993,4.87,1
2024-05-29,Beverages,North,43,372,4.165,0
2024-05-29,Beverages,South,57,503,5.793333333333334,0
2024-05-29,Beverages,West,53,483,5.613333333333333,0
2024-05-29,Dairy,North,1206,8203,4.3455102040816325,1
2024-05-29,Dairy,South,1000,7053,5.279565217391304,1
2024-05-29,Dairy,West,984,6764,5.4275,1
2024-05-29,Instant Food,North,268,1869,5.7625,1
2024-05-29,Instant Food,South,224,1599,5.390909090909092,1
2024-05-29,Instant Food,West,258,2440,5.686428571428571,1
2024-05-29,Snacks,North,346,2757,5.48625,1
2024-05-29,Snacks,South,298,2635,4.495333333333334,1
2024-05-29,Snacks,West,255,2213,4.594375,1
2024-05-30,Beverages,North,73,564,5.623333333333334,1
2024-05-30,Beverages,South,21,141,6.46,1
2024-05-30,Beverages,West,39,358,7.515000000000001,0
2024-05-30,Dairy,North,1154,7029,5.910681818181818,1
2024-05-30,Dairy,South,1006,6925,5.581489361702127,1
2024-05-30,Dairy,West,1216,8172,4.832127659574468,1
2024-05-30,Instant Food,North,243,1952,4.4823076923076925,1
2024-05-30,Instant Food,South,298,2249,5.0808333333333335,1
2024-05-30,Instant Food,West,205,1831,5.49,1
2024-05-30,Snacks,North,219,2151,4.838,1
2024-05-30,Snacks,South,290,2283,4.583571428571429,1
2024-05-30,Snacks,West,267,2311,5.098125,1
2024-05-31,Beverages,North,33,438,3.8733333333333335,0
2024-05-31,Beverages,South,67,604,4.296666666666667,0
2024-05-31,Beverages,West,40,478,6.203333333333333,0
2024-05-31,Dairy,North,1101,7259,5.83840909090909,1
2024-05-31,Dairy,South,1161,7528,4.72,1
2024-05-31,Dairy,West,1058,6988,5.456666666666667,1
2024-05-31,Instant Food,North,243,2234,5.033076923076924,0
2024-05-31,Instant Food,South,271,2051,5.618461538461539,1
2024-05-31,Instant Food,West,214,2042,5.045833333333333,0
2024-05-31,Snacks,North,369,2692,4.957058823529412,1
2024-05-31,Snacks,South,319,2515,5.147142857142858,1
2024-05-31,Snacks,West,278,1936,5.1433333333333335,1
2024-06-01,Beverages,North,14,131,8.51,0
2024-06-01,Beverages,South,78,486,6.613333333333333,1
2024-06-01,Beverages,West,25,251,6.13,0
2024-06-01,Dairy,North,1217,8076,4.948958333333334,1
2024-06-01,Dairy,South,1044,7147,5.146444444444445,1
2024-06-01,Dairy,West,964,7154,5.347291666666667,1
2024-06-01,Instant Food,North,226,2419,6.041428571428571,0
2024-06-01,Instant Food,South,221,2250,4.392142857142857,1
2024-06-01,Instant Food,West,142,1526,4.878461538461538,1
2024-06-01,Snacks,North,237,1865,5.846,1
2024-06-01,Snacks,South,394,2825,5.05625,1
2024-06-01,Snacks,West,332,2437,4.589375,1
2024-06-02,Beverages,North,83,505,6.363333333333333,1
2024-06-02,Beverages,South,60,446,5.9433333333333325,0
2024-06-02,Beverages,West,52,403,3.2266666666666666,0
2024-06-02,Dairy,North,1101,8429,4.952083333333333,1
2024-06-02,Dairy,South,1079,7327,4.390212765957447,1
2024-06-02,Dairy,West,1138,8078,4.8662,1
2024-06-02,Instant Food,North,190,1648,5.62,1
2024-06-02,Instant Food,South,196,1907,4.791538461538462,1
2024-06-02,Instant Food,West,332,2565,4.765,1
2024-06-02,Snacks,North,258,2077,4.841428571428572,1
2024-06-02,Snacks,South,346,2653,5.091176470588235,1
2024-06-02,Snacks,West,379,2842,4.6593333333333335,1
2024-06-03,Beverages,North,101,542,4.793333333333334,1
2024-06-03,Beverages,South,26,212,3.31,0
2024-06-03,Beverages,West,80,454,7.175,1
2024-06-03,Dairy,North,987,7446,4.79265306122449,1
2024-06-03,Dairy,South,942,7243,5.500444444444445,1
2024-06-03,Dairy,West,915,6440,5.007857142857144,1
2024-06-03,Instant Food,North,188,1824,6.809166666666667,1
2024-06-03,Instant Food,South,172,1744,5.285833333333334,1
2024-06-03,Instant Food,West,235,1802,5.074166666666667,1
2024-06-03,Snacks,North,416,2876,5.183888888888889,1
2024-06-03,Snacks,South,341,2614,5.34,1
2024-06-03,Snacks,West,246,2112,5.227058823529411,0
2024-06-04,Beverages,North,76,563,4.223333333333334,1
2024-06-04,Beverages,South,89,467,6.316666666666666,1
2024-06-04,Beverages,West,42,347,3.4266666666666663,1
2024-06-04,Dairy,North,959,6409,5.377674418604651,1
2024-06-04,Dairy,South,949,7120,4.822045454545454,1
2024-06-04,Dairy,West,955,6473,5.353953488372093,1
2024-06-04,Instant Food,North,237,1930,4.508181818181819,1
2024-06-04,Instant Food,South,278,2261,6.427857142857143,1
2024-06-04,Instant Food,West,251,2237,4.505384615384616,1
2024-06-04,Snacks,North,258,2176,4.993846153846154,0
2024-06-04,Snacks,South,298,2296,5.952857142857143,1
2024-06-04,Snacks,West,251,2118,4.601333333333333,0
2024-06-05,Beverages,North,42,340,3.83,0
2024-06-05,Beverages,South,25,196,1.81,0
2024-06-05,Beverages,West,62,398,5.03,1
2024-06-05,Dairy,North,1144,8281,4.934117647058824,1
2024-06-05,Dairy,South,1225,8309,5.503061224489795,1
2024-06-05,Dairy,West,888,7046,5.2684444444444445,1
2024-06-05,Instant Food,North,200,1948,5.585833333333333,1
2024-06-05,Instant Food,South,164,1592,5.921818181818182,1
2024-06-05,Instant Food,West,229,2152,5.330666666666668,1
2024-06-05,Snacks,North,392,2903,4.208823529411765,1
2024-06-05,Snacks,South,331,2500,5.504666666666666,1
2024-06-05,Snacks,West,315,2226,4.6425,1
2024-06-06,Beverages,North,40,357,3.705,0
2024-06-06,Beverages,South,58,302,7.885,1
2024-06-06,Beverages,West,37,380,6.61,0
2024-06-06,Dairy,North,961,7058,4.896222222222222,1
2024-06-06,Dairy,South,834,6533,5.267045454545454,1
2024-06-06,Dairy,West,1074,7620,5.267142857142858,1
2024-06-06,Instant Food,North,189,1897,5.449166666666667,1
2024-06-06,Instant Food,South,218,2004,5.228461538461539,1
2024-06-06,Instant Food,West,219,1905,5.62,1
2024-06-06,Snacks,North,402,3010,4.613125,1
2024-06-06,Snacks,South,320,2301,6.225384615384614,1
2024-06-06,Snacks,West,339,2332,5.882941176470588,1
2024-06-07,Beverages,North,51,400,7.016666666666667,0
2024-06-07,Beverages,South,19,185,2.23,0
2024-06-07,Beverages,West,72,544,5.233333333333333,0
2024-06-07,Dairy,North,1246,8245,4.6080000000000005,1
2024-06-07,Dairy,South,1053,7070,5.039148936170212,1
2024-06-07,Dairy,West,999,7076,5.06531914893617,1
2024-06-07,Instant Food,North,176,1780,4.296363636363636,0
2024-06-07,Instant Food,South,282,2372,6.0685714285714285,1
2024-06-07,Instant Food,West,221,2260,4.323846153846154,1
2024-06-07,Snacks,North,292,2079,5.502,1
2024-06-07,Snacks,South,371,2906,5.758235294117647,1
2024-06-07,Snacks,West,321,2419,4.753571428571428,1
2024-06-08,Beverages,North,53,465,4.08,0
2024-06-08,Beverages,South,16,122,8.83,0
2024-06-08,Beverages,West,80,510,5.836666666666667,1
2024-06-08,Dairy,North,1087,7322,5.701111111111112,1
2024-06-08,Dairy,South,1033,7476,5.454130434782608,1
2024-06-08,Dairy,West,948,7158,5.37531914893617,1
2024-06-08,Instant Food,North,215,2220,5.055714285714286,1
2024-06-08,Instant Food,South,276,2221,4.34,1
2024-06-08,Instant Food,West,232,1864,4.956666666666667,1
2024-06-08,Snacks,North,268,2046,4.899285714285715,1
2024-06-08,Snacks,South,239,2050,5.276923076923077,0
2024-06-08,Snacks,West,325,2349,6.31076923076923,1
2024-06-09,Beverages,North,91,501,5.55,1
2024-06-09,Beverages,South,80,405,3.24,1
2024-06-09,Beverages,West,39,323,1.9,0
2024-06-09,Dairy,North,1018,7121,5.0225531914893615,1
2024-06-09,Dairy,South,1045,7396,5.406122448979591,1
2024-06-09,Dairy,West,1118,7165,5.246326530612245,1
2024-06-09,Instant Food,North,128,1156,6.5675,1
2024-06-09,Instant Food,South,199,2189,5.01,0
2024-06-09,Instant Food,West,152,1521,5.088888888888889,1
2024-06-09,Snacks,North,233,1843,5.676,1
2024-06-09,Snacks,South,320,2250,5.911428571428571,1
2024-06-09,Snacks,West,329,2665,5.116470588235295,1
2024-06-10,Beverages,North,57,322,6.650000000000001,1
2024-06-10,Beverages,South,75,611,5.62,1
2024-06-10,Beverages,West,48,303,6.41,1
2024-06-10,Dairy,North,1173,7362,4.827333333333333,1
2024-06-10,Dairy,South,1059,6845,5.351111111111111,1
2024-06-10,Dairy,West,1027,7184,5.255744680851064,1
2024-06-10,Instant Food,North,140,1473,4.989,1
2024-06-10,Instant Food,South,225,2113,4.525384615384615,1
2024-06-10,Instant Food,West,229,1917,4.574166666666667,1
2024-06-10,Snacks,North,319,2731,4.616470588235295,0
2024-06-10,Snacks,South,328,2646,5.54764705882353,1
2024-06-10,Snacks,West,285,2513,6.2787500000000005,1
2024-06-11,Beverages,North,48,442,4.71,0
2024-06-11,Beverages,South,66,467,3.556666666666666,1
2024-06-11,Beverages,West,84,600,5.27,0
2024-06-11,Dairy,North,1078,7243,5.557659574468085,1
2024-06-11,Dairy,South,937,7269,5.422340425531915,1
2024-06-11,Dairy,West,1008,6672,5.062558139534883,1
2024-06-11,Instant Food,North,189,2191,5.428461538461538,1
2024-06-11,Instant Food,South,257,2120,4.612857142857143,1
2024-06-11,Instant Food,West,222,2174,4.864545454545454,1
2024-06-11,Snacks,North,441,3288,6.307222222222222,1
2024-06-11,Snacks,South,297,2089,4.743571428571428,1
2024-06-11,Snacks,West,326,2733,6.062666666666667,0
2024-06-12,Beverages,North,50,454,4.97,0
2024-06-12,Beverages,South,14,163,8.72,0
2024-06-12,Beverages,West,18,232,3.176666666666667,0
2024-06-12,Dairy,North,965,6562,5.406904761904762,1
2024-06-12,Dairy,South,1302,7189,5.296956521739131,1
2024-06-12,Dairy,West,871,6399,5.379302325581396,1
2024-06-12,Instant Food,North,205,2068,4.335714285714285,1
2024-06-12,Instant Food,South,266,2526,4.310666666666666,1
2024-06-12,Instant Food,West,304,2157,5.577692307692308,1
2024-06-12,Snacks,North,318,2527,5.656666666666666,1
2024-06-12,Snacks,South,307,2360,6.0625,1
2024-06-12,Snacks,West,197,2119,4.7215384615384615,0
2024-06-13,Beverages,North,127,569,4.086666666666667,1
2024-06-13,Beverages,South,52,286,6.115,1
2024-06-13,Beverages,West,54,343,5.276666666666666,1
2024-06-13,Dairy,North,1167,7859,5.6066666666666665,1
2024-06-13,Dairy,South,1140,7765,5.192978723404255,1
2024-06-13,Dairy,West,1145,7872,5.46530612244898,1
2024-06-13,Instant Food,North,215,2003,4.6175,1
2024-06-13,Instant Food,South,205,2141,4.541428571428571,1
2024-06-13,Instant Food,West,293,2349,5.904615384615385,1
2024-06-13,Snacks,North,286,2245,5.014666666666667,1
2024-06-13,Snacks,South,313,2378,5.5475,1
2024-06-13,Snacks,West,420,2793,5.098235294117647,1
2024-06-14,Beverages,North,50,352,3.405,1
2024-06-14,Beverages,South,51,560,4.626666666666666,0
2024-06-14,Beverages,West,88,581,5.183333333333334,1
2024-06-14,Dairy,North,1068,6888,5.463023255813954,1
2024-06-14,Dairy,South,1016,6954,5.458913043478261,1
2024-06-14,Dairy,West,1009,6794,5.58952380952381,1
2024-06-14,Instant Food,North,256,2532,6.287857142857143,0
2024-06-14,Instant Food,South,216,2138,4.236666666666667,1
2024-06-14,Instant Food,West,238,2433,5.676428571428572,1
2024-06-14,Snacks,North,271,1762,4.865,1
2024-06-14,Snacks,South,306,2401,5.084666666666666,1
2024-06-14,Snacks,West,341,2809,5.318235294117647,1
2024-06-15,Beverages,North,58,513,4.723333333333334,0
2024-06-15,Beverages,South,42,400,5.77,0
2024-06-15,Beverages,West,53,439,3.68,0
2024-06-15,Dairy,North,1132,8079,5.5242,1
2024-06-15,Dairy,South,910,6745,5.510652173913043,1
2024-06-15,Dairy,West,983,7140,5.587727272727273,1
2024-06-15,Instant Food,North,242,2319,4.332142857142857,1
2024-06-15,Instant Food,South,256,2064,4.320833333333334,1
2024-06-15,Instant Food,West,215,2161,4.550714285714286,0
2024-06-15,Snacks,North,327,2524,5.071875,1
2024-06-15,Snacks,South,296,2377,4.78,1
2024-06-15,Snacks,West,303,2319,5.786428571428572,1
2024-06-16,Beverages,North,69,498,3.4966666666666666,0
2024-06-16,Beverages,South,65,398,5.760000000000001,1
2024-06-16,Beverages,West,89,545,3.9133333333333336,1
2024-06-16,Dairy,North,1455,8315,5.122641509433962,1
2024-06-16,Dairy,South,1062,8443,4.615102040816327,1
2024-06-16,Dairy,West,1086,7388,5.437021276595744,1
2024-06-16,Instant Food,North,210,2278,6.052857142857143,0
2024-06-16,Instant Food,South,235,2100,5.631428571428572,1
2024-06-16,Instant Food,West,265,2198,4.763076923076923,1
2024-06-16,Snacks,North,228,1987,6.032307692307692,1
2024-06-16,Snacks,South,402,2827,5.074999999999999,1
2024-06-16,Snacks,West,431,2902,6.001764705882353,1
2024-06-17,Beverages,North,48,440,7.616666666666667,0
2024-06-17,Beverages,South,30,254,7.615,0
2024-06-17,Beverages,West,63,471,4.29,0
2024-06-17,Dairy,North,987,7255,5.716956521739131,1
2024-06-17,Dairy,South,972,7640,4.936521739130434,1
2024-06-17,Dairy,West,1032,6748,5.531304347826087,1
2024-06-17,Instant Food,North,214,1952,6.149230769230769,1
2024-06-17,Instant Food,South,196,1600,5.426666666666666,1
2024-06-17,Instant Food,West,167,1789,5.46076923076923,1
2024-06-17,Snacks,North,267,1899,4.75076923076923,1
2024-06-17,Snacks,South,328,2182,5.18076923076923,1
2024-06-17,Snacks,West,267,2378,5.146875,1
2024-06-18,Beverages,North,53,448,4.94,0
2024-06-18,Beverages,South,59,478,4.6433333333333335,0
2024-06-18,Beverages,West,25,272,6.635,0
2024-06-18,Dairy,North,1078,7295,4.969387755102041,1
2024-06-18,Dairy,South,1090,7378,5.126170212765958,1
2024-06-18,Dairy,West,990,7270,5.130888888888889,1
2024-06-18,Instant Food,North,145,1369,4.878333333333333,1
2024-06-18,Instant Food,South,232,2230,4.292142857142857,1
2024-06-18,Instant Food,West,184,1553,6.2681818181818185,1
2024-06-18,Snacks,North,372,2641,4.8025,1
2024-06-18,Snacks,South,356,2539,5.53,1
2024-06-18,Snacks,West,429,2700,5.5873333333333335,1
2024-06-19,Beverages,North,65,560,4.89,0
2024-06-19,Beverages,South,62,440,6.603333333333334,0
2024-06-19,Beverages,West,55,388,1.675,0
2024-06-19,Dairy,North,1040,7355,5.306590909090909,1
2024-06-19,Dairy,South,924,6076,5.4981395348837205,1
2024-06-19,Dairy,West,951,6915,5.959545454545455,1
2024-06-19,Instant Food,North,235,1905,5.0346153846153845,1
2024-06-19,Instant Food,South,269,2423,4.651333333333333,1
2024-06-19,Instant Food,West,244,2257,5.205,1
2024-06-19,Snacks,North,251,1983,6.674615384615384,1
2024-06-19,Snacks,South,212,1754,6.087857142857144,1
2024-06-19,Snacks,West,332,1876,5.585833333333333,1
2024-06-20,Beverages,North,93,467,6.3133333333333335,1
2024-06-20,Beverages,South,71,539,3.043333333333333,0
2024-06-20,Beverages,West,113,565,4.8533333333333335,1
2024-06-20,Dairy,North,1103,6740,4.965238095238095,1
2024-06-20,Dairy,South,1060,6736,4.656363636363636,1
2024-06-20,Dairy,West,966,6931,5.138913043478261,1
2024-06-20,Instant Food,North,130,1192,4.71,1
2024-06-20,Instant Food,South,212,1841,5.567272727272727,1
2024-06-20,Instant Food,West,132,1321,5.268,1
2024-06-20,Snacks,North,364,2511,5.833125,1
2024-06-20,Snacks,South,424,2424,5.158666666666666,1
2024-06-20,Snacks,West,340,2609,6.079411764705882,1
2024-06-21,Beverages,North,52,249,8.495,1
2024-06-21,Beverages,South,65,383,6.1850000000000005,1
2024-06-21,Beverages,West,64,329,3.755,1
2024-06-21,Dairy,North,1079,7764,5.481020408163265,1
2024-06-21,Dairy,South,741,6131,4.844250000000001,0
2024-06-21,Dairy,West,974,6984,5.097173913043478,1
2024-06-21,Instant Food,North,185,1697,5.185,1
2024-06-21,Instant Food,South,207,1941,5.672307692307692,1
2024-06-21,Instant Food,West,166,1528,5.74125,1
2024-06-21,Snacks,North,386,2876,5.073333333333333,1
2024-06-21,Snacks,South,185,1776,4.646923076923077,0
2024-06-21,Snacks,West,330,2752,4.395333333333334,1
2024-06-22,Beverages,North,40,283,4.140000000000001,0
2024-06-22,Beverages,South,61,518,4.47,0
2024-06-22,Beverages,West,57,407,4.920000000000001,0
2024-06-22,Dairy,North,1019,6728,5.350454545454546,1
2024-06-22,Dairy,South,945,6877,5.689772727272727,1
2024-06-22,Dairy,West,926,6740,5.116,1
2024-06-22,Instant Food,North,271,2236,4.625714285714286,1
2024-06-22,Instant Food,South,135,1324,5.324,1
2024-06-22,Instant Food,West,272,2310,4.5346153846153845,1
2024-06-22,Snacks,North,257,2199,4.467333333333333,1
2024-06-22,Snacks,South,285,2473,5.1273333333333335,1
2024-06-22,Snacks,West,368,2436,5.188,1
2024-06-23,Beverages,North,55,561,3.883333333333333,0
2024-06-23,Beverages,South,44,407,6.256666666666667,0
2024-06-23,Beverages,West,42,355,4.636666666666667,0
2024-06-23,Dairy,North,925,6824,5.450975609756098,1
2024-06-23,Dairy,South,987,6779,4.690714285714286,1
2024-06-23,Dairy,West,1065,8025,5.375102040816326,1
2024-06-23,Instant Food,North,217,2127,5.312142857142858,1
2024-06-23,Instant Food,South,240,2376,3.98,1
2024-06-23,Instant Food,West,150,1539,4.423333333333334,1
2024-06-23,Snacks,North,284,2309,5.307692307692308,1
2024-06-23,Snacks,South,426,3170,6.04,1
2024-06-23,Snacks,West,302,2251,5.452941176470588,1
2024-06-24,Beverages,North,25,284,5.205,0
2024-06-24,Beverages,South,44,350,6.416666666666667,0
2024-06-24,Beverages,West,46,375,4.575,0
2024-06-24,Dairy,North,1106,7244,5.257872340425532,1
2024-06-24,Dairy,South,931,6327,5.370930232558139,1
2024-06-24,Dairy,West,950,6396,5.465476190476191,1
2024-06-24,Instant Food,North,228,2009,5.699166666666667,1
2024-06-24,Instant Food,South,214,1735,5.7907692307692304,1
2024-06-24,Instant Food,West,221,2267,4.616428571428571,0
2024-06-24,Snacks,North,418,2816,4.411764705882353,1
2024-06-24,Snacks,South,210,1857,5.22,1
2024-06-24,Snacks,West,332,2395,5.058666666666666,1
2024-06-25,Beverages,North,46,395,5.736666666666667,1
2024-06-25,Beverages,South,62,462,4.493333333333333,1
2024-06-25,Beverages,West,69,561,5.57,0
2024-06-25,Dairy,North,894,6322,5.76046511627907,1
2024-06-25,Dairy,South,1095,7725,4.863125,1
2024-06-25,Dairy,West,1000,7210,5.587173913043478,1
2024-06-25,Instant Food,North,175,1908,5.38,1
2024-06-25,Instant Food,South,166,1717,5.21,1
2024-06-25,Instant Food,West,206,1868,5.874615384615385,1
2024-06-25,Snacks,North,343,2591,5.565,1
2024-06-25,Snacks,South,322,2803,5.170625,1
2024-06-25,Snacks,West,347,2415,6.0131250000000005,1
2024-06-26,Beverages,North,74,516,7.213333333333334,1
2024-06-26,Beverages,South,35,320,6.154999999999999,0
2024-06-26,Beverages,West,36,325,3.48,0
2024-06-26,Dairy,North,1053,7290,5.615227272727273,1
2024-06-26,Dairy,South,1177,7568,5.0325,1
2024-06-26,Dairy,West,1064,7470,4.745111111111111,1
2024-06-26,Instant Food,North,238,2239,4.24923076923077,1
2024-06-26,Instant Food,South,149,1624,6.170000000000001,1
2024-06-26,Instant Food,West,182,1869,5.780769230769232,1
2024-06-26,Snacks,North,330,2452,5.18235294117647,1
2024-06-26,Snacks,South,313,2513,5.71375,1
2024-06-26,Snacks,West,242,2033,4.269230769230769,1
2024-06-27,Beverages,North,61,572,6.6066666666666665,0
2024-06-27,Beverages,South,52,430,5.956666666666666,0
2024-06-27,Beverages,West,48,352,6.765000000000001,0
2024-06-27,Dairy,North,1123,7521,5.256122448979592,1
2024-06-27,Dairy,South,1103,8208,5.421632653061225,1
2024-06-27,Dairy,West,1139,7721,5.746382978723404,1
2024-06-27,Instant Food,North,189,1718,4.34,0
2024-06-27,Instant Food,South,177,1807,5.7058333333333335,0
2024-06-27,Instant Food,West,299,2164,5.362857142857143,1
2024-06-27,Snacks,North,368,2971,4.839411764705882,0
2024-06-27,Snacks,South,315,2505,5.3025,1
2024-06-27,Snacks,West,451,2540,4.590769230769231,1
2024-06-28,Beverages,North,90,462,3.766666666666667,1
2024-06-28,Beverages,South,55,474,6.6933333333333325,0
2024-06-28,Beverages,West,62,453,5.476666666666667,0
2024-06-28,Dairy,North,1119,7182,5.083333333333333,1
2024-06-28,Dairy,South,716,5949,5.571315789473684,0
2024-06-28,Dairy,West,1057,6916,4.734791666666667,1
2024-06-28,Instant Food,North,235,2035,4.680000000000001,1
2024-06-28,Instant Food,South,220,2036,5.240769230769231,1
2024-06-28,Instant Food,West,216,1927,5.206153846153847,1
2024-06-28,Snacks,North,362,2910,4.610666666666666,1
2024-06-28,Snacks,South,311,2520,4.448125,1
2024-06-28,Snacks,West,390,2289,5.676428571428572,1
2024-06-29,Beverages,North,37,356,3.535,0
2024-06-29,Beverages,South,59,398,4.3100000000000005,0
2024-06-29,Beverages,West,45,319,4.654999999999999,0
2024-06-29,Dairy,North,1003,7101,5.055116279069767,1
2024-06-29,Dairy,South,1018,6827,4.974523809523809,1
2024-06-29,Dairy,West,1056,6592,4.590232558139535,1
2024-06-29,Instant Food,North,227,2028,5.490833333333334,1
2024-06-29,Instant Food,South,253,2080,5.96076923076923,1
2024-06-29,Instant Food,West,171,1270,5.682222222222222,1
2024-06-29,Snacks,North,369,2475,4.916470588235294,1
2024-06-29,Snacks,South,292,2448,5.077142857142857,1
2024-06-29,Snacks,West,339,2187,6.1025,1
2024-06-30,Beverages,North,54,248,4.723333333333333,1
2024-06-30,Beverages,South,86,571,5.493333333333333,1
2024-06-30,Beverages,West,66,564,3.9,0
2024-06-30,Dairy,North,1184,7784,6.058125,1
2024-06-30,Dairy,South,1120,7623,5.362,1
2024-06-30,Dairy,West,989,6889,5.180454545454546,1
2024-06-30,Instant Food,North,139,1479,5.767272727272727,0
2024-06-30,Instant Food,South,201,2105,5.8133333333333335,0
2024-06-30,Instant Food,West,181,2072,5.179230769230769,0
2024-06-30,Snacks,North,417,3207,5.4238888888888885,1
2024-06-30,Snacks,South,444,2843,5.819411764705883,1
2024-06-30,Snacks,West,215,2165,6.343076923076922,0
2024-07-01,Beverages,North,52,393,6.023333333333333,1
2024-07-01,Beverages,South,28,255,6.3933333333333335,0
2024-07-01,Beverages,West,74,508,4.203333333333333,1
2024-07-01,Dairy,North,1038,7622,5.0568888888888885,1
2024-07-01,Dairy,South,987,7967,5.35156862745098,1
2024-07-01,Dairy,West,1028,7672,5.424791666666667,1
2024-07-01,Instant Food,North,232,2024,5.293333333333334,1
2024-07-01,Instant Food,South,149,1593,4.680000000000001,1
2024-07-01,Instant Food,West,217,2126,5.648571428571429,1
2024-07-01,Snacks,North,263,1901,5.097857142857143,1
2024-07-01,Snacks,South,356,2631,5.072941176470588,1
2024-07-01,Snacks,West,411,2907,5.538333333333333,1
2024-07-02,Beverages,North,35,247,4.915,0
2024-07-02,Beverages,South,44,435,4.78,0
2024-07-02,Beverages,West,45,422,5.17,0
2024-07-02,Dairy,North,1104,7542,5.598636363636364,1
2024-07-02,Dairy,South,989,6757,5.4695833333333335,1
2024-07-02,Dairy,West,786,5998,4.993571428571428,1
2024-07-02,Instant Food,North,197,1910,4.633846153846154,1
2024-07-02,Instant Food,South,234,2346,5.441428571428571,1
2024-07-02,Instant Food,West,235,2267,4.842142857142856,1
2024-07-02,Snacks,North,373,2677,5.35625,1
2024-07-02,Snacks,South,300,2148,3.9892857142857134,1
2024-07-02,Snacks,West,533,2900,5.396470588235294,1
2024-07-03,Beverages,North,43,445,2.405,0
2024-07-03,Beverages,South,43,418,4.42,0
2024-07-03,Beverages,West,42,289,5.699999999999999,1
2024-07-03,Dairy,North,859,6083,4.998888888888889,1
2024-07-03,Dairy,South,1050,7945,5.303333333333334,1
2024-07-03,Dairy,West,1059,6735,5.761818181818182,1
2024-07-03,Instant Food,North,129,1371,5.328888888888889,0
2024-07-03,Instant Food,South,216,2065,6.022142857142858,1
2024-07-03,Instant Food,West,270,2251,4.839285714285714,1
2024-07-03,Snacks,North,373,2395,4.47375,1
2024-07-03,Snacks,South,274,2090,5.366666666666666,1
2024-07-03,Snacks,West,255,2129,5.231333333333334,1
2024-07-04,Beverages,North,43,405,6.63,0
2024-07-04,Beverages,South,16,195,4.836666666666667,1
2024-07-04,Beverages,West,45,375,5.84,0
2024-07-04,Dairy,North,1207,8280,4.780208333333333,1
2024-07-04,Dairy,South,992,6950,5.248913043478261,1
2024-07-04,Dairy,West,987,7448,5.048913043478261,1
2024-07-04,Instant Food,North,245,2384,5.128,1
2024-07-04,Instant Food,South,223,2135,5.649285714285715,1
2024-07-04,Instant Food,West,219,2167,4.292142857142857,1
2024-07-04,Snacks,North,354,2521,4.815882352941177,1
2024-07-04,Snacks,South,318,2536,4.636875,0
2024-07-04,Snacks,West,328,2655,5.3707142857142856,0
2024-07-05,Beverages,North,72,365,3.25,1
2024-07-05,Beverages,South,19,220,3.825,0
2024-07-05,Beverages,West,28,367,5.625,0
2024-07-05,Dairy,North,1025,7878,5.338775510204082,1
2024-07-05,Dairy,South,948,7761,4.70875,1
2024-07-05,Dairy,West,1077,7745,5.813617021276596,1
2024-07-05,Instant Food,North,155,1640,4.34,1
2024-07-05,Instant Food,South,227,2267,5.564615384615385,1
2024-07-05,Instant Food,West,245,2411,5.460714285714286,1
2024-07-05,Snacks,North,302,2390,5.437333333333333,1
2024-07-05,Snacks,South,385,2349,4.769333333333333,1
2024-07-05,Snacks,West,384,2496,5.750624999999999,1
2024-07-06,Beverages,North,56,382,3.73,1
2024-07-06,Beverages,South,50,525,6.586666666666666,0
2024-07-06,Beverages,West,65,507,6.18,1
2024-07-06,Dairy,North,1075,7647,5.8240425531914894,1
2024-07-06,Dairy,South,956,7157,5.199761904761905,1
2024-07-06,Dairy,West,982,7290,5.325208333333333,1
2024-07-06,Instant Food,North,247,2359,5.058571428571428,1
2024-07-06,Instant Food,South,210,1691,5.229166666666667,1
2024-07-06,Instant Food,West,173,1896,5.829999999999999,1
2024-07-06,Snacks,North,341,2742,5.639411764705883,0
2024-07-06,Snacks,South,391,2583,5.208,1
2024-07-06,Snacks,West,277,1872,4.041428571428571,1
2024-07-07,Beverages,North,68,640,3.68,0
2024-07-07,Beverages,South,39,306,6.475,0
2024-07-07,Beverages,West,78,639,4.293333333333334,1
2024-07-07,Dairy,North,1007,7204,4.9206666666666665,1
2024-07-07,Dairy,South,955,7141,5.506808510638297,1
2024-07-07,Dairy,West,1019,6731,4.618333333333333,1
2024-07-07,Instant Food,North,228,2032,5.606923076923077,1
2024-07-07,Instant Food,South,235,2235,5.448666666666667,1
2024-07-07,Instant Food,West,181,1906,5.411666666666666,0
2024-07-07,Snacks,North,277,2210,5.768461538461538,1
2024-07-07,Snacks,South,335,2339,5.2250000000000005,1
2024-07-07,Snacks,West,205,1745,5.083,0
2024-07-08,Beverages,North,60,440,6.466666666666668,1
2024-07-08,Beverages,South,49,300,5.98,1
2024-07-08,Beverages,West,36,309,3.345,0
2024-07-08,Dairy,North,955,6971,4.8421276595744684,1
2024-07-08,Dairy,South,1123,8177,5.419387755102041,1
2024-07-08,Dairy,West,1131,7309,4.854897959183673,1
2024-07-08,Instant Food,North,164,1698,3.360909090909091,1
2024-07-08,Instant Food,South,216,1948,4.236666666666667,1
2024-07-08,Instant Food,West,366,2514,5.025714285714286,1
2024-07-08,Snacks,North,370,2530,5.294117647058823,1
2024-07-08,Snacks,South,314,1941,5.318461538461539,1
2024-07-08,Snacks,West,295,2421,4.831428571428572,1
2024-07-09,Beverages,North,73,493,4.725,0
2024-07-09,Beverages,South,32,332,2.955,0
2024-07-09,Beverages,West,45,377,6.423333333333333,0
2024-07-09,Dairy,North,964,7146,5.638444444444445,1
2024-07-09,Dairy,South,832,6941,4.946739130434783,1
2024-07-09,Dairy,West,961,7315,5.3585416666666665,1
2024-07-09,Instant Food,North,154,1599,4.668,1
2024-07-09,Instant Food,South,222,2079,2.9976923076923074,1
2024-07-09,Instant Food,West,213,2144,5.178461538461538,0
2024-07-09,Snacks,North,376,2539,5.155333333333333,1
2024-07-09,Snacks,South,398,2423,5.820666666666667,1
2024-07-09,Snacks,West,263,2451,4.7475000000000005,0
2024-07-10,Beverages,North,49,408,6.203333333333333,0
2024-07-10,Beverages,South,34,347,5.256666666666667,0
2024-07-10,Beverages,West,29,316,6.63,0
2024-07-10,Dairy,North,996,7604,4.817083333333334,1
2024-07-10,Dairy,South,1022,6906,5.473777777777777,1
2024-07-10,Dairy,West,943,7066,5.620212765957446,1
2024-07-10,Instant Food,North,258,2441,5.558000000000001,1
2024-07-10,Instant Food,South,180,1420,5.4818181818181815,1
2024-07-10,Instant Food,West,227,2472,5.548,1
2024-07-10,Snacks,North,194,1756,5.981538461538462,1
2024-07-10,Snacks,South,294,2205,5.260000000000001,1
2024-07-10,Snacks,West,244,2048,5.263571428571429,0
2024-07-11,Beverages,North,103,561,4.703333333333333,1
2024-07-11,Beverages,South,20,156,3.465,1
2024-07-11,Beverages,West,59,316,6.5200000000000005,1
2024-07-11,Dairy,North,929,6386,4.391590909090909,1
2024-07-11,Dairy,South,1086,7656,4.988695652173913,1
2024-07-11,Dairy,West,1023,6963,5.3164,1
2024-07-11,Instant Food,North,194,2129,5.996153846153846,0
2024-07-11,Instant Food,South,230,2119,5.025384615384615,1
2024-07-11,Instant Food,West,251,2371,5.107333333333333,1
2024-07-11,Snacks,North,272,2124,5.391428571428572,1
2024-07-11,Snacks,South,378,2943,6.222941176470589,1
2024-07-11,Snacks,West,441,2665,5.531999999999999,1
2024-07-12,Beverages,North,45,450,5.603333333333333,0
2024-07-12,Beverages,South,26,282,5.8100000000000005,0
2024-07-12,Beverages,West,59,558,5.956666666666666,0
2024-07-12,Dairy,North,940,6927,5.2075000000000005,1
2024-07-12,Dairy,South,933,6815,5.235957446808511,1
2024-07-12,Dairy,West,1063,7387,5.336875,1
2024-07-12,Instant Food,North,192,2022,4.673333333333333,1
2024-07-12,Instant Food,South,311,2322,6.153333333333333,1
2024-07-12,Instant Food,West,211,2072,5.8183333333333325,1
2024-07-12,Snacks,North,418,2427,5.048666666666667,1
2024-07-12,Snacks,South,365,2273,5.444,1
2024-07-12,Snacks,West,327,2605,5.336470588235294,1
2024-07-13,Beverages,North,85,646,6.1933333333333325,0
2024-07-13,Beverages,South,30,235,5.984999999999999,0
2024-07-13,Beverages,West,68,554,5.873333333333334,0
2024-07-13,Dairy,North,1079,7560,5.222666666666667,1
2024-07-13,Dairy,South,999,7183,5.293265306122449,1
2024-07-13,Dairy,West,904,6911,5.6432558139534885,1
2024-07-13,Instant Food,North,190,1953,6.491428571428571,1
2024-07-13,Instant Food,South,167,1510,6.063,1
2024-07-13,Instant Food,West,161,2015,6.294999999999999,1
2024-07-13,Snacks,North,365,2643,5.0988235294117645,1
2024-07-13,Snacks,South,261,2063,4.539166666666667,0
2024-07-13,Snacks,West,273,2390,5.508125,0
2024-07-14,Beverages,North,72,494,5.08,1
2024-07-14,Beverages,South,37,315,5.335,0
2024-07-14,Beverages,West,50,458,5.17,0
2024-07-14,Dairy,North,1008,7327,4.685,1
2024-07-14,Dairy,South,989,6909,5.137777777777777,1
2024-07-14,Dairy,West,1039,7323,5.354772727272728,1
2024-07-14,Instant Food,North,154,1710,4.278333333333333,0
2024-07-14,Instant Food,South,181,2091,5.5225,0
2024-07-14,Instant Food,West,231,1983,5.652857142857143,1
2024-07-14,Snacks,North,344,2550,4.825882352941176,1
2024-07-14,Snacks,South,351,2758,5.488823529411765,1
2024-07-14,Snacks,West,349,2607,4.955333333333333,1
2024-07-15,Beverages,North,49,476,5.556666666666668,0
2024-07-15,Beverages,South,69,568,5.0,0
2024-07-15,Beverages,West,76,587,7.899999999999999,0
2024-07-15,Dairy,North,1021,7316,5.528444444444444,1
2024-07-15,Dairy,South,992,6858,5.548478260869565,1
2024-07-15,Dairy,West,985,6955,5.051627906976744,1
2024-07-15,Instant Food,North,217,2069,5.578461538461538,1
2024-07-15,Instant Food,South,213,1996,4.976923076923077,1
2024-07-15,Instant Food,West,304,2208,5.201428571428571,1
2024-07-15,Snacks,North,326,2328,5.149375,1
2024-07-15,Snacks,South,317,2369,4.15625,1
2024-07-15,Snacks,West,364,2822,4.694705882352942,0
2024-07-16,Beverages,North,58,439,4.923333333333333,0
2024-07-16,Beverages,South,23,198,3.76,0
2024-07-16,Beverages,West,62,519,4.973333333333334,0
2024-07-16,Dairy,North,1102,8079,5.384,1
2024-07-16,Dairy,South,1055,7882,5.590416666666666,1
2024-07-16,Dairy,West,1163,7240,5.126086956521739,1
2024-07-16,Instant Food,North,274,2199,4.847142857142857,1
2024-07-16,Instant Food,South,167,1711,5.765833333333333,1
2024-07-16,Instant Food,West,181,1988,5.877692307692308,1
2024-07-16,Snacks,North,271,2172,5.482857142857143,1
2024-07-16,Snacks,South,263,2104,5.288571428571428,1
2024-07-16,Snacks,West,335,2446,5.1033333333333335,1
2024-07-17,Beverages,North,83,682,6.1933333333333325,0
2024-07-17,Beverages,South,142,451,5.16,1
2024-07-17,Beverages,West,97,415,5.16,1
2024-07-17,Dairy,North,834,6223,5.801904761904762,1
2024-07-17,Dairy,South,996,7593,6.151224489795918,1
2024-07-17,Dairy,West,938,7474,5.350408163265307,1
2024-07-17,Instant Food,North,221,2124,5.473333333333333,1
2024-07-17,Instant Food,South,163,1314,5.715555555555556,1
2024-07-17,Instant Food,West,241,2087,4.08,1
2024-07-17,Snacks,North,406,2582,5.494117647058824,1
2024-07-17,Snacks,South,274,1902,5.208461538461539,1
2024-07-17,Snacks,West,304,2072,5.92076923076923,1
2024-07-18,Beverages,North,56,504,3.796666666666667,0
2024-07-18,Beverages,South,54,436,2.62,0
2024-07-18,Beverages,West,36,297,5.716666666666666,1
2024-07-18,Dairy,North,1034,7058,5.001956521739131,1
2024-07-18,Dairy,South,1140,8186,5.620408163265306,1
2024-07-18,Dairy,West,1038,7525,4.941914893617021,1
2024-07-18,Instant Food,North,296,2415,5.315333333333333,1
2024-07-18,Instant Food,South,236,2464,5.95,1
2024-07-18,Instant Food,West,211,2197,4.792,1
2024-07-18,Snacks,North,392,2265,5.072857142857143,1
2024-07-18,Snacks,South,409,2591,5.617647058823529,1
2024-07-18,Snacks,West,319,1999,6.22,1
2024-07-19,Beverages,North,37,307,4.326666666666667,0
2024-07-19,Beverages,South,82,430,5.18,1
2024-07-19,Beverages,West,51,335,5.07,1
2024-07-19,Dairy,North,1147,7796,5.870208333333333,1
2024-07-19,Dairy,South,989,6606,5.362272727272727,1
2024-07-19,Dairy,West,1130,7561,4.809130434782609,1
2024-07-19,Instant Food,North,268,2312,6.399285714285715,1
2024-07-19,Instant Food,South,203,2068,4.38,0
2024-07-19,Instant Food,West,206,2097,5.592666666666667,1
2024-07-19,Snacks,North,257,2214,5.524615384615384,0
2024-07-19,Snacks,South,322,2030,5.257333333333333,1
2024-07-19,Snacks,West,340,2585,4.8,1
2024-07-20,Beverages,North,34,302,5.886666666666667,0
2024-07-20,Beverages,South,63,470,5.510000000000001,0
2024-07-20,Beverages,West,44,315,5.760000000000001,1
2024-07-20,Dairy,North,968,7591,5.1463636363636365,1
2024-07-20,Dairy,South,1048,7881,4.865106382978723,1
2024-07-20,Dairy,West,1161,7966,5.19625,1
2024-07-20,Instant Food,North,155,1444,5.443,1
2024-07-20,Instant Food,South,199,1800,5.244166666666667,1
2024-07-20,Instant Food,West,308,2615,4.129285714285714,1
2024-07-20,Snacks,North,343,1855,5.776153846153846,1
2024-07-20,Snacks,South,288,2180,5.501333333333333,1
2024-07-20,Snacks,West,240,1870,5.184166666666667,1
2024-07-21,Beverages,North,65,434,4.260000000000001,1
2024-07-21,Beverages,South,74,459,5.24,1
2024-07-21,Beverages,West,62,481,6.773333333333333,0
2024-07-21,Dairy,North,1018,6874,5.182666666666667,1
2024-07-21,Dairy,South,981,7142,5.0842857142857145,1
2024-07-21,Dairy,West,1121,8167,4.7932,1
2024-07-21,Instant Food,North,236,2140,5.070769230769231,1
2024-07-21,Instant Food,South,265,2545,6.401428571428572,1
2024-07-21,Instant Food,West,213,1754,4.776153846153846,1
2024-07-21,Snacks,North,374,2683,5.078235294117647,1
2024-07-21,Snacks,South,360,2182,5.461875,1
2024-07-21,Snacks,West,311,2386,4.605,1
2024-07-22,Beverages,North,81,514,8.12,1
2024-07-22,Beverages,South,43,241,6.32,1
2024-07-22,Beverages,West,92,479,5.763333333333333,1
2024-07-22,Dairy,North,1170,8802,5.0576,1
2024-07-22,Dairy,South,1107,7625,5.139787234042553,1
2024-07-22,Dairy,West,1020,7652,5.1762500000000005,1
2024-07-22,Instant Food,North,276,2528,4.821333333333333,1
2024-07-22,Instant Food,South,200,2198,4.6121428571428575,1
2024-07-22,Instant Food,West,321,2647,5.21,1
2024-07-22,Snacks,North,357,2463,5.748666666666667,1
2024-07-22,Snacks,South,425,2854,5.912000000000001,1
2024-07-22,Snacks,West,417,2854,5.045555555555556,1
2024-07-23,Beverages,North,45,436,4.576666666666667,0
2024-07-23,Beverages,South,53,522,3.1833333333333336,0
2024-07-23,Beverages,West,108,493,5.226666666666667,1
2024-07-23,Dairy,North,878,7016,5.080909090909091,1
2024-07-23,Dairy,South,920,6945,5.238541666666666,1
2024-07-23,Dairy,West,1173,8314,5.102083333333334,1
2024-07-23,Instant Food,North,197,1719,5.005454545454546,1
2024-07-23,Instant Food,South,191,1830,5.829090909090909,1
2024-07-23,Instant Food,West,150,1781,5.798333333333333,0
2024-07-23,Snacks,North,356,2621,5.654117647058824,1
2024-07-23,Snacks,South,342,2129,6.010769230769231,1
2024-07-23,Snacks,West,228,1431,4.751,1
2024-07-24,Beverages,North,48,347,6.61,0
2024-07-24,Beverages,South,55,499,3.0033333333333334,0
2024-07-24,Beverages,West,32,296,6.92,0
2024-07-24,Dairy,North,1031,7032,5.015217391304348,1
2024-07-24,Dairy,South,969,6986,5.193913043478261,1
2024-07-24,Dairy,West,1238,8090,5.081428571428572,1
2024-07-24,Instant Food,North,124,1467,6.598333333333333,0
2024-07-24,Instant Food,South,133,1345,6.253,0
2024-07-24,Instant Food,West,183,1786,5.013636363636364,1
2024-07-24,Snacks,North,325,2732,5.492222222222222,1
2024-07-24,Snacks,South,366,2683,4.871875,1
2024-07-24,Snacks,West,355,2666,5.23,1
2024-07-25,Beverages,North,137,671,6.609999999999999,1
2024-07-25,Beverages,South,73,423,7.1,1
2024-07-25,Beverages,West,27,209,5.824999999999999,0
2024-07-25,Dairy,North,1019,6997,5.150652173913044,1
2024-07-25,Dairy,South,1002,7109,5.603265306122449,1
2024-07-25,Dairy,West,1240,7493,5.1676,1
2024-07-25,Instant Food,North,253,1931,5.826923076923077,1
2024-07-25,Instant Food,South,268,2233,5.636666666666667,1
2024-07-25,Instant Food,West,215,2064,4.7907142857142855,1
2024-07-25,Snacks,North,291,2006,4.842,1
2024-07-25,Snacks,South,315,2370,4.634285714285714,1
2024-07-25,Snacks,West,365,2792,5.121176470588235,1
2024-07-26,Beverages,North,85,500,7.34,1
2024-07-26,Beverages,South,78,592,5.56,1
2024-07-26,Beverages,West,51,423,6.1433333333333335,0
2024-07-26,Dairy,North,1026,7282,5.141702127659574,1
2024-07-26,Dairy,South,960,6321,5.235,1
2024-07-26,Dairy,West,1030,6912,5.753111111111111,1
2024-07-26,Instant Food,North,236,2352,5.232857142857143,1
2024-07-26,Instant Food,South,206,2126,6.783076923076924,1
2024-07-26,Instant Food,West,196,1994,4.574166666666667,1
2024-07-26,Snacks,North,272,2367,5.383571428571429,0
2024-07-26,Snacks,South,351,2495,4.9475,1
2024-07-26,Snacks,West,434,2906,5.728235294117646,1
2024-07-27,Beverages,North,22,244,2.295,0
2024-07-27,Beverages,South,72,463,6.1850000000000005,0
2024-07-27,Beverages,West,71,482,3.93,0
2024-07-27,Dairy,North,1139,7683,5.082826086956522,1
2024-07-27,Dairy,South,885,6825,5.062978723404256,1
2024-07-27,Dairy,West,966,7507,5.245434782608696,1
2024-07-27,Instant Food,North,207,1656,5.981538461538462,1
2024-07-27,Instant Food,South,180,2007,6.145714285714285,0
2024-07-27,Instant Food,West,214,1997,6.363846153846154,1
2024-07-27,Snacks,North,383,2473,5.426666666666667,1
2024-07-27,Snacks,South,361,2843,6.654117647058824,1
2024-07-27,Snacks,West,321,2226,4.962,1
2024-07-28,Beverages,North,42,373,6.265000000000001,0
2024-07-28,Beverages,South,9,86,2.24,0
2024-07-28,Beverages,West,44,386,5.503333333333334,0
2024-07-28,Dairy,North,1050,6852,5.602093023255813,1
2024-07-28,Dairy,South,932,7418,5.336666666666667,1
2024-07-28,Dairy,West,951,6164,5.32425,1
2024-07-28,Instant Food,North,203,2123,5.327692307692308,0
2024-07-28,Instant Food,South,278,2745,5.629333333333333,1
2024-07-28,Instant Food,West,174,1729,5.092727272727273,1
2024-07-28,Snacks,North,358,2312,5.355333333333333,1
2024-07-28,Snacks,South,449,3031,5.593333333333334,1
2024-07-28,Snacks,West,315,2447,4.740666666666667,0
2024-07-29,Beverages,North,70,426,6.353333333333334,1
2024-07-29,Beverages,South,14,150,3.145,1
2024-07-29,Beverages,West,53,435,3.005,0
2024-07-29,Dairy,North,986,6508,5.209761904761905,1
2024-07-29,Dairy,South,1048,6898,5.111111111111111,1
2024-07-29,Dairy,West,1089,7477,5.292826086956522,1
2024-07-29,Instant Food,North,234,2216,5.396428571428571,1
2024-07-29,Instant Food,South,351,2879,5.410666666666667,1
2024-07-29,Instant Food,West,207,2339,4.4,0
2024-07-29,Snacks,North,360,2353,5.427333333333333,1
2024-07-29,Snacks,South,338,2517,6.248823529411764,1
2024-07-29,Snacks,West,413,3117,5.526111111111111,1
2024-07-30,Beverages,North,57,459,5.383333333333333,1
2024-07-30,Beverages,South,94,526,4.173333333333333,1
2024-07-30,Beverages,West,123,427,6.27,1
2024-07-30,Dairy,North,1237,8671,5.193076923076924,1
2024-07-30,Dairy,South,1008,7031,5.040666666666667,1
2024-07-30,Dairy,West,1116,8445,4.872,1
2024-07-30,Instant Food,North,205,2163,5.61,1
2024-07-30,Instant Food,South,296,2214,5.220714285714286,1
2024-07-30,Instant Food,West,203,1951,4.770833333333333,1
2024-07-30,Snacks,North,347,2627,4.511176470588235,1
2024-07-30,Snacks,South,458,3136,5.224444444444444,1
2024-07-30,Snacks,West,313,2281,5.59,0
2024-07-31,Beverages,North,86,656,3.286666666666666,0
2024-07-31,Beverages,South,149,640,4.8133333333333335,1
2024-07-31,Beverages,West,39,390,4.463333333333334,0
2024-07-31,Dairy,North,1092,6815,5.211777777777778,1
2024-07-31,Dairy,South,1172,8050,5.327346938775511,1
2024-07-31,Dairy,West,1019,7448,4.773555555555555,1
2024-07-31,Instant Food,North,241,2177,6.204285714285715,1
2024-07-31,Instant Food,South,183,1911,5.7469230769230775,1
2024-07-31,Instant Food,West,240,2225,5.221428571428571,1
2024-07-31,Snacks,North,332,2596,4.562666666666667,0
2024-07-31,Snacks,South,325,2311,5.330666666666668,1
2024-07-31,Snacks,West,325,2382,4.984666666666667,1
2024-08-01,Beverages,North,60,515,4.373333333333333,0
2024-08-01,Beverages,South,56,462,5.056666666666667,0
2024-08-01,Beverages,West,28,320,5.1,0
2024-08-01,Dairy,North,760,6555,4.8905,1
2024-08-01,Dairy,South,729,6135,5.252439024390244,1
2024-08-01,Dairy,West,788,6449,4.8219512195121945,1
2024-08-01,Instant Food,North,240,2112,5.888461538461538,1
2024-08-01,Instant Food,South,183,1909,5.5633333333333335,0
2024-08-01,Instant Food,West,213,2167,5.698333333333333,1
2024-08-01,Snacks,North,377,2215,5.615333333333334,1
2024-08-01,Snacks,South,317,2201,5.074375,1
2024-08-01,Snacks,West,423,2614,5.359333333333334,1
2024-08-02,Beverages,North,23,310,5.235,0
2024-08-02,Beverages,South,58,500,6.273333333333333,0
2024-08-02,Beverages,West,67,491,3.3266666666666667,1
2024-08-02,Dairy,North,903,7196,5.722173913043479,1
2024-08-02,Dairy,South,856,6994,5.111162790697675,1
2024-08-02,Dairy,West,863,7084,5.196818181818181,1
2024-08-02,Instant Food,North,150,1596,4.608,1
2024-08-02,Instant Food,South,218,2117,5.41,1
2024-08-02,Instant Food,West,86,960,5.875714285714286,0
2024-08-02,Snacks,North,288,2348,3.792,1
2024-08-02,Snacks,South,286,2294,5.60375,1
2024-08-02,Snacks,West,357,2486,4.8221428571428575,1
2024-08-03,Beverages,North,65,245,8.84,1
2024-08-03,Beverages,South,54,540,3.083333333333333,0
2024-08-03,Beverages,West,63,372,4.745,1
2024-08-03,Dairy,North,893,7474,5.2970212765957445,1
2024-08-03,Dairy,South,756,6565,5.32195652173913,1
2024-08-03,Dairy,West,848,6710,5.961162790697674,1
2024-08-03,Instant Food,North,241,2410,5.633846153846154,1
2024-08-03,Instant Food,South,217,1929,4.87,1
2024-08-03,Instant Food,West,255,2327,5.312857142857142,1
2024-08-03,Snacks,North,314,2274,5.807333333333333,1
2024-08-03,Snacks,South,225,1537,4.807272727272728,1
2024-08-03,Snacks,West,174,1390,5.313000000000001,0
2024-08-04,Beverages,North,42,345,5.466666666666666,0
2024-08-04,Beverages,South,9,81,4.36,0
2024-08-04,Beverages,West,51,410,5.686666666666667,0
2024-08-04,Dairy,North,1024,7672,5.531041666666667,1
2024-08-04,Dairy,South,967,7656,5.457708333333333,1
2024-08-04,Dairy,West,912,7766,4.680588235294118,1
2024-08-04,Instant Food,North,313,2299,4.5873333333333335,1
2024-08-04,Instant Food,South,154,1814,5.747692307692308,0
2024-08-04,Instant Food,West,263,2422,4.935333333333333,1
2024-08-04,Snacks,North,327,2502,6.665333333333334,1
2024-08-04,Snacks,South,369,2669,5.758125,1
2024-08-04,Snacks,West,324,2360,4.875,1
2024-08-05,Beverages,North,18,175,7.87,0
2024-08-05,Beverages,South,78,535,6.896666666666666,1
2024-08-05,Beverages,West,54,578,5.1066666666666665,0
2024-08-05,Dairy,North,874,7409,4.974565217391304,1
2024-08-05,Dairy,South,915,7312,4.867,1
2024-08-05,Dairy,West,892,7245,5.306170212765958,1
2024-08-05,Instant Food,North,141,1229,5.593333333333334,1
2024-08-05,Instant Food,South,199,1852,4.036923076923077,1
2024-08-05,Instant Food,West,172,1638,6.095833333333334,1
2024-08-05,Snacks,North,381,2329,5.527058823529411,1
2024-08-05,Snacks,South,426,2930,4.92,1
2024-08-05,Snacks,West,345,2251,4.112857142857143,1
2024-08-06,Beverages,North,72,303,5.609999999999999,1
2024-08-06,Beverages,South,39,281,7.814999999999999,1
2024-08-06,Beverages,West,36,314,4.390000000000001,0
2024-08-06,Dairy,North,876,7070,5.353863636363636,1
2024-08-06,Dairy,South,970,7478,4.816170212765957,1
2024-08-06,Dairy,West,950,7523,5.095652173913043,1
2024-08-06,Instant Food,North,201,1998,5.098461538461539,1
2024-08-06,Instant Food,South,264,2302,6.212142857142857,1
2024-08-06,Instant Food,West,270,2437,5.612857142857143,1
2024-08-06,Snacks,North,202,1728,4.718461538461538,0
2024-08-06,Snacks,South,352,2662,5.331875,1
2024-08-06,Snacks,West,352,2553,5.526666666666667,1
2024-08-07,Beverages,North,17,189,6.47,0
2024-08-07,Beverages,South,37,495,7.580000000000001,0
2024-08-07,Beverages,West,9,104,2.33,0
2024-08-07,Dairy,North,916,8049,4.933333333333334,1
2024-08-07,Dairy,South,887,7129,5.223260869565218,1
2024-08-07,Dairy,West,863,7569,5.042608695652175,1
2024-08-07,Instant Food,North,202,1925,4.9425,1
2024-08-07,Instant Food,South,150,1601,4.886363636363637,0
2024-08-07,Instant Food,West,194,2020,4.374615384615385,1
2024-08-07,Snacks,North,270,1989,6.03,1
2024-08-07,Snacks,South,305,1946,4.368461538461538,1
2024-08-07,Snacks,West,434,2873,5.412777777777778,1
2024-08-08,Beverages,North,48,377,4.065,0
2024-08-08,Beverages,South,53,467,2.286666666666666,0
2024-08-08,Beverages,West,52,468,6.34,0
2024-08-08,Dairy,North,981,7424,4.906122448979592,1
2024-08-08,Dairy,South,810,6999,5.130000000000001,1
2024-08-08,Dairy,West,1003,8111,5.6021568627450975,1
2024-08-08,Instant Food,North,271,2243,5.255714285714285,1
2024-08-08,Instant Food,South,180,1561,5.2010000000000005,1
2024-08-08,Instant Food,West,203,1770,5.809230769230769,1
2024-08-08,Snacks,North,351,2674,4.3275,1
2024-08-08,Snacks,South,452,3043,5.95529411764706,1
2024-08-08,Snacks,West,316,2279,4.634,1
2024-08-09,Beverages,North,21,313,4.359999999999999,0
2024-08-09,Beverages,South,39,356,5.87,1
2024-08-09,Beverages,West,48,491,5.773333333333333,0
2024-08-09,Dairy,North,756,6462,5.026222222222223,1
2024-08-09,Dairy,South,935,7381,5.826739130434782,1
2024-08-09,Dairy,West,845,6773,5.085813953488372,1
2024-08-09,Instant Food,North,262,2012,5.88,1
2024-08-09,Instant Food,South,262,1991,3.878461538461538,1
2024-08-09,Instant Food,West,180,1754,4.213333333333334,1
2024-08-09,Snacks,North,318,2620,5.971875,1
2024-08-09,Snacks,South,358,2549,3.707333333333333,1
2024-08-09,Snacks,West,371,2671,4.8453333333333335,1
2024-08-10,Beverages,North,78,607,6.18,1
2024-08-10,Beverages,South,23,288,5.675,0
2024-08-10,Beverages,West,52,490,4.663333333333333,0
2024-08-10,Dairy,North,882,6851,5.438571428571429,1
2024-08-10,Dairy,South,744,6646,5.6041304347826095,1
2024-08-10,Dairy,West,984,8199,4.958510638297873,1
2024-08-10,Instant Food,North,237,2013,5.230714285714286,1
2024-08-10,Instant Food,South,276,2379,4.974,1
2024-08-10,Instant Food,West,180,1842,4.917692307692308,1
2024-08-10,Snacks,North,307,2312,5.092,1
2024-08-10,Snacks,South,323,2463,5.0588235294117645,1
2024-08-10,Snacks,West,265,2061,4.698571428571428,1
2024-08-11,Beverages,North,32,289,6.795,0
2024-08-11,Beverages,South,11,134,8.08,0
2024-08-11,Beverages,West,37,314,3.5966666666666662,0
2024-08-11,Dairy,North,835,6747,4.964666666666667,1
2024-08-11,Dairy,South,857,6815,4.99170731707317,1
2024-08-11,Dairy,West,919,7454,4.906279069767442,1
2024-08-11,Instant Food,North,162,1702,6.709166666666667,1
2024-08-11,Instant Food,South,239,2090,5.670833333333333,1
2024-08-11,Instant Food,West,202,2060,5.235333333333333,1
2024-08-11,Snacks,North,387,2918,5.668823529411765,1
2024-08-11,Snacks,South,360,2450,5.133333333333334,1
2024-08-11,Snacks,West,345,2374,5.233333333333333,1
2024-08-12,Beverages,North,53,487,6.543333333333333,0
2024-08-12,Beverages,South,44,259,3.95,1
2024-08-12,Beverages,West,36,359,2.885,0
2024-08-12,Dairy,North,1033,7726,4.966530612244898,1
2024-08-12,Dairy,South,757,6068,4.966666666666667,1
2024-08-12,Dairy,West,894,7870,4.880652173913044,1
2024-08-12,Instant Food,North,279,2647,4.855,1
2024-08-12,Instant Food,South,166,1562,4.75,1
2024-08-12,Instant Food,West,204,2138,5.983076923076923,1
2024-08-12,Snacks,North,335,2559,4.189375,1
2024-08-12,Snacks,South,304,2733,5.814117647058824,1
2024-08-12,Snacks,West,317,2266,6.132307692307692,1
2024-08-13,Beverages,North,64,395,5.905,1
2024-08-13,Beverages,South,36,235,6.010000000000001,1
2024-08-13,Beverages,West,38,367,5.203333333333333,0
2024-08-13,Dairy,North,866,6845,5.0508510638297865,1
2024-08-13,Dairy,South,861,7317,5.477234042553191,1
2024-08-13,Dairy,West,958,7639,5.0633333333333335,1
2024-08-13,Instant Food,North,107,1195,4.161111111111111,0
2024-08-13,Instant Food,South,205,1828,5.678461538461538,1
2024-08-13,Instant Food,West,237,2395,3.231428571428572,1
2024-08-13,Snacks,North,335,2626,5.416666666666667,1
2024-08-13,Snacks,South,248,1883,5.754285714285714,1
2024-08-13,Snacks,West,343,2444,4.8566666666666665,1
2024-08-14,Beverages,North,71,697,4.17,0
2024-08-14,Beverages,South,62,604,5.17,0
2024-08-14,Beverages,West,34,383,2.935,0
2024-08-14,Dairy,North,848,6784,5.635111111111112,1
2024-08-14,Dairy,South,972,7671,5.306170212765958,1
2024-08-14,Dairy,West,724,6682,5.354888888888889,1
2024-08-14,Instant Food,North,226,2046,4.989230769230769,1
2024-08-14,Instant Food,South,257,2114,5.956428571428572,1
2024-08-14,Instant Food,West,226,2024,5.3758333333333335,1
2024-08-14,Snacks,North,407,2915,4.83875,1
2024-08-14,Snacks,South,317,2328,5.266428571428572,1
2024-08-14,Snacks,West,395,3138,5.06,1
2024-08-15,Beverages,North,47,525,4.346666666666667,0
2024-08-15,Beverages,South,34,324,6.476666666666667,0
2024-08-15,Beverages,West,36,351,5.836666666666667,0
2024-08-15,Dairy,North,936,6562,5.064222222222222,1
2024-08-15,Dairy,South,887,6957,5.243777777777778,1
2024-08-15,Dairy,West,859,7304,5.169591836734694,1
2024-08-15,Instant Food,North,217,1922,5.703636363636364,1
2024-08-15,Instant Food,South,209,1774,5.405,1
2024-08-15,Instant Food,West,165,1601,4.58,1
2024-08-15,Snacks,North,321,2269,5.524375,1
2024-08-15,Snacks,South,286,2291,4.4075,1
2024-08-15,Snacks,West,280,2133,5.3100000000000005,1
2024-08-16,Beverages,North,36,332,6.706666666666666,0
2024-08-16,Beverages,South,24,144,1.58,1
2024-08-16,Beverages,West,41,330,4.03,0
2024-08-16,Dairy,North,742,6675,4.884666666666667,1
2024-08-16,Dairy,South,811,7000,5.352619047619048,1
2024-08-16,Dairy,West,963,7289,5.316666666666667,1
2024-08-16,Instant Food,North,243,2424,4.673571428571429,1
2024-08-16,Instant Food,South,210,1829,5.449285714285715,1
2024-08-16,Instant Food,West,219,2073,6.147857142857142,1
2024-08-16,Snacks,North,335,2302,5.360625,1
2024-08-16,Snacks,South,307,2485,5.074705882352941,0
2024-08-16,Snacks,West,321,2126,5.136153846153846,1
2024-08-17,Beverages,North,43,431,4.006666666666667,0
2024-08-17,Beverages,South,32,199,1.935,1
2024-08-17,Beverages,West,21,231,5.545,0
2024-08-17,Dairy,North,863,7233,5.607727272727273,1
2024-08-17,Dairy,South,884,7236,5.308409090909091,1
2024-08-17,Dairy,West,991,7999,5.710408163265306,1
2024-08-17,Instant Food,North,172,1812,5.828181818181818,0
2024-08-17,Instant Food,South,255,2088,4.958461538461539,1
2024-08-17,Instant Food,West,210,2027,4.746923076923077,0
2024-08-17,Snacks,North,253,2041,5.743846153846154,1
2024-08-17,Snacks,South,382,2703,4.8020000000000005,1
2024-08-17,Snacks,West,332,2555,5.19875,1
2024-08-18,Beverages,North,41,309,8.434999999999999,1
2024-08-18,Beverages,South,89,616,6.05,0
2024-08-18,Beverages,West,92,532,4.333333333333333,1
2024-08-18,Dairy,North,846,7127,5.517872340425531,1
2024-08-18,Dairy,South,893,7298,5.301333333333333,1
2024-08-18,Dairy,West,880,7608,5.244130434782608,1
2024-08-18,Instant Food,North,241,2233,5.542857142857143,1
2024-08-18,Instant Food,South,265,2129,4.4675,1
2024-08-18,Instant Food,West,253,2014,5.476153846153846,1
2024-08-18,Snacks,North,286,2248,5.727142857142858,1
2024-08-18,Snacks,South,349,2523,5.096,1
2024-08-18,Snacks,West,359,2628,5.8966666666666665,1
2024-08-19,Beverages,North,51,316,5.630000000000001,1
2024-08-19,Beverages,South,38,285,6.29,0
2024-08-19,Beverages,West,38,257,4.8100000000000005,0
2024-08-19,Dairy,North,714,6578,5.033095238095238,1
2024-08-19,Dairy,South,815,6682,5.404285714285714,1
2024-08-19,Dairy,West,973,7607,5.492244897959184,1
2024-08-19,Instant Food,North,188,1703,6.5590909090909095,1
2024-08-19,Instant Food,South,292,2658,4.582142857142857,1
2024-08-19,Instant Food,West,160,1688,5.205,1
2024-08-19,Snacks,North,362,2681,5.68625,1
2024-08-19,Snacks,South,310,2474,4.78,1
2024-08-19,Snacks,West,294,2330,5.113571428571428,1
2024-08-20,Beverages,North,74,561,7.91,1
2024-08-20,Beverages,South,48,326,7.130000000000001,1
2024-08-20,Beverages,West,49,436,5.903333333333333,0
2024-08-20,Dairy,North,850,7019,5.019333333333334,1
2024-08-20,Dairy,South,811,6883,5.890222222222223,1
2024-08-20,Dairy,West,812,6721,4.8569047619047625,1
2024-08-20,Instant Food,North,278,2223,5.923333333333333,1
2024-08-20,Instant Food,South,209,2262,5.406923076923077,1
2024-08-20,Instant Food,West,161,1706,5.658333333333334,1
2024-08-20,Snacks,North,353,2721,5.844374999999999,1
2024-08-20,Snacks,South,256,2016,5.591333333333334,0
2024-08-20,Snacks,West,342,2149,5.741875,1
2024-08-21,Beverages,North,65,565,4.843333333333334,0
2024-08-21,Beverages,South,60,528,6.026666666666666,0
2024-08-21,Beverages,West,53,486,5.616666666666666,0
2024-08-21,Dairy,North,855,6900,5.316739130434782,1
2024-08-21,Dairy,South,922,7205,4.892444444444444,1
2024-08-21,Dairy,West,1192,8615,4.665094339622642,1
2024-08-21,Instant Food,North,163,1867,6.5633333333333335,0
2024-08-21,Instant Food,South,262,2548,5.966666666666667,1
2024-08-21,Instant Food,West,293,2279,4.875714285714286,1
2024-08-21,Snacks,North,291,2331,4.5825,0
2024-08-21,Snacks,South,371,2501,3.899333333333333,1
2024-08-21,Snacks,West,315,2281,4.05625,1
2024-08-22,Beverages,North,37,283,5.155,0
2024-08-22,Beverages,South,58,383,4.316666666666666,1
2024-08-22,Beverages,West,25,251,4.815,0
2024-08-22,Dairy,North,837,7312,5.223111111111111,1
2024-08-22,Dairy,South,870,7035,5.601111111111111,1
2024-08-22,Dairy,West,896,6984,5.331276595744681,1
2024-08-22,Instant Food,North,268,2446,5.086428571428572,1
2024-08-22,Instant Food,South,213,1673,5.2058333333333335,1
2024-08-22,Instant Food,West,217,1896,6.840769230769231,1
2024-08-22,Snacks,North,361,2354,4.6975,1
2024-08-22,Snacks,South,238,1727,5.161538461538461,1
2024-08-22,Snacks,West,309,2080,5.447692307692307,1
2024-08-23,Beverages,North,63,534,4.88,0
2024-08-23,Beverages,South,54,484,6.633333333333333,0
2024-08-23,Beverages,West,73,403,6.093333333333333,1
2024-08-23,Dairy,North,891,7366,5.1657142857142855,1
2024-08-23,Dairy,South,921,7372,4.446818181818181,1
2024-08-23,Dairy,West,791,6459,4.964615384615385,1
2024-08-23,Instant Food,North,317,2264,5.646923076923077,1
2024-08-23,Instant Food,South,215,2366,6.03,0
2024-08-23,Instant Food,West,208,2094,4.507692307692308,1
2024-08-23,Snacks,North,251,2190,6.507857142857143,0
2024-08-23,Snacks,South,218,1780,5.987500000000001,1
2024-08-23,Snacks,West,384,2145,5.945714285714286,1
2024-08-24,Beverages,North,92,438,5.536666666666666,1
2024-08-24,Beverages,South,51,349,6.443333333333334,1
2024-08-24,Beverages,West,39,377,6.703333333333333,0
2024-08-24,Dairy,North,734,6216,4.840487804878049,1
2024-08-24,Dairy,South,939,7538,4.6879591836734695,1
2024-08-24,Dairy,West,1147,8151,5.359999999999999,1
2024-08-24,Instant Food,North,216,1956,4.585384615384616,1
2024-08-24,Instant Food,South,229,2333,5.366153846153846,1
2024-08-24,Instant Food,West,215,2294,5.804285714285714,1
2024-08-24,Snacks,North,384,2556,4.2821428571428575,1
2024-08-24,Snacks,South,317,2339,5.730666666666666,1
2024-08-24,Snacks,West,397,2625,4.462941176470588,1
2024-08-25,Beverages,North,44,386,6.94,0
2024-08-25,Beverages,South,55,463,3.18,0
2024-08-25,Beverages,West,52,439,8.075,0
2024-08-25,Dairy,North,862,6769,5.4525,1
2024-08-25,Dairy,South,1010,7586,5.403777777777777,1
2024-08-25,Dairy,West,992,7620,5.462173913043478,1
2024-08-25,Instant Food,North,287,2208,5.493571428571428,1
2024-08-25,Instant Food,South,216,2188,6.359166666666667,1
2024-08-25,Instant Food,West,155,1813,4.456428571428572,0
2024-08-25,Snacks,North,342,2459,5.610714285714286,1
2024-08-25,Snacks,South,348,2392,5.298571428571429,1
2024-08-25,Snacks,West,271,2383,5.185333333333333,1
2024-08-26,Beverages,North,68,284,3.135,1
2024-08-26,Beverages,South,30,315,5.663333333333334,0
2024-08-26,Beverages,West,66,576,4.62,0
2024-08-26,Dairy,North,1110,8482,5.607872340425532,1
2024-08-26,Dairy,South,946,7580,4.821428571428571,1
2024-08-26,Dairy,West,1000,7541,5.061111111111111,1
2024-08-26,Instant Food,North,141,1138,4.82375,1
2024-08-26,Instant Food,South,169,1367,6.068,1
2024-08-26,Instant Food,West,211,2060,5.943333333333334,1
2024-08-26,Snacks,North,348,2150,5.8693333333333335,1
2024-08-26,Snacks,South,293,2330,4.756428571428572,1
2024-08-26,Snacks,West,377,2456,5.502,1
2024-08-27,Beverages,North,42,447,4.31,0
2024-08-27,Beverages,South,60,489,6.053333333333334,1
2024-08-27,Beverages,West,27,215,7.665,0
2024-08-27,Dairy,North,812,6535,5.473333333333334,1
2024-08-27,Dairy,South,935,7031,5.595813953488372,1
2024-08-27,Dairy,West,829,6888,4.997234042553192,1
2024-08-27,Instant Food,North,253,2114,5.1571428571428575,1
2024-08-27,Instant Food,South,232,2462,5.393571428571429,1
2024-08-27,Instant Food,West,169,1860,4.696153846153846,1
2024-08-27,Snacks,North,317,2276,5.689333333333334,1
2024-08-27,Snacks,South,395,2571,5.93125,1
2024-08-27,Snacks,West,354,2395,5.665,1
2024-08-28,Beverages,North,54,341,5.0633333333333335,1
2024-08-28,Beverages,South,39,408,5.486666666666667,0
2024-08-28,Beverages,West,10,119,2.425,1
2024-08-28,Dairy,North,793,6001,5.245526315789474,1
2024-08-28,Dairy,South,748,6636,6.011590909090909,1
2024-08-28,Dairy,West,789,6326,4.496363636363636,1
2024-08-28,Instant Food,North,235,1992,5.908461538461538,1
2024-08-28,Instant Food,South,212,1892,4.918461538461538,1
2024-08-28,Instant Food,West,192,1960,4.180833333333333,1
2024-08-28,Snacks,North,336,2245,4.374666666666667,1
2024-08-28,Snacks,South,334,2237,4.57125,1
2024-08-28,Snacks,West,344,2373,6.244117647058824,1
2024-08-29,Beverages,North,58,610,3.11,0
2024-08-29,Beverages,South,45,372,5.523333333333333,1
2024-08-29,Beverages,West,15,149,2.09,0
2024-08-29,Dairy,North,840,7137,5.384651162790697,1
2024-08-29,Dairy,South,815,7337,5.867755102040816,1
2024-08-29,Dairy,West,878,6880,5.2555813953488375,1
2024-08-29,Instant Food,North,220,2210,5.335,1
2024-08-29,Instant Food,South,194,1806,6.141538461538461,1
2024-08-29,Instant Food,West,149,1593,5.079,0
2024-08-29,Snacks,North,318,2625,5.163529411764706,1
2024-08-29,Snacks,South,353,2642,4.966875,1
2024-08-29,Snacks,West,404,2945,5.18,1
2024-08-30,Beverages,North,49,459,6.253333333333334,0
2024-08-30,Beverages,South,46,408,4.77,0
2024-08-30,Beverages,West,71,557,3.4166666666666665,1
2024-08-30,Dairy,North,1049,7490,5.182549019607843,1
2024-08-30,Dairy,South,866,6570,5.459302325581396,1
2024-08-30,Dairy,West,813,7342,5.836382978723404,1
2024-08-30,Instant Food,North,201,2087,5.197857142857143,0
2024-08-30,Instant Food,South,206,2110,5.223076923076923,1
2024-08-30,Instant Food,West,212,1979,4.717272727272728,1
2024-08-30,Snacks,North,357,2471,5.2525,1
2024-08-30,Snacks,South,414,2660,4.938125,1
2024-08-30,Snacks,West,447,2835,4.4575000000000005,1
2024-08-31,Beverages,North,47,479,5.16,0
2024-08-31,Beverages,South,42,425,5.7,0
2024-08-31,Beverages,West,46,351,7.08,0
2024-08-31,Dairy,North,850,6840,5.526666666666666,1
2024-08-31,Dairy,South,814,7278,5.185652173913043,1
2024-08-31,Dairy,West,797,7070,5.115227272727273,1
2024-08-31,Instant Food,North,186,1794,4.6450000000000005,1
2024-08-31,Instant Food,South,280,2469,4.886666666666667,1
2024-08-31,Instant Food,West,258,2175,4.887333333333333,1
2024-08-31,Snacks,North,387,2388,5.121176470588235,1
2024-08-31,Snacks,South,343,2272,4.297692307692308,1
2024-08-31,Snacks,West,335,2531,5.555,0
2024-09-01,Beverages,North,61,497,2.703333333333333,1
2024-09-01,Beverages,South,45,461,4.263333333333333,1
2024-09-01,Beverages,West,41,390,4.243333333333333,1
2024-09-01,Dairy,North,695,7319,4.984565217391304,1
2024-09-01,Dairy,South,643,6494,5.497209302325581,1
2024-09-01,Dairy,West,823,7386,5.395625,1
2024-09-01,Instant Food,North,188,1831,5.884545454545455,1
2024-09-01,Instant Food,South,248,2398,4.309285714285714,1
2024-09-01,Instant Food,West,216,1915,4.7250000000000005,1
2024-09-01,Snacks,North,260,2202,5.28,1
2024-09-01,Snacks,South,334,2652,4.70875,1
2024-09-01,Snacks,West,292,2657,5.495625,0
2024-09-02,Beverages,North,64,584,7.036666666666666,1
2024-09-02,Beverages,South,56,516,6.213333333333334,1
2024-09-02,Beverages,West,20,242,3.91,0
2024-09-02,Dairy,North,726,7737,5.094468085106383,1
2024-09-02,Dairy,South,820,7499,5.306808510638297,1
2024-09-02,Dairy,West,826,8129,5.187446808510638,1
2024-09-02,Instant Food,North,177,1933,5.037692307692307,0
2024-09-02,Instant Food,South,232,2350,5.520769230769231,1
2024-09-02,Instant Food,West,115,1350,6.395454545454545,1
2024-09-02,Snacks,North,377,2751,4.562666666666667,1
2024-09-02,Snacks,South,292,2260,5.254705882352941,1
2024-09-02,Snacks,West,274,2223,5.914444444444445,1
2024-09-03,Beverages,North,21,286,3.99,0
2024-09-03,Beverages,South,83,505,5.0200000000000005,1
2024-09-03,Beverages,West,36,297,2.64,0
2024-09-03,Dairy,North,710,6787,5.674418604651163,1
2024-09-03,Dairy,South,696,6286,4.727272727272728,1
2024-09-03,Dairy,West,604,6373,5.123658536585365,1
2024-09-03,Instant Food,North,237,1978,4.603636363636364,1
2024-09-03,Instant Food,South,254,2349,5.078333333333333,1
2024-09-03,Instant Food,West,247,1786,4.325833333333333,1
2024-09-03,Snacks,North,323,2445,5.546666666666667,1
2024-09-03,Snacks,South,313,2407,5.21875,1
2024-09-03,Snacks,West,329,2344,5.736666666666666,1
2024-09-04,Beverages,North,41,428,6.726666666666667,0
2024-09-04,Beverages,South,48,517,4.12,1
2024-09-04,Beverages,West,55,543,2.283333333333333,1
2024-09-04,Dairy,North,648,5991,5.408461538461538,1
2024-09-04,Dairy,South,840,8194,5.401538461538461,1
2024-09-04,Dairy,West,754,6785,5.622222222222222,1
2024-09-04,Instant Food,North,211,2126,5.545714285714285,0
2024-09-04,Instant Food,South,268,2326,6.165384615384616,1
2024-09-04,Instant Food,West,227,2160,4.944285714285714,0
2024-09-04,Snacks,North,287,2307,4.9675,1
2024-09-04,Snacks,South,331,2153,4.985714285714286,1
2024-09-04,Snacks,West,278,2338,4.965714285714285,1
2024-09-05,Beverages,North,73,525,4.183333333333334,1
2024-09-05,Beverages,South,49,358,7.365,1
2024-09-05,Beverages,West,6,107,4.92,0
2024-09-05,Dairy,North,785,7136,5.3675,1
2024-09-05,Dairy,South,725,7537,5.22875,1
2024-09-05,Dairy,West,773,6988,5.122,1
2024-09-05,Instant Food,North,222,1993,5.75076923076923,1
2024-09-05,Instant Food,South,264,2329,5.556,1
2024-09-05,Instant Food,West,274,2334,6.193571428571429,1
2024-09-05,Snacks,North,269,2052,3.982857142857143,1
2024-09-05,Snacks,South,285,2296,4.993571428571428,1
2024-09-05,Snacks,West,279,1998,4.230714285714286,1
2024-09-06,Beverages,North,24,291,7.140000000000001,1
2024-09-06,Beverages,South,38,464,6.4,0
2024-09-06,Beverages,West,0,0,7.68,1
2024-09-06,Dairy,North,684,6414,5.1171428571428565,1
2024-09-06,Dairy,South,743,7258,4.754347826086956,1
2024-09-06,Dairy,West,801,7534,5.110588235294117,1
2024-09-06,Instant Food,North,261,2383,5.010714285714285,1
2024-09-06,Instant Food,South,190,1647,5.081818181818182,1
2024-09-06,Instant Food,West,213,1987,5.672499999999999,1
2024-09-06,Snacks,North,336,2458,5.792,1
2024-09-06,Snacks,South,231,2080,5.550714285714285,1
2024-09-06,Snacks,West,262,2187,5.53923076923077,1
2024-09-07,Beverages,North,44,518,4.433333333333334,0
2024-09-07,Beverages,South,11,87,8.12,0
2024-09-07,Beverages,West,41,492,5.696666666666666,0
2024-09-07,Dairy,North,827,7583,5.688163265306122,1
2024-09-07,Dairy,South,795,7068,5.312325581395349,1
2024-09-07,Dairy,West,946,8312,5.418163265306123,1
2024-09-07,Instant Food,North,250,2443,4.839285714285714,0
2024-09-07,Instant Food,South,225,2082,5.864166666666667,1
2024-09-07,Instant Food,West,144,1520,4.722,1
2024-09-07,Snacks,North,183,1635,4.912307692307692,1
2024-09-07,Snacks,South,257,2201,4.441538461538461,1
2024-09-07,Snacks,West,265,2236,6.161428571428572,0
2024-09-08,Beverages,North,12,184,6.3,0
2024-09-08,Beverages,South,45,455,2.37,0
2024-09-08,Beverages,West,60,437,5.666666666666667,1
2024-09-08,Dairy,North,735,7026,4.922340425531915,1
2024-09-08,Dairy,South,778,7287,5.0458,1
2024-09-08,Dairy,West,887,7913,5.087659574468085,1
2024-09-08,Instant Food,North,220,2114,5.216666666666667,1
2024-09-08,Instant Food,South,203,1700,4.987272727272727,1
2024-09-08,Instant Food,West,181,1925,5.445384615384615,1
2024-09-08,Snacks,North,254,2083,5.42,1
2024-09-08,Snacks,South,331,2631,5.61375,0
2024-09-08,Snacks,West,330,2505,4.232941176470588,1
2024-09-09,Beverages,North,24,260,7.725,1
2024-09-09,Beverages,South,50,545,5.736666666666667,0
2024-09-09,Beverages,West,31,337,3.6233333333333335,0
2024-09-09,Dairy,North,974,8379,5.443137254901961,1
2024-09-09,Dairy,South,816,7078,5.30531914893617,1
2024-09-09,Dairy,West,946,8281,5.114509803921568,1
2024-09-09,Instant Food,North,161,1810,5.2215384615384615,1
2024-09-09,Instant Food,South,241,2087,4.929230769230769,1
2024-09-09,Instant Food,West,209,1790,5.729090909090909,1
2024-09-09,Snacks,North,285,2322,5.478666666666667,1
2024-09-09,Snacks,South,251,2185,5.153571428571429,1
2024-09-09,Snacks,West,296,2417,5.586428571428571,1
2024-09-10,Beverages,North,26,172,8.8,1
2024-09-10,Beverages,South,31,367,4.69,0
2024-09-10,Beverages,West,33,406,7.536666666666666,0
2024-09-10,Dairy,North,631,6292,5.059268292682927,1
2024-09-10,Dairy,South,958,8954,5.586862745098039,1
2024-09-10,Dairy,West,750,7352,5.444782608695652,1
2024-09-10,Instant Food,North,298,2426,5.415384615384616,1
2024-09-10,Instant Food,South,203,2149,4.57923076923077,1
2024-09-10,Instant Food,West,172,1698,5.779230769230769,1
2024-09-10,Snacks,North,311,2633,4.98764705882353,1
2024-09-10,Snacks,South,394,2419,5.837999999999999,1
2024-09-10,Snacks,West,240,2230,4.158,0
2024-09-11,Beverages,North,43,497,5.046666666666667,0
2024-09-11,Beverages,South,47,611,2.94,0
2024-09-11,Beverages,West,42,417,2.45,1
2024-09-11,Dairy,North,606,6213,4.963571428571429,1
2024-09-11,Dairy,South,879,8045,5.590199999999999,1
2024-09-11,Dairy,West,696,6805,5.033111111111111,1
2024-09-11,Instant Food,North,240,2159,5.352307692307692,1
2024-09-11,Instant Food,South,227,2415,4.474666666666667,0
2024-09-11,Instant Food,West,230,1804,7.0190909090909095,1
2024-09-11,Snacks,North,414,3004,4.720588235294118,1
2024-09-11,Snacks,South,345,2572,5.393125,1
2024-09-11,Snacks,West,425,2914,4.899375,1
2024-09-12,Beverages,North,85,526,5.989999999999999,1
2024-09-12,Beverages,South,50,361,7.775,1
2024-09-12,Beverages,West,36,469,5.293333333333333,0
2024-09-12,Dairy,North,762,7729,5.823478260869565,1
2024-09-12,Dairy,South,686,6914,5.193777777777778,1
2024-09-12,Dairy,West,833,7571,5.3861224489795925,1
2024-09-12,Instant Food,North,282,2534,5.014,1
2024-09-12,Instant Food,South,143,1495,4.782,1
2024-09-12,Instant Food,West,213,1586,4.783,1
2024-09-12,Snacks,North,364,2872,5.307058823529411,1
2024-09-12,Snacks,South,314,2510,4.444285714285714,1
2024-09-12,Snacks,West,261,2201,5.577142857142857,1
2024-09-13,Beverages,North,51,358,2.75,1
2024-09-13,Beverages,South,41,324,3.28,1
2024-09-13,Beverages,West,20,236,6.9,0
2024-09-13,Dairy,North,691,6871,5.4184090909090905,1
2024-09-13,Dairy,South,728,7188,5.020416666666667,1
2024-09-13,Dairy,West,586,5975,5.46609756097561,1
2024-09-13,Instant Food,North,222,2343,4.266428571428572,0
2024-09-13,Instant Food,South,152,1489,5.783,1
2024-09-13,Instant Food,West,216,1966,4.729285714285714,1
2024-09-13,Snacks,North,325,2449,4.414,1
2024-09-13,Snacks,South,374,2658,5.741176470588235,1
2024-09-13,Snacks,West,217,1858,5.838181818181818,1
2024-09-14,Beverages,North,55,408,3.76,1
2024-09-14,Beverages,South,27,295,6.835,0
2024-09-14,Beverages,West,20,206,7.99,0
2024-09-14,Dairy,North,696,6999,5.2982978723404255,1
2024-09-14,Dairy,South,772,7514,5.181489361702128,1
2024-09-14,Dairy,West,751,7100,4.84125,1
2024-09-14,Instant Food,North,200,2086,5.93076923076923,1
2024-09-14,Instant Food,South,150,1518,5.343333333333334,0
2024-09-14,Instant Food,West,259,2494,4.815,1
2024-09-14,Snacks,North,263,2207,5.548571428571429,1
2024-09-14,Snacks,South,328,2606,5.451875,1
2024-09-14,Snacks,West,292,2314,4.870625,1
2024-09-15,Beverages,North,50,462,3.03,0
2024-09-15,Beverages,South,40,460,4.596666666666667,0
2024-09-15,Beverages,West,56,614,5.19,0
2024-09-15,Dairy,North,692,6668,5.48936170212766,1
2024-09-15,Dairy,South,815,7237,5.447083333333333,1
2024-09-15,Dairy,West,791,7314,5.324130434782608,1
2024-09-15,Instant Food,North,260,2084,5.597272727272728,1
2024-09-15,Instant Food,South,243,2236,4.826428571428571,1
2024-09-15,Instant Food,West,277,2111,4.231538461538461,1
2024-09-15,Snacks,North,330,2349,5.095714285714286,1
2024-09-15,Snacks,South,326,2915,4.709411764705883,0
2024-09-15,Snacks,West,303,2729,5.483529411764706,0
2024-09-16,Beverages,North,36,316,5.47,0
2024-09-16,Beverages,South,44,454,6.2,0
2024-09-16,Beverages,West,36,324,4.99,0
2024-09-16,Dairy,North,756,6867,5.359761904761905,1
2024-09-16,Dairy,South,737,7456,5.292127659574468,1
2024-09-16,Dairy,West,691,6784,4.944222222222223,1
2024-09-16,Instant Food,North,184,1674,5.6025,1
2024-09-16,Instant Food,South,231,2114,5.0200000000000005,1
2024-09-16,Instant Food,West,232,2411,5.561428571428571,1
2024-09-16,Snacks,North,329,2528,5.513571428571429,1
2024-09-16,Snacks,South,369,2404,5.582,1
2024-09-16,Snacks,West,333,2664,4.978823529411764,1
2024-09-17,Beverages,North,67,506,5.133333333333333,1
2024-09-17,Beverages,South,45,445,4.453333333333333,0
2024-09-17,Beverages,West,26,211,6.06,0
2024-09-17,Dairy,North,799,7158,5.281333333333333,1
2024-09-17,Dairy,South,781,7212,5.458,1
2024-09-17,Dairy,West,794,7994,5.678823529411765,1
2024-09-17,Instant Food,North,216,2029,5.6850000000000005,1
2024-09-17,Instant Food,South,259,2035,4.85,1
2024-09-17,Instant Food,West,163,1488,5.341666666666666,1
2024-09-17,Snacks,North,300,2576,5.382941176470588,1
2024-09-17,Snacks,South,274,2163,6.1433333333333335,1
2024-09-17,Snacks,West,300,2606,5.5975,1
2024-09-18,Beverages,North,33,317,4.98,0
2024-09-18,Beverages,South,65,553,4.906666666666666,1
2024-09-18,Beverages,West,30,412,6.086666666666667,0
2024-09-18,Dairy,North,864,7971,4.895416666666667,1
2024-09-18,Dairy,South,726,6921,4.428888888888889,1
2024-09-18,Dairy,West,830,7580,4.702553191489362,1
2024-09-18,Instant Food,North,164,1732,5.53,1
2024-09-18,Instant Food,South,214,2159,4.850666666666667,0
2024-09-18,Instant Food,West,251,2031,5.319285714285714,1
2024-09-18,Snacks,North,298,2566,5.458,1
2024-09-18,Snacks,South,410,2812,3.8864705882352943,1
2024-09-18,Snacks,West,280,2395,5.713125,0
2024-09-19,Beverages,North,41,444,4.746666666666666,0
2024-09-19,Beverages,South,55,507,5.533333333333334,1
2024-09-19,Beverages,West,11,116,2.49,0
2024-09-19,Dairy,North,670,6846,5.033913043478261,1
2024-09-19,Dairy,South,675,6908,5.569565217391304,1
2024-09-19,Dairy,West,758,7243,5.1673913043478255,1
2024-09-19,Instant Food,North,134,1437,6.005555555555556,0
2024-09-19,Instant Food,South,241,2179,5.441428571428572,1
2024-09-19,Instant Food,West,274,2194,5.406153846153846,1
2024-09-19,Snacks,North,344,2636,5.683529411764706,1
2024-09-19,Snacks,South,258,2282,5.475714285714285,1
2024-09-19,Snacks,West,339,2628,4.045333333333334,1
2024-09-20,Beverages,North,10,124,2.15,0
2024-09-20,Beverages,South,40,440,4.87,0
2024-09-20,Beverages,West,54,513,6.436666666666667,1
2024-09-20,Dairy,North,832,7692,5.729387755102041,1
2024-09-20,Dairy,South,816,7254,5.008478260869565,1
2024-09-20,Dairy,West,791,7472,4.618510638297872,1
2024-09-20,Instant Food,North,230,2258,5.742857142857143,1
2024-09-20,Instant Food,South,204,1925,4.7690909090909095,1
2024-09-20,Instant Food,West,134,1409,3.9881818181818183,1
2024-09-20,Snacks,North,307,2860,5.8629411764705885,0
2024-09-20,Snacks,South,255,1937,4.406153846153846,1
2024-09-20,Snacks,West,268,2156,5.601333333333333,1
2024-09-21,Beverages,North,33,395,6.6433333333333335,0
2024-09-21,Beverages,South,109,558,4.02,1
2024-09-21,Beverages,West,28,305,3.7166666666666655,0
2024-09-21,Dairy,North,853,8190,4.682,1
2024-09-21,Dairy,South,787,7253,5.158936170212766,1
2024-09-21,Dairy,West,726,6986,5.246666666666666,1
2024-09-21,Instant Food,North,170,1651,5.529090909090909,1
2024-09-21,Instant Food,South,264,2365,6.216428571428572,1
2024-09-21,Instant Food,West,189,1685,5.5618181818181816,1
2024-09-21,Snacks,North,253,1887,4.646153846153846,1
2024-09-21,Snacks,South,248,2044,5.301666666666667,1
2024-09-21,Snacks,West,322,2732,5.2947058823529405,1
2024-09-22,Beverages,North,43,380,7.413333333333334,1
2024-09-22,Beverages,South,33,360,4.324999999999999,0
2024-09-22,Beverages,West,18,342,6.035,0
2024-09-22,Dairy,North,705,6967,5.241777777777778,1
2024-09-22,Dairy,South,845,8301,5.35530612244898,1
2024-09-22,Dairy,West,919,8414,4.936862745098039,1
2024-09-22,Instant Food,North,218,1881,5.06923076923077,1
2024-09-22,Instant Food,South,208,1722,5.313076923076922,1
2024-09-22,Instant Food,West,183,1733,5.437272727272728,0
2024-09-22,Snacks,North,357,2253,4.212857142857143,1
2024-09-22,Snacks,South,247,2122,5.410666666666667,1
2024-09-22,Snacks,West,269,2060,4.527333333333333,1
2024-09-23,Beverages,North,37,411,1.98,0
2024-09-23,Beverages,South,28,433,5.023333333333333,0
2024-09-23,Beverages,West,33,315,4.03,0
2024-09-23,Dairy,North,812,7585,5.705625,1
2024-09-23,Dairy,South,830,7466,5.214375,1
2024-09-23,Dairy,West,691,6881,5.02108695652174,1
2024-09-23,Instant Food,North,205,1793,5.797692307692308,1
2024-09-23,Instant Food,South,273,1897,5.055833333333333,1
2024-09-23,Instant Food,West,232,2258,5.165,1
2024-09-23,Snacks,North,442,2937,4.570625,1
2024-09-23,Snacks,South,386,2697,4.954117647058824,1
2024-09-23,Snacks,West,383,2968,4.531176470588235,1
2024-09-24,Beverages,North,41,315,5.055,1
2024-09-24,Beverages,South,42,362,4.453333333333333,1
2024-09-24,Beverages,West,47,532,5.303333333333334,0
2024-09-24,Dairy,North,847,7978,5.35078431372549,1
2024-09-24,Dairy,South,885,7481,4.910212765957447,1
2024-09-24,Dairy,West,700,7010,5.405777777777778,1
2024-09-24,Instant Food,North,247,2109,5.856153846153846,1
2024-09-24,Instant Food,South,231,2152,5.502307692307692,1
2024-09-24,Instant Food,West,185,1882,4.946666666666666,1
2024-09-24,Snacks,North,309,2291,5.236470588235295,1
2024-09-24,Snacks,South,237,2107,6.053571428571429,0
2024-09-24,Snacks,West,367,3136,5.4383333333333335,1
2024-09-25,Beverages,North,54,561,7.413333333333334,1
2024-09-25,Beverages,South,26,359,4.62,0
2024-09-25,Beverages,West,43,515,5.806666666666668,1
2024-09-25,Dairy,North,630,7078,5.083913043478261,1
2024-09-25,Dairy,South,839,7950,4.806122448979592,1
2024-09-25,Dairy,West,826,7686,5.463617021276596,1
2024-09-25,Instant Food,North,268,2037,6.084166666666667,1
2024-09-25,Instant Food,South,266,1980,5.44,1
2024-09-25,Instant Food,West,231,2179,5.552307692307693,1
2024-09-25,Snacks,North,381,2406,5.439285714285715,1
2024-09-25,Snacks,South,442,3217,5.929444444444445,1
2024-09-25,Snacks,West,258,2284,5.3100000000000005,0
2024-09-26,Beverages,North,19,216,6.055,0
2024-09-26,Beverages,South,37,350,5.465,0
2024-09-26,Beverages,West,28,301,4.79,0
2024-09-26,Dairy,North,707,7276,5.284,1
2024-09-26,Dairy,South,868,8317,5.284081632653062,1
2024-09-26,Dairy,West,892,7692,5.902608695652174,1
2024-09-26,Instant Food,North,283,2268,5.861428571428571,1
2024-09-26,Instant Food,South,176,1876,5.506666666666667,1
2024-09-26,Instant Food,West,203,1841,6.645,1
2024-09-26,Snacks,North,403,3146,5.278888888888889,1
2024-09-26,Snacks,South,259,2191,5.441428571428571,1
2024-09-26,Snacks,West,341,2865,5.3933333333333335,0
2024-09-27,Beverages,North,19,271,5.34,1
2024-09-27,Beverages,South,45,411,4.516666666666667,1
2024-09-27,Beverages,West,55,501,4.97,1
2024-09-27,Dairy,North,787,7229,5.311304347826087,1
2024-09-27,Dairy,South,807,7278,5.286304347826087,1
2024-09-27,Dairy,West,811,7316,5.768936170212766,1
2024-09-27,Instant Food,North,209,1932,5.029166666666667,1
2024-09-27,Instant Food,South,210,2100,4.569333333333334,1
2024-09-27,Instant Food,West,204,1868,5.386153846153846,1
2024-09-27,Snacks,North,345,2520,5.247647058823529,1
2024-09-27,Snacks,South,336,2434,5.604,1
2024-09-27,Snacks,West,175,1383,3.951111111111112,1
2024-09-28,Beverages,North,25,289,8.02,0
2024-09-28,Beverages,South,49,566,7.386666666666667,0
2024-09-28,Beverages,West,50,505,4.463333333333334,1
2024-09-28,Dairy,North,730,6954,4.994,1
2024-09-28,Dairy,South,744,8001,4.9936,1
2024-09-28,Dairy,West,903,8500,5.2164,1
2024-09-28,Instant Food,North,317,2428,5.052666666666667,1
2024-09-28,Instant Food,South,189,1870,6.009230769230769,1
2024-09-28,Instant Food,West,252,2189,4.526428571428571,1
2024-09-28,Snacks,North,351,2442,4.716666666666667,1
2024-09-28,Snacks,South,374,2467,5.710666666666667,1
2024-09-28,Snacks,West,213,1813,5.858333333333333,1
2024-09-29,Beverages,North,12,127,3.49,0
2024-09-29,Beverages,South,22,240,7.385,0
2024-09-29,Beverages,West,70,702,7.446666666666666,0
2024-09-29,Dairy,North,924,7939,5.602692307692307,1
2024-09-29,Dairy,South,812,7874,5.357916666666667,1
2024-09-29,Dairy,West,813,7174,4.997142857142856,1
2024-09-29,Instant Food,North,196,1849,5.623076923076923,1
2024-09-29,Instant Food,South,192,2063,5.456153846153845,1
2024-09-29,Instant Food,West,237,2139,5.065384615384615,1
2024-09-29,Snacks,North,314,2507,4.086111111111111,1
2024-09-29,Snacks,South,280,2392,6.068666666666667,1
2024-09-29,Snacks,West,277,2376,5.346,1
2024-09-30,Beverages,North,45,478,5.223333333333334,1
2024-09-30,Beverages,South,18,170,6.03,0
2024-09-30,Beverages,West,65,498,6.006666666666667,1
2024-09-30,Dairy,North,716,7440,4.941063829787234,1
2024-09-30,Dairy,South,811,7999,5.744,1
2024-09-30,Dairy,West,832,8326,5.821764705882353,1
2024-09-30,Instant Food,North,248,2106,6.099285714285714,1
2024-09-30,Instant Food,South,234,1918,5.248333333333333,1
2024-09-30,Instant Food,West,216,1717,5.285,1
2024-09-30,Snacks,North,229,1910,5.738333333333333,1
2024-09-30,Snacks,South,278,2321,5.128125,0
2024-09-30,Snacks,West,355,2740,5.227058823529411,1
2024-10-01,Beverages,North,20,274,7.99,0
2024-10-01,Beverages,South,52,466,6.72,1
2024-10-01,Beverages,West,30,418,7.18,0
2024-10-01,Dairy,North,733,8277,5.563400000000001,1
2024-10-01,Dairy,South,798,7649,5.123541666666667,1
2024-10-01,Dairy,West,758,8257,5.123333333333334,1
2024-10-01,Instant Food,North,344,2046,5.189166666666667,1
2024-10-01,Instant Food,South,231,2179,5.528333333333333,0
2024-10-01,Instant Food,West,241,2338,4.396428571428571,1
2024-10-01,Snacks,North,305,2438,6.1075,1
2024-10-01,Snacks,South,269,2476,4.493333333333334,1
2024-10-01,Snacks,West,219,2036,5.406666666666666,0
2024-10-02,Beverages,North,35,404,3.475,0
2024-10-02,Beverages,South,44,381,4.366666666666667,1
2024-10-02,Beverages,West,39,507,5.556666666666666,0
2024-10-02,Dairy,North,602,6083,5.096585365853659,1
2024-10-02,Dairy,South,762,7537,5.4942553191489365,1
2024-10-02,Dairy,West,670,7330,4.70375,1
2024-10-02,Instant Food,North,273,2327,5.004285714285714,1
2024-10-02,Instant Food,South,214,2319,5.128461538461538,1
2024-10-02,Instant Food,West,181,1803,4.6000000000000005,1
2024-10-02,Snacks,North,339,2965,4.390666666666666,1
2024-10-02,Snacks,South,235,2165,4.964,0
2024-10-02,Snacks,West,257,2116,5.002142857142857,1
2024-10-03,Beverages,North,28,490,3.01,0
2024-10-03,Beverages,South,27,309,7.965,0
2024-10-03,Beverages,West,50,549,4.503333333333333,1
2024-10-03,Dairy,North,742,7506,4.823541666666666,1
2024-10-03,Dairy,South,689,6879,5.552444444444444,1
2024-10-03,Dairy,West,812,8340,5.384423076923077,1
2024-10-03,Instant Food,North,176,1852,5.300909090909091,1
2024-10-03,Instant Food,South,334,2513,5.218666666666667,1
2024-10-03,Instant Food,West,282,1793,5.498333333333334,1
2024-10-03,Snacks,North,249,1911,5.151538461538461,1
2024-10-03,Snacks,South,267,2234,5.691875,1
2024-10-03,Snacks,West,398,2500,5.573125,1
2024-10-04,Beverages,North,47,600,3.25,0
2024-10-04,Beverages,South,34,451,3.43,0
2024-10-04,Beverages,West,16,219,5.015,0
2024-10-04,Dairy,North,617,6953,5.568666666666667,1
2024-10-04,Dairy,South,792,7818,5.395416666666667,1
2024-10-04,Dairy,West,598,6491,4.7214634146341465,1
2024-10-04,Instant Food,North,280,2238,4.9861538461538455,1
2024-10-04,Instant Food,South,218,2038,5.131818181818182,1
2024-10-04,Instant Food,West,200,1539,6.734999999999999,1
2024-10-04,Snacks,North,289,2307,5.2525,1
2024-10-04,Snacks,South,232,2029,4.243333333333333,1
2024-10-04,Snacks,West,306,2447,5.755333333333334,1
2024-10-05,Beverages,North,36,440,6.38,0
2024-10-05,Beverages,South,54,584,4.806666666666667,1
2024-10-05,Beverages,West,19,262,6.09,0
2024-10-05,Dairy,North,711,7714,5.224130434782609,1
2024-10-05,Dairy,South,758,6987,5.099767441860465,1
2024-10-05,Dairy,West,717,7480,5.384347826086957,1
2024-10-05,Instant Food,North,236,1835,6.399090909090909,1
2024-10-05,Instant Food,South,236,2313,4.231538461538461,1
2024-10-05,Instant Food,West,264,2322,5.7250000000000005,1
2024-10-05,Snacks,North,207,1940,5.694615384615385,1
2024-10-05,Snacks,South,286,2248,5.9121428571428565,1
2024-10-05,Snacks,West,277,2151,3.967333333333334,1
2024-10-06,Beverages,North,36,483,6.84,0
2024-10-06,Beverages,South,33,493,5.3933333333333335,0
2024-10-06,Beverages,West,27,355,5.61,0
2024-10-06,Dairy,North,628,7030,5.338478260869565,1
2024-10-06,Dairy,South,813,8134,5.490851063829787,1
2024-10-06,Dairy,West,651,7311,5.478775510204081,1
2024-10-06,Instant Food,North,256,2241,5.497142857142857,1
2024-10-06,Instant Food,South,183,1510,6.3090909090909095,1
2024-10-06,Instant Food,West,198,1672,4.2709090909090905,1
2024-10-06,Snacks,North,304,2305,5.137142857142857,1
2024-10-06,Snacks,South,319,2500,5.603125,1
2024-10-06,Snacks,West,301,2321,5.724705882352941,1
2024-10-07,Beverages,North,11,97,6.36,1
2024-10-07,Beverages,South,22,354,4.555,0
2024-10-07,Beverages,West,29,399,6.16,0
2024-10-07,Dairy,North,740,7214,5.320227272727273,1
2024-10-07,Dairy,South,718,7213,5.337234042553192,1
2024-10-07,Dairy,West,782,7321,5.2730434782608695,1
2024-10-07,Instant Food,North,250,2098,5.269285714285714,1
2024-10-07,Instant Food,South,238,2056,4.121666666666667,1
2024-10-07,Instant Food,West,323,2516,4.504,1
2024-10-07,Snacks,North,262,2264,4.163125,1
2024-10-07,Snacks,South,282,2720,4.5125,0
2024-10-07,Snacks,West,278,2339,5.28,1
2024-10-08,Beverages,North,37,310,2.89,1
2024-10-08,Beverages,South,44,400,6.120000000000001,1
2024-10-08,Beverages,West,59,470,3.613333333333333,1
2024-10-08,Dairy,North,761,8111,5.262857142857143,1
2024-10-08,Dairy,South,746,7857,5.260408163265306,1
2024-10-08,Dairy,West,591,7001,5.53936170212766,1
2024-10-08,Instant Food,North,382,2670,4.867142857142857,1
2024-10-08,Instant Food,South,258,2102,5.622307692307692,1
2024-10-08,Instant Food,West,343,2397,5.625333333333333,1
2024-10-08,Snacks,North,246,2031,4.932666666666666,1
2024-10-08,Snacks,South,328,2474,5.190625,1
2024-10-08,Snacks,West,421,3142,4.46,1
2024-10-09,Beverages,North,42,511,5.4,1
2024-10-09,Beverages,South,34,329,4.593333333333333,1
2024-10-09,Beverages,West,31,367,6.140000000000001,0
2024-10-09,Dairy,North,692,6689,5.089787234042553,1
2024-10-09,Dairy,South,698,7758,4.839166666666666,1
2024-10-09,Dairy,West,766,8064,4.963,1
2024-10-09,Instant Food,North,228,2116,5.309285714285714,0
2024-10-09,Instant Food,South,299,2192,4.838333333333334,1
2024-10-09,Instant Food,West,321,2323,6.100714285714285,1
2024-10-09,Snacks,North,336,2507,5.837857142857144,1
2024-10-09,Snacks,South,214,2087,5.244999999999999,0
2024-10-09,Snacks,West,351,2364,4.978823529411764,1
2024-10-10,Beverages,North,48,449,5.1433333333333335,1
2024-10-10,Beverages,South,96,644,3.883333333333333,1
2024-10-10,Beverages,West,37,242,5.390000000000001,1
2024-10-10,Dairy,North,588,6151,4.916,1
2024-10-10,Dairy,South,629,7097,5.394897959183674,1
2024-10-10,Dairy,West,643,7119,5.513617021276596,1
2024-10-10,Instant Food,North,165,1653,5.132,0
2024-10-10,Instant Food,South,248,2249,5.552666666666666,1
2024-10-10,Instant Food,West,299,2364,4.831428571428572,1
2024-10-10,Snacks,North,351,2812,6.2525,1
2024-10-10,Snacks,South,208,1840,5.585384615384616,1
2024-10-10,Snacks,West,328,2737,5.037999999999999,1
2024-10-11,Beverages,North,50,561,7.123333333333334,1
2024-10-11,Beverages,South,42,600,5.1066666666666665,0
2024-10-11,Beverages,West,34,120,3.2,1
2024-10-11,Dairy,North,715,7391,5.860434782608695,1
2024-10-11,Dairy,South,724,7616,5.515918367346938,1
2024-10-11,Dairy,West,687,6819,5.503617021276596,1
2024-10-11,Instant Food,North,284,2207,5.514166666666667,1
2024-10-11,Instant Food,South,237,1905,4.999230769230769,1
2024-10-11,Instant Food,West,310,2213,5.742857142857143,1
2024-10-11,Snacks,North,379,2696,5.710588235294118,1
2024-10-11,Snacks,South,247,2115,4.819999999999999,1
2024-10-11,Snacks,West,306,2011,5.348571428571428,1
2024-10-12,Beverages,North,54,495,7.390000000000001,1
2024-10-12,Beverages,South,16,130,6.62,1
2024-10-12,Beverages,West,33,417,4.19,0
2024-10-12,Dairy,North,575,6454,5.20159090909091,1
2024-10-12,Dairy,South,735,7387,4.732173913043479,1
2024-10-12,Dairy,West,682,7401,4.510227272727272,1
2024-10-12,Instant Food,North,244,1913,4.56,1
2024-10-12,Instant Food,South,239,2241,5.319999999999999,1
2024-10-12,Instant Food,West,220,1769,5.260833333333333,1
2024-10-12,Snacks,North,324,2914,5.2325,0
2024-10-12,Snacks,South,216,1907,5.424666666666667,1
2024-10-12,Snacks,West,312,2325,5.291333333333333,1
2024-10-13,Beverages,North,31,255,2.805,1
2024-10-13,Beverages,South,22,377,5.245,0
2024-10-13,Beverages,West,23,267,7.960000000000001,0
2024-10-13,Dairy,North,713,7834,5.081276595744681,1
2024-10-13,Dairy,South,781,7429,5.656136363636364,1
2024-10-13,Dairy,West,513,5507,5.41,1
2024-10-13,Instant Food,North,202,1755,5.34909090909091,1
2024-10-13,Instant Food,South,271,2323,5.717857142857143,1
2024-10-13,Instant Food,West,356,2476,4.927142857142857,1
2024-10-13,Snacks,North,349,2473,4.369333333333333,1
2024-10-13,Snacks,South,289,2446,5.578823529411765,1
2024-10-13,Snacks,West,213,1906,5.001538461538461,1
2024-10-14,Beverages,North,51,506,5.12,1
2024-10-14,Beverages,South,28,347,6.023333333333333,1
2024-10-14,Beverages,West,59,382,4.305,1
2024-10-14,Dairy,North,767,7589,5.455106382978723,1
2024-10-14,Dairy,South,577,6606,4.953846153846153,1
2024-10-14,Dairy,West,609,6674,5.196739130434783,1
2024-10-14,Instant Food,North,286,2563,5.718666666666667,0
2024-10-14,Instant Food,South,238,2007,4.957692307692308,1
2024-10-14,Instant Food,West,273,2363,4.939285714285715,1
2024-10-14,Snacks,North,291,2191,5.847692307692308,1
2024-10-14,Snacks,South,339,2966,4.260588235294118,1
2024-10-14,Snacks,West,282,2321,4.228125,1
2024-10-15,Beverages,North,46,500,5.466666666666666,1
2024-10-15,Beverages,South,32,424,5.375,0
2024-10-15,Beverages,West,30,305,5.746666666666667,0
2024-10-15,Dairy,North,754,7881,5.5554,1
2024-10-15,Dairy,South,709,7205,5.330434782608696,1
2024-10-15,Dairy,West,771,7132,5.20531914893617,1
2024-10-15,Instant Food,North,224,2076,4.96,0
2024-10-15,Instant Food,South,252,1906,4.874615384615384,1
2024-10-15,Instant Food,West,175,1685,5.516363636363637,1
2024-10-15,Snacks,North,293,2378,4.014,1
2024-10-15,Snacks,South,248,2202,4.86,0
2024-10-15,Snacks,West,349,2990,5.870588235294117,1
2024-10-16,Beverages,North,31,310,3.673333333333333,0
2024-10-16,Beverages,South,31,412,5.02,0
2024-10-16,Beverages,West,22,298,3.845,0
2024-10-16,Dairy,North,723,7407,5.163191489361703,1
2024-10-16,Dairy,South,773,7262,5.3834042553191495,1
2024-10-16,Dairy,West,802,7809,4.928297872340425,1
2024-10-16,Instant Food,North,247,2322,5.03923076923077,1
2024-10-16,Instant Food,South,178,1687,4.948181818181818,0
2024-10-16,Instant Food,West,190,1738,4.0200000000000005,1
2024-10-16,Snacks,North,280,2185,5.889230769230769,1
2024-10-16,Snacks,South,255,2376,5.3525,1
2024-10-16,Snacks,West,278,2304,4.617142857142857,1
2024-10-17,Beverages,North,49,547,4.44,0
2024-10-17,Beverages,South,12,216,4.375,0
2024-10-17,Beverages,West,26,534,5.766666666666667,0
2024-10-17,Dairy,North,698,7588,4.777755102040816,1
2024-10-17,Dairy,South,741,7855,4.673541666666667,1
2024-10-17,Dairy,West,606,6899,5.232826086956522,1
2024-10-17,Instant Food,North,258,2217,4.913571428571428,1
2024-10-17,Instant Food,South,264,2496,5.274285714285715,1
2024-10-17,Instant Food,West,217,1939,5.552499999999999,1
2024-10-17,Snacks,North,412,2771,4.613125,1
2024-10-17,Snacks,South,272,2446,5.42,0
2024-10-17,Snacks,West,254,2208,5.42,1
2024-10-18,Beverages,North,42,426,6.615,0
2024-10-18,Beverages,South,24,348,6.779999999999999,0
2024-10-18,Beverages,West,40,489,6.863333333333333,0
2024-10-18,Dairy,North,592,6352,5.652222222222222,1
2024-10-18,Dairy,South,654,7404,5.570869565217391,1
2024-10-18,Dairy,West,767,7946,5.5374509803921566,1
2024-10-18,Instant Food,North,171,1601,4.819999999999999,1
2024-10-18,Instant Food,South,224,1949,5.256363636363637,1
2024-10-18,Instant Food,West,243,2071,5.446923076923077,1
2024-10-18,Snacks,North,258,2060,4.929285714285714,1
2024-10-18,Snacks,South,296,2492,5.3325,1
2024-10-18,Snacks,West,295,2162,4.454,1
2024-10-19,Beverages,North,34,540,5.0633333333333335,0
2024-10-19,Beverages,South,32,311,4.43,0
2024-10-19,Beverages,West,56,484,4.4366666666666665,1
2024-10-19,Dairy,North,682,6841,5.632444444444444,1
2024-10-19,Dairy,South,694,7241,5.636956521739131,1
2024-10-19,Dairy,West,708,7272,4.563673469387755,1
2024-10-19,Instant Food,North,265,2187,4.859230769230769,1
2024-10-19,Instant Food,South,196,1554,5.552727272727273,1
2024-10-19,Instant Food,West,153,1349,5.993,0
2024-10-19,Snacks,North,211,2033,5.616428571428571,0
2024-10-19,Snacks,South,298,2921,4.791176470588235,0
2024-10-19,Snacks,West,328,2461,5.885882352941176,1
2024-10-20,Beverages,North,26,358,5.216666666666667,0
2024-10-20,Beverages,South,26,466,5.635,0
2024-10-20,Beverages,West,28,370,8.36,0
2024-10-20,Dairy,North,627,6311,5.393863636363636,1
2024-10-20,Dairy,South,768,6996,5.643863636363636,1
2024-10-20,Dairy,West,655,7031,5.1779166666666665,1
2024-10-20,Instant Food,North,244,1923,4.524545454545454,1
2024-10-20,Instant Food,South,241,2049,6.308461538461539,1
2024-10-20,Instant Food,West,255,2224,5.266153846153847,1
2024-10-20,Snacks,North,342,2321,6.517333333333334,1
2024-10-20,Snacks,South,290,2339,5.711875,1
2024-10-20,Snacks,West,332,2905,4.967777777777778,1
2024-10-21,Beverages,North,51,595,5.173333333333333,0
2024-10-21,Beverages,South,30,446,5.383333333333333,0
2024-10-21,Beverages,West,32,427,7.46,0
2024-10-21,Dairy,North,677,7011,5.224666666666666,1
2024-10-21,Dairy,South,682,7242,5.5443181818181815,1
2024-10-21,Dairy,West,568,6545,5.130232558139535,1
2024-10-21,Instant Food,North,209,1692,6.2725,1
2024-10-21,Instant Food,South,250,1988,4.940833333333333,1
2024-10-21,Instant Food,West,320,2657,4.858666666666666,1
2024-10-21,Snacks,North,315,2545,4.81125,1
2024-10-21,Snacks,South,336,2820,5.16611111111111,1
2024-10-21,Snacks,West,226,1837,4.874615384615384,1
2024-10-22,Beverages,North,49,623,3.673333333333333,0
2024-10-22,Beverages,South,49,537,4.896666666666667,0
2024-10-22,Beverages,West,38,525,5.386666666666667,0
2024-10-22,Dairy,North,763,7820,5.168478260869565,1
2024-10-22,Dairy,South,825,7836,4.7018,1
2024-10-22,Dairy,West,703,7346,4.6245652173913046,1
2024-10-22,Instant Food,North,216,1746,4.676153846153846,1
2024-10-22,Instant Food,South,287,2412,5.011538461538462,1
2024-10-22,Instant Food,West,280,2223,5.586923076923076,1
2024-10-22,Snacks,North,324,2622,4.556,1
2024-10-22,Snacks,South,323,2434,4.5120000000000005,1
2024-10-22,Snacks,West,295,2528,5.404705882352941,1
2024-10-23,Beverages,North,30,344,3.27,0
2024-10-23,Beverages,South,28,365,5.84,0
2024-10-23,Beverages,West,8,112,3.61,0
2024-10-23,Dairy,North,688,7079,5.415454545454545,1
2024-10-23,Dairy,South,750,7844,5.1414583333333335,1
2024-10-23,Dairy,West,684,7056,5.335217391304347,1
2024-10-23,Instant Food,North,340,2591,5.9121428571428565,1
2024-10-23,Instant Food,South,186,1593,4.27,1
2024-10-23,Instant Food,West,221,2043,4.979285714285714,1
2024-10-23,Snacks,North,269,2732,4.975625,0
2024-10-23,Snacks,South,290,2185,5.416,1
2024-10-23,Snacks,West,305,2216,4.5,1
2024-10-24,Beverages,North,28,486,7.563333333333333,0
2024-10-24,Beverages,South,94,512,7.289999999999999,1
2024-10-24,Beverages,West,43,597,3.736666666666667,0
2024-10-24,Dairy,North,606,6199,5.20078947368421,1
2024-10-24,Dairy,South,670,7035,5.000909090909091,1
2024-10-24,Dairy,West,662,7262,5.33,1
2024-10-24,Instant Food,North,220,1883,5.002307692307692,1
2024-10-24,Instant Food,South,295,2268,5.424615384615384,1
2024-10-24,Instant Food,West,172,1498,5.985,1
2024-10-24,Snacks,North,258,2232,5.749333333333334,1
2024-10-24,Snacks,South,279,2031,4.973571428571428,1
2024-10-24,Snacks,West,265,2262,4.2075,1
2024-10-25,Beverages,North,34,482,5.373333333333334,0
2024-10-25,Beverages,South,25,329,3.86,0
2024-10-25,Beverages,West,36,410,5.626666666666666,0
2024-10-25,Dairy,North,633,6419,5.470731707317073,1
2024-10-25,Dairy,South,741,7637,5.509148936170213,1
2024-10-25,Dairy,West,696,6964,5.664888888888889,1
2024-10-25,Instant Food,North,178,1759,3.982727272727273,1
2024-10-25,Instant Food,South,241,2169,5.392307692307692,1
2024-10-25,Instant Food,West,220,2090,6.071538461538462,1
2024-10-25,Snacks,North,298,2703,5.176666666666666,1
2024-10-25,Snacks,South,254,2134,6.082142857142857,1
2024-10-25,Snacks,West,346,2866,5.18625,1
2024-10-26,Beverages,North,44,569,4.920000000000001,0
2024-10-26,Beverages,South,43,504,8.219999999999999,0
2024-10-26,Beverages,West,50,559,5.903333333333333,0
2024-10-26,Dairy,North,664,6935,5.383191489361702,1
2024-10-26,Dairy,South,624,7133,5.162391304347826,1
2024-10-26,Dairy,West,692,7542,5.722391304347826,1
2024-10-26,Instant Food,North,243,1729,4.230833333333334,1
2024-10-26,Instant Food,South,244,1849,6.426153846153847,1
2024-10-26,Instant Food,West,277,2292,4.935,1
2024-10-26,Snacks,North,341,2075,5.325384615384616,1
2024-10-26,Snacks,South,280,2538,5.234705882352941,1
2024-10-26,Snacks,West,368,2551,5.613125,1
2024-10-27,Beverages,North,44,489,7.303333333333334,1
2024-10-27,Beverages,South,45,461,5.583333333333333,1
2024-10-27,Beverages,West,50,492,7.316666666666666,1
2024-10-27,Dairy,North,774,8154,5.464893617021277,1
2024-10-27,Dairy,South,630,6290,5.355777777777778,1
2024-10-27,Dairy,West,648,6444,5.501904761904762,1
2024-10-27,Instant Food,North,231,1929,5.584615384615384,1
2024-10-27,Instant Food,South,168,1479,5.771818181818182,1
2024-10-27,Instant Food,West,264,2318,5.723571428571428,1
2024-10-27,Snacks,North,283,2450,5.06375,1
2024-10-27,Snacks,South,271,2262,5.636923076923077,1
2024-10-27,Snacks,West,244,2057,4.583333333333333,1
2024-10-28,Beverages,North,42,540,5.476666666666667,1
2024-10-28,Beverages,South,36,495,5.7700000000000005,0
2024-10-28,Beverages,West,35,512,5.03,0
2024-10-28,Dairy,North,750,7595,5.048541666666667,1
2024-10-28,Dairy,South,729,7896,5.23061224489796,1
2024-10-28,Dairy,West,693,6932,4.862045454545455,1
2024-10-28,Instant Food,North,215,1977,6.12,0
2024-10-28,Instant Food,South,237,2000,6.0375000000000005,1
2024-10-28,Instant Food,West,217,1800,4.8966666666666665,1
2024-10-28,Snacks,North,328,2763,3.880714285714286,1
2024-10-28,Snacks,South,328,2932,4.68125,0
2024-10-28,Snacks,West,224,2113,5.186153846153847,1
2024-10-29,Beverages,North,47,597,5.14,0
2024-10-29,Beverages,South,43,516,4.706666666666667,0
2024-10-29,Beverages,West,19,262,3.513333333333333,0
2024-10-29,Dairy,North,755,7345,5.289111111111111,1
2024-10-29,Dairy,South,771,7671,5.507659574468085,1
2024-10-29,Dairy,West,739,7331,5.114166666666667,1
2024-10-29,Instant Food,North,204,1913,5.922727272727273,1
2024-10-29,Instant Food,South,204,2037,5.232307692307692,1
2024-10-29,Instant Food,West,255,2078,5.545714285714285,1
2024-10-29,Snacks,North,316,2418,4.974375,1
2024-10-29,Snacks,South,354,2836,4.677777777777778,1
2024-10-29,Snacks,West,331,2707,3.908235294117647,1
2024-10-30,Beverages,North,43,601,4.886666666666667,0
2024-10-30,Beverages,South,35,477,6.476666666666667,0
2024-10-30,Beverages,West,31,433,2.8766666666666665,0
2024-10-30,Dairy,North,664,7084,5.612173913043479,1
2024-10-30,Dairy,South,683,7207,5.002857142857144,1
2024-10-30,Dairy,West,785,7656,5.207173913043478,1
2024-10-30,Instant Food,North,274,2302,5.462857142857144,1
2024-10-30,Instant Food,South,209,1895,5.8975,1
2024-10-30,Instant Food,West,264,1935,5.655454545454545,1
2024-10-30,Snacks,North,244,2125,5.605384615384616,1
2024-10-30,Snacks,South,269,2406,4.772,1
2024-10-30,Snacks,West,278,2500,5.061333333333334,1
2024-10-31,Beverages,North,35,327,5.41,1
2024-10-31,Beverages,South,28,423,5.196666666666666,0
2024-10-31,Beverages,West,39,478,4.905,0
2024-10-31,Dairy,North,594,6529,5.2700000000000005,1
2024-10-31,Dairy,South,692,6730,5.086136363636364,1
2024-10-31,Dairy,West,748,7645,5.077142857142857,1
2024-10-31,Instant Food,North,264,1952,5.006428571428572,1
2024-10-31,Instant Food,South,284,2268,5.157692307692307,1
2024-10-31,Instant Food,West,297,2183,4.874615384615385,1
2024-10-31,Snacks,North,292,2353,5.743125,1
2024-10-31,Snacks,South,243,1984,4.73,1
2024-10-31,Snacks,West,261,2139,5.719333333333333,1
2024-11-01,Beverages,North,19,261,5.4,0
2024-11-01,Beverages,South,51,528,6.533333333333334,1
2024-11-01,Beverages,West,38,446,7.330000000000001,0
2024-11-01,Dairy,North,659,7124,5.079111111111112,1
2024-11-01,Dairy,South,691,7324,5.132291666666666,1
2024-11-01,Dairy,West,674,7468,5.0504444444444445,1
2024-11-01,Instant Food,North,247,2051,4.595833333333333,0
2024-11-01,Instant Food,South,210,1697,4.734545454545454,0
2024-11-01,Instant Food,West,270,1859,4.7825,1
2024-11-01,Snacks,North,428,3038,5.877222222222222,1
2024-11-01,Snacks,South,294,2507,5.693529411764706,1
2024-11-01,Snacks,West,274,2405,5.095,1
2024-11-02,Beverages,North,29,456,6.72,0
2024-11-02,Beverages,South,21,342,5.484999999999999,0
2024-11-02,Beverages,West,16,239,4.98,0
2024-11-02,Dairy,North,590,6216,5.063750000000001,1
2024-11-02,Dairy,South,751,7512,4.788510638297873,1
2024-11-02,Dairy,West,598,6118,5.675952380952381,1
2024-11-02,Instant Food,North,239,1841,6.403076923076924,1
2024-11-02,Instant Food,South,205,1799,5.778333333333333,0
2024-11-02,Instant Food,West,277,1936,5.6575,1
2024-11-02,Snacks,North,243,2245,4.994666666666666,1
2024-11-02,Snacks,South,195,2037,4.337857142857143,1
2024-11-02,Snacks,West,256,2321,5.806428571428572,1
2024-11-03,Beverages,North,19,312,7.855,0
2024-11-03,Beverages,South,15,259,5.933333333333334,0
2024-11-03,Beverages,West,53,578,6.296666666666667,1
2024-11-03,Dairy,North,725,7524,4.786041666666667,1
2024-11-03,Dairy,South,644,6826,5.450434782608696,1
2024-11-03,Dairy,West,686,8274,5.227446808510639,1
2024-11-03,Instant Food,North,245,1587,4.714444444444444,1
2024-11-03,Instant Food,South,217,1597,5.282307692307692,1
2024-11-03,Instant Food,West,275,2141,5.743076923076923,1
2024-11-03,Snacks,North,281,2202,5.889333333333334,1
2024-11-03,Snacks,South,264,2058,5.463125,1
2024-11-03,Snacks,West,232,2335,5.6593333333333335,1
2024-11-04,Beverages,North,24,328,5.79,0
2024-11-04,Beverages,South,27,397,5.12,0
2024-11-04,Beverages,West,23,292,4.235,0
2024-11-04,Dairy,North,640,7290,5.278222222222222,1
2024-11-04,Dairy,South,734,7524,5.799318181818182,1
2024-11-04,Dairy,West,658,7131,5.6789130434782615,1
2024-11-04,Instant Food,North,260,2008,5.59923076923077,1
2024-11-04,Instant Food,South,228,1749,5.381818181818182,1
2024-11-04,Instant Food,West,302,2208,5.648571428571429,1
2024-11-04,Snacks,North,273,2140,5.565714285714286,1
2024-11-04,Snacks,South,344,3194,5.369411764705882,1
2024-11-04,Snacks,West,235,2147,5.593571428571429,1
2024-11-05,Beverages,North,26,335,4.895,0
2024-11-05,Beverages,South,51,493,6.57,1
2024-11-05,Beverages,West,31,490,5.87,0
2024-11-05,Dairy,North,822,7511,5.359333333333334,1
2024-11-05,Dairy,South,652,7587,5.1823404255319145,1
2024-11-05,Dairy,West,712,7415,4.755416666666666,1
2024-11-05,Instant Food,North,261,1787,3.5118181818181813,1
2024-11-05,Instant Food,South,233,1805,6.050833333333333,1
2024-11-05,Instant Food,West,196,1459,4.943,1
2024-11-05,Snacks,North,194,1858,6.137857142857143,0
2024-11-05,Snacks,South,317,2796,5.435555555555556,1
2024-11-05,Snacks,West,250,2167,4.887857142857143,1
2024-11-06,Beverages,North,36,446,5.656666666666666,0
2024-11-06,Beverages,South,24,357,4.63,0
2024-11-06,Beverages,West,27,380,6.68,0
2024-11-06,Dairy,North,619,7045,5.406222222222223,1
2024-11-06,Dairy,South,690,7583,5.094705882352941,1
2024-11-06,Dairy,West,593,6534,4.890212765957447,1
2024-11-06,Instant Food,North,257,1762,4.550833333333333,1
2024-11-06,Instant Food,South,272,2093,4.299230769230769,1
2024-11-06,Instant Food,West,211,1765,5.686923076923078,1
2024-11-06,Snacks,North,257,2577,4.866470588235295,0
2024-11-06,Snacks,South,252,2540,4.787058823529412,0
2024-11-06,Snacks,West,218,2212,5.924705882352941,1
2024-11-07,Beverages,North,18,266,3.85,1
2024-11-07,Beverages,South,27,422,6.41,0
2024-11-07,Beverages,West,13,166,2.65,0
2024-11-07,Dairy,North,768,7317,4.858260869565217,1
2024-11-07,Dairy,South,631,6992,5.3681395348837215,1
2024-11-07,Dairy,West,680,7555,4.880816326530613,1
2024-11-07,Instant Food,North,221,1837,4.975384615384616,1
2024-11-07,Instant Food,South,288,1916,5.427499999999999,1
2024-11-07,Instant Food,West,241,1832,4.7475,1
2024-11-07,Snacks,North,301,2471,5.74875,1
2024-11-07,Snacks,South,238,2295,6.396,1
2024-11-07,Snacks,West,303,2734,4.892352941176471,1
2024-11-08,Beverages,North,43,405,6.760000000000001,1
2024-11-08,Beverages,South,31,308,7.300000000000001,1
2024-11-08,Beverages,West,31,437,5.1000000000000005,0
2024-11-08,Dairy,North,561,6553,4.523255813953488,1
2024-11-08,Dairy,South,706,7842,5.272608695652174,1
2024-11-08,Dairy,West,685,6921,5.223333333333334,1
2024-11-08,Instant Food,North,239,1811,5.214166666666666,1
2024-11-08,Instant Food,South,223,2011,4.330769230769231,1
2024-11-08,Instant Food,West,217,1747,5.304615384615385,1
2024-11-08,Snacks,North,174,1624,5.958461538461538,1
2024-11-08,Snacks,South,265,1948,4.836153846153846,1
2024-11-08,Snacks,West,289,2908,5.585294117647059,1
2024-11-09,Beverages,North,27,470,3.686666666666667,0
2024-11-09,Beverages,South,67,596,6.823333333333333,1
2024-11-09,Beverages,West,26,308,8.065,0
2024-11-09,Dairy,North,638,6368,5.165348837209302,1
2024-11-09,Dairy,South,623,6526,5.313170731707317,1
2024-11-09,Dairy,West,717,8058,4.638979591836735,1
2024-11-09,Instant Food,North,221,1848,4.4763636363636365,0
2024-11-09,Instant Food,South,269,2059,5.24,1
2024-11-09,Instant Food,West,210,1725,4.531538461538461,0
2024-11-09,Snacks,North,327,2789,5.5335294117647065,1
2024-11-09,Snacks,South,252,2412,4.852142857142857,1
2024-11-09,Snacks,West,268,2217,4.524,1
2024-11-10,Beverages,North,24,375,4.785,0
2024-11-10,Beverages,South,36,332,5.055,1
2024-11-10,Beverages,West,32,407,4.465,0
2024-11-10,Dairy,North,658,7098,4.909772727272728,1
2024-11-10,Dairy,South,619,6650,4.876428571428572,1
2024-11-10,Dairy,West,616,7452,5.356875,1
2024-11-10,Instant Food,North,292,2248,5.543571428571428,1
2024-11-10,Instant Food,South,348,2443,5.728571428571429,1
2024-11-10,Instant Food,West,270,2208,4.896153846153846,1
2024-11-10,Snacks,North,305,2555,5.360666666666666,1
2024-11-10,Snacks,South,317,2816,5.707777777777777,1
2024-11-10,Snacks,West,268,2448,4.460625,1
2024-11-11,Beverages,North,33,510,2.55,0
2024-11-11,Beverages,South,34,257,4.55,1
2024-11-11,Beverages,West,30,333,2.85,0
2024-11-11,Dairy,North,699,7282,4.792826086956522,1
2024-11-11,Dairy,South,649,7285,5.257391304347826,1
2024-11-11,Dairy,West,802,7458,4.858695652173913,1
2024-11-11,Instant Food,North,185,1610,6.862727272727272,1
2024-11-11,Instant Food,South,206,1650,5.302727272727273,1
2024-11-11,Instant Food,West,300,1937,5.9625,1
2024-11-11,Snacks,North,288,2561,5.17625,1
2024-11-11,Snacks,South,271,2544,5.475882352941177,1
2024-11-11,Snacks,West,296,2694,5.578235294117647,1
2024-11-12,Beverages,North,31,430,3.826666666666666,0
2024-11-12,Beverages,South,34,429,6.653333333333333,0
2024-11-12,Beverages,West,19,319,3.93,0
2024-11-12,Dairy,North,698,7345,5.745510204081632,1
2024-11-12,Dairy,South,677,7227,5.55046511627907,1
2024-11-12,Dairy,West,580,6573,5.169069767441861,1
2024-11-12,Instant Food,North,239,1843,4.834615384615384,1
2024-11-12,Instant Food,South,242,1934,5.560909090909091,1
2024-11-12,Instant Food,West,312,2307,5.515714285714286,1
2024-11-12,Snacks,North,170,1994,5.397142857142858,0
2024-11-12,Snacks,South,312,2466,5.074999999999999,1
2024-11-12,Snacks,West,183,1849,5.008333333333334,1
2024-11-13,Beverages,North,57,616,6.609999999999999,1
2024-11-13,Beverages,South,34,587,6.1933333333333325,0
2024-11-13,Beverages,West,23,399,6.835,0
2024-11-13,Dairy,North,673,7225,5.464791666666667,1
2024-11-13,Dairy,South,534,6262,5.408604651162791,1
2024-11-13,Dairy,West,762,7852,5.261875,1
2024-11-13,Instant Food,North,274,2098,6.265714285714286,1
2024-11-13,Instant Food,South,241,1937,4.536666666666666,1
2024-11-13,Instant Food,West,259,1888,6.266666666666667,1
2024-11-13,Snacks,North,272,2315,4.67,1
2024-11-13,Snacks,South,232,2446,6.128571428571428,1
2024-11-13,Snacks,West,330,2781,5.494117647058824,1
2024-11-14,Beverages,North,50,400,7.080000000000001,1
2024-11-14,Beverages,South,30,446,4.376666666666666,0
2024-11-14,Beverages,West,36,422,6.62,1
2024-11-14,Dairy,North,596,6673,5.247272727272727,1
2024-11-14,Dairy,South,628,6952,5.188695652173913,1
2024-11-14,Dairy,West,653,6772,5.299545454545455,1
2024-11-14,Instant Food,North,217,1909,4.805833333333333,0
2024-11-14,Instant Food,South,346,2303,5.176153846153847,1
2024-11-14,Instant Food,West,226,1807,5.2925,1
2024-11-14,Snacks,North,256,2562,5.724375,1
2024-11-14,Snacks,South,337,2627,4.910625,1
2024-11-14,Snacks,West,257,2013,4.659230769230769,1
2024-11-15,Beverages,North,23,469,3.736666666666667,0
2024-11-15,Beverages,South,24,317,4.815,1
2024-11-15,Beverages,West,30,428,5.086666666666666,1
2024-11-15,Dairy,North,660,6834,5.043404255319149,1
2024-11-15,Dairy,South,570,6196,5.408536585365853,1
2024-11-15,Dairy,West,736,7438,5.599574468085106,1
2024-11-15,Instant Food,North,278,2284,4.839285714285714,1
2024-11-15,Instant Food,South,265,1769,5.1575,1
2024-11-15,Instant Food,West,210,1698,5.168181818181818,1
2024-11-15,Snacks,North,290,2773,4.934375,1
2024-11-15,Snacks,South,229,2166,6.5475,1
2024-11-15,Snacks,West,222,2060,4.62875,1
2024-11-16,Beverages,North,28,280,6.904999999999999,1
2024-11-16,Beverages,South,43,525,5.343333333333334,1
2024-11-16,Beverages,West,9,193,7.27,0
2024-11-16,Dairy,North,585,6939,5.438000000000001,1
2024-11-16,Dairy,South,601,6601,5.457619047619048,1
2024-11-16,Dairy,West,704,8100,5.466326530612245,1
2024-11-16,Instant Food,North,384,2003,5.381538461538461,1
2024-11-16,Instant Food,South,229,1995,4.8938461538461535,0
2024-11-16,Instant Food,West,324,2409,3.757857142857143,1
2024-11-16,Snacks,North,244,2480,4.873571428571429,0
2024-11-16,Snacks,South,274,2636,4.069411764705883,1
2024-11-16,Snacks,West,215,2071,5.345714285714286,1
2024-11-17,Beverages,North,39,399,5.823333333333333,1
2024-11-17,Beverages,South,35,596,6.103333333333334,0
2024-11-17,Beverages,West,36,537,7.57,0
2024-11-17,Dairy,North,629,6567,4.90925,1
2024-11-17,Dairy,South,594,6675,6.105,1
2024-11-17,Dairy,West,640,6788,5.918936170212766,1
2024-11-17,Instant Food,North,204,1762,5.075,0
2024-11-17,Instant Food,South,262,1838,4.5375,1
2024-11-17,Instant Food,West,272,2182,6.302857142857143,1
2024-11-17,Snacks,North,340,2878,5.073125,1
2024-11-17,Snacks,South,239,2159,4.9192307692307695,1
2024-11-17,Snacks,West,236,2243,5.753333333333333,1
2024-11-18,Beverages,North,19,278,5.0,0
2024-11-18,Beverages,South,48,616,5.2700000000000005,1
2024-11-18,Beverages,West,18,117,2.09,1
2024-11-18,Dairy,North,759,7068,4.972222222222222,1
2024-11-18,Dairy,South,614,6706,5.8885106382978725,1
2024-11-18,Dairy,West,618,7152,5.054545454545455,1
2024-11-18,Instant Food,North,136,1319,4.47625,0
2024-11-18,Instant Food,South,253,1860,4.605384615384615,1
2024-11-18,Instant Food,West,374,2978,5.664285714285714,1
2024-11-18,Snacks,North,291,2358,5.5807142857142855,1
2024-11-18,Snacks,South,291,2373,5.514285714285714,1
2024-11-18,Snacks,West,186,1755,4.605384615384615,1
2024-11-19,Beverages,North,17,203,2.79,1
2024-11-19,Beverages,South,43,385,6.78,1
2024-11-19,Beverages,West,22,256,5.46,1
2024-11-19,Dairy,North,704,7160,4.697391304347827,1
2024-11-19,Dairy,South,589,6821,5.044444444444444,1
2024-11-19,Dairy,West,621,6836,5.224222222222222,1
2024-11-19,Instant Food,North,337,2226,5.006428571428572,1
2024-11-19,Instant Food,South,258,2082,5.088461538461539,1
2024-11-19,Instant Food,West,320,2209,5.229230769230769,1
2024-11-19,Snacks,North,200,2071,4.269333333333333,1
2024-11-19,Snacks,South,274,2404,5.483333333333333,1
2024-11-19,Snacks,West,247,2340,5.854666666666666,1
2024-11-20,Beverages,North,25,518,5.719999999999999,0
2024-11-20,Beverages,South,24,241,5.92,1
2024-11-20,Beverages,West,35,511,5.739999999999999,0
2024-11-20,Dairy,North,701,7788,5.29795918367347,1
2024-11-20,Dairy,South,654,7128,5.405555555555556,1
2024-11-20,Dairy,West,620,6945,5.217727272727273,1
2024-11-20,Instant Food,North,298,2097,4.469166666666667,1
2024-11-20,Instant Food,South,248,2028,5.354615384615385,1
2024-11-20,Instant Food,West,254,2122,4.738571428571428,1
2024-11-20,Snacks,North,362,3014,5.498888888888889,1
2024-11-20,Snacks,South,269,2329,4.9975,1
2024-11-20,Snacks,West,241,2232,5.228,1
2024-11-21,Beverages,North,20,396,5.373333333333334,0
2024-11-21,Beverages,South,28,415,5.736666666666667,0
2024-11-21,Beverages,West,16,87,5.69,1
2024-11-21,Dairy,North,691,8114,5.347058823529411,1
2024-11-21,Dairy,South,684,7143,4.918863636363636,1
2024-11-21,Dairy,West,706,7583,5.075555555555556,1
2024-11-21,Instant Food,North,194,1731,5.793333333333333,0
2024-11-21,Instant Food,South,318,2665,4.97,1
2024-11-21,Instant Food,West,312,2340,4.76,1
2024-11-21,Snacks,North,195,2183,4.533571428571428,1
2024-11-21,Snacks,South,333,3039,4.588888888888889,1
2024-11-21,Snacks,West,238,2361,4.671176470588235,0
2024-11-22,Beverages,North,45,499,5.81,1
2024-11-22,Beverages,South,11,190,7.025,0
2024-11-22,Beverages,West,26,362,4.823333333333333,0
2024-11-22,Dairy,North,622,6622,5.277826086956522,1
2024-11-22,Dairy,South,690,7530,5.534468085106383,1
2024-11-22,Dairy,West,594,7113,5.59063829787234,1
2024-11-22,Instant Food,North,283,1793,4.849166666666666,1
2024-11-22,Instant Food,South,233,1740,4.457692307692308,1
2024-11-22,Instant Food,West,328,2458,6.166428571428571,1
2024-11-22,Snacks,North,235,1839,5.173636363636364,1
2024-11-22,Snacks,South,302,2531,5.438,1
2024-11-22,Snacks,West,220,2331,5.617333333333334,1
2024-11-23,Beverages,North,32,317,3.165,1
2024-11-23,Beverages,South,48,594,6.93,1
2024-11-23,Beverages,West,42,520,3.883333333333333,1
2024-11-23,Dairy,North,839,8161,5.464081632653062,1
2024-11-23,Dairy,South,555,6495,5.369545454545454,1
2024-11-23,Dairy,West,753,8206,5.120816326530612,1
2024-11-23,Instant Food,North,281,1942,6.38,1
2024-11-23,Instant Food,South,294,2477,5.328,1
2024-11-23,Instant Food,West,340,2255,4.744,1
2024-11-23,Snacks,North,314,2684,5.639375,1
2024-11-23,Snacks,South,261,2057,5.623333333333333,1
2024-11-23,Snacks,West,232,2573,5.423333333333333,0
2024-11-24,Beverages,North,30,292,5.43,1
2024-11-24,Beverages,South,51,646,7.613333333333333,0
2024-11-24,Beverages,West,18,323,4.12,0
2024-11-24,Dairy,North,675,7469,4.890666666666666,1
2024-11-24,Dairy,South,671,7289,5.17468085106383,1
2024-11-24,Dairy,West,677,7361,6.0134042553191485,1
2024-11-24,Instant Food,North,329,2351,5.547857142857143,1
2024-11-24,Instant Food,South,217,1732,5.7869230769230775,1
2024-11-24,Instant Food,West,243,1971,5.109230769230769,1
2024-11-24,Snacks,North,299,2742,4.112,1
2024-11-24,Snacks,South,259,2537,4.65125,1
2024-11-24,Snacks,West,254,2491,5.481764705882353,1
2024-11-25,Beverages,North,30,321,5.295,1
2024-11-25,Beverages,South,40,472,5.406666666666666,1
2024-11-25,Beverages,West,49,459,6.463333333333334,1
2024-11-25,Dairy,North,676,6435,5.278837209302326,1
2024-11-25,Dairy,South,564,6505,5.404047619047619,1
2024-11-25,Dairy,West,585,6718,5.748222222222223,1
2024-11-25,Instant Food,North,275,2315,4.882857142857143,1
2024-11-25,Instant Food,South,124,1094,6.052222222222222,1
2024-11-25,Instant Food,West,177,1691,5.344166666666666,1
2024-11-25,Snacks,North,298,2325,4.016666666666667,1
2024-11-25,Snacks,South,265,2370,5.033333333333333,1
2024-11-25,Snacks,West,262,2363,5.288,1
2024-11-26,Beverages,North,36,552,6.56,0
2024-11-26,Beverages,South,28,464,4.443333333333333,0
2024-11-26,Beverages,West,33,510,6.283333333333334,0
2024-11-26,Dairy,North,807,8672,5.129811320754717,1
2024-11-26,Dairy,South,709,7651,5.5,1
2024-11-26,Dairy,West,705,7072,5.120227272727273,1
2024-11-26,Instant Food,North,259,1963,4.890833333333333,1
2024-11-26,Instant Food,South,277,2140,4.681428571428572,1
2024-11-26,Instant Food,West,344,2476,5.3307142857142855,1
2024-11-26,Snacks,North,239,2012,4.760714285714286,1
2024-11-26,Snacks,South,253,2344,5.006666666666666,1
2024-11-26,Snacks,West,359,2959,5.272941176470589,1
2024-11-27,Beverages,North,15,335,4.42,0
2024-11-27,Beverages,South,41,458,5.37,1
2024-11-27,Beverages,West,33,544,7.483333333333333,0
2024-11-27,Dairy,North,656,7522,5.1204255319148935,1
2024-11-27,Dairy,South,728,7538,4.880697674418605,1
2024-11-27,Dairy,West,668,7303,4.737826086956522,1
2024-11-27,Instant Food,North,228,1740,5.586363636363637,1
2024-11-27,Instant Food,South,322,2449,5.8406666666666665,1
2024-11-27,Instant Food,West,196,1713,5.235,0
2024-11-27,Snacks,North,275,2301,5.326,1
2024-11-27,Snacks,South,294,2550,4.91375,1
2024-11-27,Snacks,West,232,2099,5.667142857142857,1
2024-11-28,Beverages,North,20,205,7.8,0
2024-11-28,Beverages,South,26,484,4.993333333333333,0
2024-11-28,Beverages,West,51,506,6.433333333333334,1
2024-11-28,Dairy,North,667,7175,5.3875,1
2024-11-28,Dairy,South,776,7929,5.710425531914893,1
2024-11-28,Dairy,West,716,7019,5.830851063829788,1
2024-11-28,Instant Food,North,258,1945,6.736,1
2024-11-28,Instant Food,South,349,1994,4.430714285714286,1
2024-11-28,Instant Food,West,215,1876,5.733076923076923,0
2024-11-28,Snacks,North,285,2840,5.327058823529412,1
2024-11-28,Snacks,South,363,3169,4.733333333333333,1
2024-11-28,Snacks,West,232,2016,4.967692307692308,1
2024-11-29,Beverages,North,25,350,5.015,0
2024-11-29,Beverages,South,38,483,5.670000000000001,0
2024-11-29,Beverages,West,36,430,4.8,0
2024-11-29,Dairy,North,736,7949,5.6364705882352935,1
2024-11-29,Dairy,South,630,6394,5.756190476190476,1
2024-11-29,Dairy,West,676,7366,5.649787234042553,1
2024-11-29,Instant Food,North,220,1920,6.310769230769231,0
2024-11-29,Instant Food,South,272,1983,5.525384615384615,1
2024-11-29,Instant Food,West,281,2219,5.5321428571428575,1
2024-11-29,Snacks,North,370,2798,5.509411764705882,1
2024-11-29,Snacks,South,232,2254,4.752857142857144,1
2024-11-29,Snacks,West,184,1939,4.714615384615384,0
2024-11-30,Beverages,North,49,424,6.346666666666667,1
2024-11-30,Beverages,South,46,424,5.14,1
2024-11-30,Beverages,West,21,263,7.74,0
2024-11-30,Dairy,North,709,7444,4.551428571428572,1
2024-11-30,Dairy,South,643,6625,5.51825,1
2024-11-30,Dairy,West,780,7745,5.343617021276596,1
2024-11-30,Instant Food,North,255,2055,5.533076923076924,1
2024-11-30,Instant Food,South,269,1985,5.417857142857143,1
2024-11-30,Instant Food,West,190,1684,4.503846153846154,1
2024-11-30,Snacks,North,292,2634,5.0200000000000005,1
2024-11-30,Snacks,South,258,2186,4.479333333333333,1
2024-11-30,Snacks,West,327,2429,5.725294117647059,1
2024-12-01,Beverages,North,22,358,3.1100000000000003,0
2024-12-01,Beverages,South,31,389,2.975,0
2024-12-01,Beverages,West,24,401,8.093333333333334,0
2024-12-01,Dairy,North,740,7221,5.100444444444444,1
2024-12-01,Dairy,South,602,6631,5.428809523809524,1
2024-12-01,Dairy,West,736,7343,5.125,1
2024-12-01,Instant Food,North,304,2029,5.950769230769231,1
2024-12-01,Instant Food,South,215,1490,5.846153846153846,1
2024-12-01,Instant Food,West,240,2103,3.785,1
2024-12-01,Snacks,North,176,2096,6.18076923076923,0
2024-12-01,Snacks,South,282,2730,4.715,1
2024-12-01,Snacks,West,274,2579,5.07875,1
2024-12-02,Beverages,North,32,462,2.46,0
2024-12-02,Beverages,South,38,616,6.573333333333333,0
2024-12-02,Beverages,West,19,325,7.164999999999999,0
2024-12-02,Dairy,North,660,6954,5.185681818181818,1
2024-12-02,Dairy,South,679,6784,4.986808510638298,1
2024-12-02,Dairy,West,686,7608,4.724375,1
2024-12-02,Instant Food,North,305,1847,4.9,1
2024-12-02,Instant Food,South,399,2646,6.2530769230769225,1
2024-12-02,Instant Food,West,326,2340,4.799333333333333,1
2024-12-02,Snacks,North,255,2448,5.163125,1
2024-12-02,Snacks,South,183,2294,5.594666666666667,0
2024-12-02,Snacks,West,193,1887,4.6691666666666665,1
2024-12-03,Beverages,North,34,461,6.823333333333333,1
2024-12-03,Beverages,South,32,440,4.88,1
2024-12-03,Beverages,West,31,641,6.426666666666667,0
2024-12-03,Dairy,North,664,7316,5.167555555555556,1
2024-12-03,Dairy,South,728,7364,4.965106382978724,1
2024-12-03,Dairy,West,747,7403,5.387083333333333,1
2024-12-03,Instant Food,North,363,2337,4.78923076923077,1
2024-12-03,Instant Food,South,262,2008,4.779090909090909,1
2024-12-03,Instant Food,West,335,2425,5.296,1
2024-12-03,Snacks,North,257,2772,4.979411764705882,1
2024-12-03,Snacks,South,258,2762,4.97125,1
2024-12-03,Snacks,West,228,2138,5.712142857142857,1
2024-12-04,Beverages,North,27,402,7.330000000000001,0
2024-12-04,Beverages,South,21,295,2.02,0
2024-12-04,Beverages,West,39,593,5.4366666666666665,0
2024-12-04,Dairy,North,623,7387,5.063125,1
2024-12-04,Dairy,South,686,7100,5.821363636363636,1
2024-12-04,Dairy,West,613,6826,5.376428571428572,1
2024-12-04,Instant Food,North,243,1865,4.7215384615384615,1
2024-12-04,Instant Food,South,300,2045,4.992307692307692,1
2024-12-04,Instant Food,West,239,1940,5.393076923076923,1
2024-12-04,Snacks,North,252,2657,6.18875,0
2024-12-04,Snacks,South,253,2463,6.063125,1
2024-12-04,Snacks,West,250,2377,6.034375,1
2024-12-05,Beverages,North,78,654,5.02,1
2024-12-05,Beverages,South,21,300,5.265,0
2024-12-05,Beverages,West,34,493,3.84,0
2024-12-05,Dairy,North,799,7742,5.551,1
2024-12-05,Dairy,South,588,6238,5.347894736842105,1
2024-12-05,Dairy,West,787,7619,4.52936170212766,1
2024-12-05,Instant Food,North,240,1794,4.84,1
2024-12-05,Instant Food,South,214,1721,5.631818181818182,1
2024-12-05,Instant Food,West,332,2129,5.972857142857143,1
2024-12-05,Snacks,North,181,1727,5.024,1
2024-12-05,Snacks,South,192,1860,4.502857142857143,1
2024-12-05,Snacks,West,219,2381,5.184375,1
2024-12-06,Beverages,North,23,400,5.28,0
2024-12-06,Beverages,South,16,320,3.68,0
2024-12-06,Beverages,West,11,223,6.69,0
2024-12-06,Dairy,North,656,6809,5.601951219512196,1
2024-12-06,Dairy,South,887,8389,5.694375,1
2024-12-06,Dairy,West,618,7169,5.549111111111111,1
2024-12-06,Instant Food,North,264,2032,5.714166666666666,1
2024-12-06,Instant Food,South,281,2336,5.243571428571428,0
2024-12-06,Instant Food,West,310,2206,5.572857142857143,1
2024-12-06,Snacks,North,303,2526,5.224375,1
2024-12-06,Snacks,South,280,2888,5.498235294117647,1
2024-12-06,Snacks,West,270,2632,5.119999999999999,1
2024-12-07,Beverages,North,23,357,7.095,0
2024-12-07,Beverages,South,33,440,3.286666666666666,0
2024-12-07,Beverages,West,40,591,5.57,1
2024-12-07,Dairy,North,755,7995,5.133181818181818,1
2024-12-07,Dairy,South,752,7566,5.562340425531915,1
2024-12-07,Dairy,West,810,8406,5.315,1
2024-12-07,Instant Food,North,356,2871,5.913333333333333,1
2024-12-07,Instant Food,South,116,809,3.954285714285714,0
2024-12-07,Instant Food,West,328,1934,5.59,1
2024-12-07,Snacks,North,205,2413,5.535625,0
2024-12-07,Snacks,South,281,2609,5.545625,1
2024-12-07,Snacks,West,231,2473,5.46235294117647,1
2024-12-08,Beverages,North,30,390,5.083333333333333,1
2024-12-08,Beverages,South,30,536,5.68,0
2024-12-08,Beverages,West,20,345,7.1066666666666665,0
2024-12-08,Dairy,North,711,7358,4.947659574468085,1
2024-12-08,Dairy,South,728,7356,5.317111111111111,1
2024-12-08,Dairy,West,614,6992,4.905531914893617,1
2024-12-08,Instant Food,North,339,2464,4.6450000000000005,1
2024-12-08,Instant Food,South,274,1938,5.776923076923077,1
2024-12-08,Instant Food,West,233,1534,5.65,1
2024-12-08,Snacks,North,254,2707,6.128888888888889,1
2024-12-08,Snacks,South,246,2379,5.010625,1
2024-12-08,Snacks,West,250,2786,6.286875,1
2024-12-09,Beverages,North,20,346,2.936666666666666,0
2024-12-09,Beverages,South,26,264,4.915,1
2024-12-09,Beverages,West,22,307,5.640000000000001,0
2024-12-09,Dairy,North,631,6089,5.310714285714286,1
2024-12-09,Dairy,South,682,7034,5.189767441860465,1
2024-12-09,Dairy,West,768,7465,5.682244897959184,1
2024-12-09,Instant Food,North,264,1893,6.071428571428571,1
2024-12-09,Instant Food,South,283,2264,4.7907142857142855,1
2024-12-09,Instant Food,West,278,2356,5.482307692307692,1
2024-12-09,Snacks,North,233,2011,6.18923076923077,1
2024-12-09,Snacks,South,242,2443,5.815333333333333,1
2024-12-09,Snacks,West,274,2873,5.840625,1
2024-12-10,Beverages,North,13,326,1.81,0
2024-12-10,Beverages,South,39,644,6.87,0
2024-12-10,Beverages,West,42,576,6.316666666666666,1
2024-12-10,Dairy,North,572,6198,5.7411627906976745,1
2024-12-10,Dairy,South,609,6630,5.285434782608696,1
2024-12-10,Dairy,West,652,6849,4.6466666666666665,1
2024-12-10,Instant Food,North,269,1796,5.435,1
2024-12-10,Instant Food,South,327,2332,5.982,1
2024-12-10,Instant Food,West,229,1817,5.077142857142857,0
2024-12-10,Snacks,North,240,2286,5.446470588235294,1
2024-12-10,Snacks,South,196,2123,6.0746153846153845,1
2024-12-10,Snacks,West,247,2722,4.47625,0
2024-12-11,Beverages,North,30,451,4.296666666666667,0
2024-12-11,Beverages,South,11,168,5.25,0
2024-12-11,Beverages,West,21,236,6.71,1
2024-12-11,Dairy,North,665,7556,5.424791666666667,1
2024-12-11,Dairy,South,719,7790,5.58,1
2024-12-11,Dairy,West,674,6689,5.647021276595745,1
2024-12-11,Instant Food,North,196,1702,5.089230769230769,1
2024-12-11,Instant Food,South,307,2203,4.657692307692307,1
2024-12-11,Instant Food,West,253,2177,5.722857142857143,0
2024-12-11,Snacks,North,276,2210,5.248666666666667,1
2024-12-11,Snacks,South,162,1522,5.831818181818182,1
2024-12-11,Snacks,West,265,2210,5.74,1
2024-12-12,Beverages,North,25,559,5.346666666666667,0
2024-12-12,Beverages,South,27,364,3.96,0
2024-12-12,Beverages,West,15,282,6.395,0
2024-12-12,Dairy,North,747,7415,4.986666666666666,1
2024-12-12,Dairy,South,615,6006,5.702564102564103,1
2024-12-12,Dairy,West,686,7298,4.841739130434783,1
2024-12-12,Instant Food,North,232,1815,4.553333333333334,1
2024-12-12,Instant Food,South,307,2293,5.565,1
2024-12-12,Instant Food,West,286,2128,4.825833333333334,1
2024-12-12,Snacks,North,283,2912,5.917058823529412,1
2024-12-12,Snacks,South,203,1997,5.569285714285714,1
2024-12-12,Snacks,West,202,2127,5.903571428571429,1
2024-12-13,Beverages,North,28,349,2.16,1
2024-12-13,Beverages,South,20,288,6.1,0
2024-12-13,Beverages,West,24,334,6.15,0
2024-12-13,Dairy,North,641,7046,5.279555555555556,1
2024-12-13,Dairy,South,549,6301,5.319545454545454,1
2024-12-13,Dairy,West,592,6134,5.202045454545455,1
2024-12-13,Instant Food,North,254,1708,5.81,1
2024-12-13,Instant Food,South,237,1706,4.7318181818181815,1
2024-12-13,Instant Food,West,239,1749,5.893846153846154,1
2024-12-13,Snacks,North,258,2535,5.422666666666667,1
2024-12-13,Snacks,South,288,2393,4.204285714285715,1
2024-12-13,Snacks,West,224,2303,5.338666666666667,1
2024-12-14,Beverages,North,21,303,3.4399999999999995,0
2024-12-14,Beverages,South,26,515,7.13,0
2024-12-14,Beverages,West,37,446,4.566666666666666,1
2024-12-14,Dairy,North,678,7252,5.651111111111112,1
2024-12-14,Dairy,South,644,7146,5.25,1
2024-12-14,Dairy,West,654,6450,4.970909090909091,1
2024-12-14,Instant Food,North,361,2291,5.52,1
2024-12-14,Instant Food,South,271,1783,4.90090909090909,1
2024-12-14,Instant Food,West,247,2257,5.473846153846154,0
2024-12-14,Snacks,North,190,1542,5.167333333333334,1
2024-12-14,Snacks,South,208,2239,6.122,0
2024-12-14,Snacks,West,231,2129,5.553076923076923,1
2024-12-15,Beverages,North,49,629,3.390000000000001,1
2024-12-15,Beverages,South,32,606,3.790000000000001,0
2024-12-15,Beverages,West,25,370,6.82,0
2024-12-15,Dairy,North,748,7423,5.749782608695653,1
2024-12-15,Dairy,South,594,6546,4.610238095238096,1
2024-12-15,Dairy,West,747,7692,5.3276,1
2024-12-15,Instant Food,North,262,1980,5.364999999999999,1
2024-12-15,Instant Food,South,196,1642,5.341666666666666,1
2024-12-15,Instant Food,West,226,1712,5.133846153846155,1
2024-12-15,Snacks,North,267,2564,5.072777777777778,1
2024-12-15,Snacks,South,188,1792,5.045833333333333,1
2024-12-15,Snacks,West,283,2638,5.887058823529412,1
2024-12-16,Beverages,North,52,484,5.153333333333333,1
2024-12-16,Beverages,South,32,443,5.456666666666667,0
2024-12-16,Beverages,West,19,252,7.435,0
2024-12-16,Dairy,North,713,7056,5.120681818181819,1
2024-12-16,Dairy,South,688,7280,5.349583333333334,1
2024-12-16,Dairy,West,628,7057,5.27195652173913,1
2024-12-16,Instant Food,North,235,1649,5.063846153846153,1
2024-12-16,Instant Food,South,248,1851,6.543846153846155,1
2024-12-16,Instant Food,West,221,1747,4.889166666666667,1
2024-12-16,Snacks,North,252,2559,5.11,1
2024-12-16,Snacks,South,208,2453,4.255714285714285,0
2024-12-16,Snacks,West,216,2533,5.541764705882353,0
2024-12-17,Beverages,North,8,139,3.68,0
2024-12-17,Beverages,South,36,554,8.03,0
2024-12-17,Beverages,West,49,383,5.4433333333333325,1
2024-12-17,Dairy,North,754,7720,5.465714285714285,1
2024-12-17,Dairy,South,588,7090,4.818297872340426,1
2024-12-17,Dairy,West,740,8072,4.802244897959183,1
2024-12-17,Instant Food,North,263,2188,4.357692307692307,1
2024-12-17,Instant Food,South,207,1597,5.986666666666667,1
2024-12-17,Instant Food,West,273,2083,4.083333333333333,1
2024-12-17,Snacks,North,228,2453,5.409375,1
2024-12-17,Snacks,South,262,2488,5.62625,1
2024-12-17,Snacks,West,233,2809,5.354705882352941,1
2024-12-18,Beverages,North,36,517,5.056666666666667,0
2024-12-18,Beverages,South,29,396,7.854999999999999,0
2024-12-18,Beverages,West,20,363,5.236666666666667,0
2024-12-18,Dairy,North,740,7483,5.775399999999999,1
2024-12-18,Dairy,South,731,7843,5.253777777777778,1
2024-12-18,Dairy,West,865,7987,5.581086956521739,1
2024-12-18,Instant Food,North,294,2104,4.891538461538461,1
2024-12-18,Instant Food,South,230,1734,5.401818181818182,0
2024-12-18,Instant Food,West,405,2590,5.258,1
2024-12-18,Snacks,North,212,2101,4.6207142857142856,1
2024-12-18,Snacks,South,200,1938,4.813571428571429,1
2024-12-18,Snacks,West,252,2508,5.437647058823529,1
2024-12-19,Beverages,North,12,276,7.09,0
2024-12-19,Beverages,South,26,415,3.9933333333333336,0
2024-12-19,Beverages,West,32,538,4.126666666666666,0
2024-12-19,Dairy,North,746,6974,5.179333333333333,1
2024-12-19,Dairy,South,646,7389,5.22404255319149,1
2024-12-19,Dairy,West,766,7259,4.84875,1
2024-12-19,Instant Food,North,371,2414,6.452307692307692,1
2024-12-19,Instant Food,South,254,1912,6.495384615384615,1
2024-12-19,Instant Food,West,248,1865,5.136666666666667,1
2024-12-19,Snacks,North,259,2567,5.508125,1
2024-12-19,Snacks,South,199,2047,4.615714285714286,1
2024-12-19,Snacks,West,271,2472,5.777333333333333,1
2024-12-20,Beverages,North,37,522,5.426666666666667,0
2024-12-20,Beverages,South,7,120,5.75,0
2024-12-20,Beverages,West,33,524,5.2700000000000005,0
2024-12-20,Dairy,North,662,7543,5.3119565217391305,1
2024-12-20,Dairy,South,727,7244,5.613695652173914,1
2024-12-20,Dairy,West,646,6628,5.800697674418605,1
2024-12-20,Instant Food,North,402,2817,4.854,1
2024-12-20,Instant Food,South,225,1895,5.511666666666667,0
2024-12-20,Instant Food,West,250,1580,5.795454545454546,1
2024-12-20,Snacks,North,264,2817,6.595882352941176,1
2024-12-20,Snacks,South,303,2668,4.975,1
2024-12-20,Snacks,West,193,2299,5.242142857142857,0
2024-12-21,Beverages,North,21,363,6.096666666666667,0
2024-12-21,Beverages,South,19,369,4.986666666666667,0
2024-12-21,Beverages,West,36,299,5.545,1
2024-12-21,Dairy,North,655,6630,5.526363636363636,1
2024-12-21,Dairy,South,695,7066,5.009555555555556,1
2024-12-21,Dairy,West,689,7478,4.776041666666667,1
2024-12-21,Instant Food,North,357,2533,5.596,1
2024-12-21,Instant Food,South,298,1909,4.399166666666667,1
2024-12-21,Instant Food,West,299,2060,4.830769230769231,1
2024-12-21,Snacks,North,226,2523,5.415,1
2024-12-21,Snacks,South,264,2473,4.084117647058824,1
2024-12-21,Snacks,West,241,2687,5.225294117647059,1
2024-12-22,Beverages,North,24,139,6.47,1
2024-12-22,Beverages,South,17,259,4.57,0
2024-12-22,Beverages,West,44,528,7.140000000000001,1
2024-12-22,Dairy,North,758,7222,5.137446808510639,1
2024-12-22,Dairy,South,697,7733,5.314255319148937,1
2024-12-22,Dairy,West,607,6750,5.043260869565217,1
2024-12-22,Instant Food,North,226,1865,5.4484615384615385,1
2024-12-22,Instant Food,South,230,2175,4.965714285714285,0
2024-12-22,Instant Food,West,332,2360,4.8933333333333335,1
2024-12-22,Snacks,North,265,2260,5.4,1
2024-12-22,Snacks,South,223,2238,5.780666666666667,1
2024-12-22,Snacks,West,233,2117,4.592307692307693,1
2024-12-23,Beverages,North,23,327,4.705,0
2024-12-23,Beverages,South,46,446,7.449999999999999,0
2024-12-23,Beverages,West,30,403,4.156666666666666,0
2024-12-23,Dairy,North,610,6420,5.015476190476191,1
2024-12-23,Dairy,South,579,7042,5.097391304347826,1
2024-12-23,Dairy,West,655,6714,4.77590909090909,1
2024-12-23,Instant Food,North,339,2318,6.392857142857143,1
2024-12-23,Instant Food,South,231,1932,4.932142857142857,1
2024-12-23,Instant Food,West,209,1954,5.092307692307693,0
2024-12-23,Snacks,North,285,3290,5.724117647058824,0
2024-12-23,Snacks,South,235,2426,5.728125,1
2024-12-23,Snacks,West,263,2512,5.93375,1
2024-12-24,Beverages,North,33,474,5.246666666666667,0
2024-12-24,Beverages,South,27,406,4.653333333333333,0
2024-12-24,Beverages,West,6,113,6.4,0
2024-12-24,Dairy,North,697,7773,5.046458333333333,1
2024-12-24,Dairy,South,675,7009,4.968636363636364,1
2024-12-24,Dairy,West,669,7154,5.46531914893617,1
2024-12-24,Instant Food,North,244,1861,5.588333333333334,1
2024-12-24,Instant Food,South,240,1916,6.379166666666666,1
2024-12-24,Instant Food,West,274,2214,5.430714285714286,1
2024-12-24,Snacks,North,252,2382,4.658,1
2024-12-24,Snacks,South,330,2704,5.23875,1
2024-12-24,Snacks,West,253,2366,5.094375,1
2024-12-25,Beverages,North,11,171,6.28,0
2024-12-25,Beverages,South,8,110,2.17,0
2024-12-25,Beverages,West,11,203,8.36,0
2024-12-25,Dairy,North,688,7401,5.33452380952381,1
2024-12-25,Dairy,South,648,6714,5.0285365853658535,1
2024-12-25,Dairy,West,668,7088,5.118333333333333,1
2024-12-25,Instant Food,North,204,2004,5.443571428571429,0
2024-12-25,Instant Food,South,298,1982,4.318333333333333,1
2024-12-25,Instant Food,West,256,2115,5.392307692307692,1
2024-12-25,Snacks,North,192,1669,4.89,1
2024-12-25,Snacks,South,237,2427,4.625333333333333,1
2024-12-25,Snacks,West,238,2617,5.724705882352941,1
2024-12-26,Beverages,North,44,527,5.246666666666667,1
2024-12-26,Beverages,South,5,96,5.45,0
2024-12-26,Beverages,West,24,264,2.6266666666666665,1
2024-12-26,Dairy,North,674,6762,4.724545454545455,1
2024-12-26,Dairy,South,635,6539,5.433260869565218,1
2024-12-26,Dairy,West,775,8037,5.115,1
2024-12-26,Instant Food,North,223,1664,4.482,1
2024-12-26,Instant Food,South,234,1866,5.9023076923076925,1
2024-12-26,Instant Food,West,268,2097,5.504285714285714,1
2024-12-26,Snacks,North,307,2872,5.836875,1
2024-12-26,Snacks,South,256,2746,5.307647058823529,1
2024-12-26,Snacks,West,202,2265,5.1525,1
2024-12-27,Beverages,North,34,474,6.109999999999999,0
2024-12-27,Beverages,South,29,523,5.46,0
2024-12-27,Beverages,West,37,537,4.466666666666666,0
2024-12-27,Dairy,North,700,7304,5.1165957446808505,1
2024-12-27,Dairy,South,734,7923,4.928260869565217,1
2024-12-27,Dairy,West,690,7524,5.8255319148936175,1
2024-12-27,Instant Food,North,280,2229,5.96,1
2024-12-27,Instant Food,South,267,2030,4.553076923076923,1
2024-12-27,Instant Food,West,324,1739,4.786666666666666,1
2024-12-27,Snacks,North,217,2173,5.126,1
2024-12-27,Snacks,South,260,2709,4.920625,1
2024-12-27,Snacks,West,254,2180,4.704375,1
2024-12-28,Beverages,North,39,513,5.253333333333333,1
2024-12-28,Beverages,South,31,501,6.326666666666667,0
2024-12-28,Beverages,West,34,365,5.573333333333333,1
2024-12-28,Dairy,North,708,7618,4.0934042553191485,1
2024-12-28,Dairy,South,517,5887,5.37075,1
2024-12-28,Dairy,West,746,7436,5.150869565217391,1
2024-12-28,Instant Food,North,212,1968,5.282857142857144,1
2024-12-28,Instant Food,South,280,1947,5.6000000000000005,1
2024-12-28,Instant Food,West,232,1972,5.0600000000000005,0
2024-12-28,Snacks,North,267,2768,5.607647058823529,1
2024-12-28,Snacks,South,240,2162,5.271333333333333,1
2024-12-28,Snacks,West,180,2238,5.586666666666667,0
2024-12-29,Beverages,North,41,442,5.703333333333333,1
2024-12-29,Beverages,South,48,699,5.863333333333333,0
2024-12-29,Beverages,West,23,492,3.0766666666666667,0
2024-12-29,Dairy,North,719,8023,5.095652173913043,1
2024-12-29,Dairy,South,808,7588,5.915319148936169,1
2024-12-29,Dairy,West,742,7467,5.339130434782609,1
2024-12-29,Instant Food,North,241,1842,5.579999999999999,1
2024-12-29,Instant Food,South,235,1924,4.731538461538462,1
2024-12-29,Instant Food,West,238,1684,4.574166666666667,1
2024-12-29,Snacks,North,202,2122,5.227857142857142,1
2024-12-29,Snacks,South,227,2438,4.924117647058823,1
2024-12-29,Snacks,West,256,2681,5.922352941176471,1
2024-12-30,Beverages,North,37,471,7.916666666666667,0
2024-12-30,Beverages,South,17,314,4.65,0
2024-12-30,Beverages,West,19,268,2.17,0
2024-12-30,Dairy,North,736,7116,5.070666666666667,1
2024-12-30,Dairy,South,727,7694,5.386808510638298,1
2024-12-30,Dairy,West,695,7721,5.578125,1
2024-12-30,Instant Food,North,256,2260,5.841333333333334,1
2024-12-30,Instant Food,South,260,1786,5.01,1
2024-12-30,Instant Food,West,325,2047,6.026923076923077,1
2024-12-30,Snacks,North,265,2805,5.265333333333333,1
2024-12-30,Snacks,South,182,1738,5.228461538461539,1
2024-12-30,Snacks,West,283,2683,5.7250000000000005,1
2024-12-31,Beverages,North,33,458,3.6166666666666663,1
2024-12-31,Beverages,South,32,565,6.666666666666667,0
2024-12-31,Beverages,West,23,419,7.113333333333333,0
2024-12-31,Dairy,North,709,6998,5.342173913043479,1
2024-12-31,Dairy,South,618,6511,5.076744186046512,1
2024-12-31,Dairy,West,759,7394,5.09608695652174,1
2024-12-31,Instant Food,North,212,1986,5.573846153846154,0
2024-12-31,Instant Food,South,267,2106,5.415,1
2024-12-31,Instant Food,West,272,1777,4.7675,1
2024-12-31,Snacks,North,250,2260,4.699285714285714,1
2024-12-31,Snacks,South,195,2130,4.734,1
2024-12-31,Snacks,West,139,1471,5.363571428571428,1
2022-01-21,Stationery,North,86,306,4.23,0
2022-01-22,Stationery,North,55,658,4.53,0
2022-01-23,Stationery,North,55,476,3.66,0
2022-01-24,Stationery,North,49,675,4.91,0
2022-01-25,Stationery,North,75,766,4.94,0
2022-01-26,Stationery,North,94,366,1.55,1
2022-01-27,Stationery,North,60,545,1.84,0
2022-01-28,Stationery,North,63,708,4.42,0
2022-01-29,Stationery,North,48,587,2.59,0
2022-01-30,Stationery,North,53,601,4.21,1
2022-01-31,Stationery,North,92,470,1.81,0
2022-02-01,Stationery,North,192,537,3.39,0
2022-02-02,Stationery,North,207,692,1.99,0
2022-02-03,Stationery,North,180,671,1.55,0
2022-02-04,Stationery,North,241,578,1.76,0
2022-02-05,Stationery,North,132,247,2.8,0
2022-02-06,Stationery,North,217,746,3.15,0
2022-02-07,Stationery,North,244,417,2.33,0
2022-02-08,Stationery,North,184,774,4.64,0
2022-02-09,Stationery,North,273,684,2.37,0
2022-02-10,Stationery,North,177,359,3.6,0
2022-02-11,Stationery,North,219,773,3.72,1
2022-02-12,Stationery,North,158,530,2.64,0
2022-02-13,Stationery,North,190,584,2.3,0
2022-02-14,Stationery,North,213,558,2.08,0
2022-02-15,Stationery,North,271,433,2.68,1
2022-02-16,Stationery,North,63,432,2.91,0
2022-02-17,Stationery,North,59,585,3.99,0
2022-02-18,Stationery,North,82,424,3.72,0
2022-02-19,Stationery,North,50,615,3.57,0
2022-02-20,Stationery,North,44,493,2.79,0
2022-02-21,Stationery,North,110,343,4.42,0
2022-02-22,Stationery,North,114,602,3.99,0
2022-02-23,Stationery,North,66,688,3.92,0
2022-02-24,Stationery,North,65,350,3.4,0
2022-02-25,Stationery,North,65,771,2.41,1
2022-02-26,Stationery,North,73,359,3.72,0
2022-02-27,Stationery,North,75,330,4.5,0
2022-02-28,Stationery,North,110,311,1.86,0
2022-03-01,Stationery,North,112,360,1.56,0
2022-03-02,Stationery,North,61,591,4.47,0
2022-03-03,Stationery,North,68,669,2.43,0
2022-03-04,Stationery,North,82,637,4.67,0
2022-03-05,Stationery,North,71,680,2.18,0
2022-03-06,Stationery,North,59,419,3.14,0
2022-03-07,Stationery,North,89,236,4.75,0
2022-03-08,Stationery,North,80,360,2.61,0
2022-03-09,Stationery,North,91,769,4.76,0
2022-03-10,Stationery,North,78,354,2.53,0
2022-03-11,Stationery,North,104,737,4.34,1
2022-03-12,Stationery,North,77,235,4.29,0
2022-03-13,Stationery,North,86,670,1.6,0
2022-03-14,Stationery,North,101,250,3.13,0
2022-03-15,Stationery,North,74,541,2.38,0
2022-03-16,Stationery,North,66,463,4.19,0
2022-03-17,Stationery,North,71,549,3.39,0
2022-03-18,Stationery,North,51,319,2.45,0
2022-03-19,Stationery,North,74,257,4.7,0
2022-03-20,Stationery,North,61,687,4.77,0
2022-03-21,Stationery,North,114,780,3.64,0
2022-03-22,Stationery,North,56,285,1.55,0
2022-03-23,Stationery,North,94,403,1.56,0
2022-03-24,Stationery,North,82,453,3.02,0
2022-03-25,Stationery,North,116,379,2.81,0
2022-03-26,Stationery,North,82,524,3.89,0
2022-03-27,Stationery,North,81,579,1.95,0
2022-03-28,Stationery,North,98,776,4.86,1
2022-03-29,Stationery,North,77,289,2.62,0
2022-03-30,Stationery,North,67,700,2.72,1
2022-03-31,Stationery,North,73,593,2.98,0
2022-04-01,Stationery,North,109,747,2.8,0
2022-04-02,Stationery,North,72,236,2.34,0
2022-04-03,Stationery,North,64,472,3.37,0
2022-04-04,Stationery,North,48,218,2.86,0
2022-04-05,Stationery,North,83,583,3.19,0
2022-04-06,Stationery,North,118,668,4.13,0
2022-04-07,Stationery,North,69,422,1.7,0
2022-04-08,Stationery,North,111,787,3.91,0
2022-04-09,Stationery,North,69,373,3.95,0
2022-04-10,Stationery,North,83,716,3.3,0
2022-04-11,Stationery,North,98,541,4.34,1
2022-04-12,Stationery,North,67,644,2.82,0
2022-04-13,Stationery,North,56,325,3.22,0
2022-04-14,Stationery,North,69,675,4.19,0
2022-04-15,Stationery,North,103,547,4.87,0
2022-04-16,Stationery,North,72,316,4.87,0
2022-04-17,Stationery,North,78,402,4.72,0
2022-04-18,Stationery,North,75,246,3.7,0
2022-04-19,Stationery,North,104,458,4.65,0
2022-04-20,Stationery,North,88,572,2.47,0
2022-04-21,Stationery,North,42,377,2.43,0
2022-04-22,Stationery,North,58,344,2.48,0
2022-04-23,Stationery,North,55,757,1.77,1
2022-04-24,Stationery,North,72,649,1.79,1
2022-04-25,Stationery,North,63,573,4.34,1
2022-04-26,Stationery,North,73,262,2.88,0
2022-04-27,Stationery,North,70,304,2.95,0
2022-04-28,Stationery,North,80,764,4.81,0
2022-04-29,Stationery,North,59,200,4.84,0
2022-04-30,Stationery,North,65,233,2.75,0
2022-05-01,Stationery,North,91,317,4.41,0
2022-05-02,Stationery,North,96,406,4.25,0
2022-05-03,Stationery,North,208,505,3.56,0
2022-05-04,Stationery,North,231,507,3.42,0
2022-05-05,Stationery,North,195,305,4.52,1
2022-05-06,Stationery,North,135,268,4.93,0
2022-05-07,Stationery,North,191,310,1.95,0
2022-05-08,Stationery,North,139,480,4.64,0
2022-05-09,Stationery,North,168,250,1.64,0
2022-05-10,Stationery,North,163,604,3.42,0
2022-05-11,Stationery,North,226,277,2.66,0
2022-05-12,Stationery,North,189,413,1.79,1
2022-05-13,Stationery,North,225,452,4.95,0
2022-05-14,Stationery,North,169,227,2.79,0
2022-05-15,Stationery,North,187,562,3.36,0
2022-05-16,Stationery,North,232,214,1.87,0
2022-05-17,Stationery,North,196,472,2.24,0
2022-05-18,Stationery,North,114,266,3.77,0
2022-05-19,Stationery,North,108,568,3.48,0
2022-05-20,Stationery,North,87,519,3.5,0
2022-05-21,Stationery,North,69,488,1.53,0
2022-05-22,Stationery,North,42,549,2.15,0
2022-05-23,Stationery,North,72,239,3.94,1
2022-05-24,Stationery,North,91,274,4.53,0
2022-05-25,Stationery,North,63,773,4.75,0
2022-05-26,Stationery,North,60,499,2.22,1
2022-05-27,Stationery,North,72,731,2.35,0
2022-05-28,Stationery,North,56,338,4.76,0
2022-05-29,Stationery,North,58,209,3.42,0
2022-05-30,Stationery,North,79,795,2.39,0
2022-05-31,Stationery,North,102,749,2.94,0
2022-06-01,Stationery,North,149,787,2.83,1
2022-06-02,Stationery,North,164,428,2.21,0
2022-06-03,Stationery,North,150,578,3.72,1
2022-06-04,Stationery,North,124,601,4.36,0
2022-06-05,Stationery,North,84,621,3.39,0
2022-06-06,Stationery,North,103,702,3.36,0
2022-06-07,Stationery,North,135,397,4.79,0
2022-06-08,Stationery,North,116,214,4.58,0
2022-06-09,Stationery,North,172,356,2.03,0
2022-06-10,Stationery,North,157,453,2.22,0
2022-06-11,Stationery,North,159,317,4.37,0
2022-06-12,Stationery,North,147,460,3.2,0
2022-06-13,Stationery,North,199,482,2.71,0
2022-06-14,Stationery,North,156,222,3.12,1
2022-06-15,Stationery,North,140,409,3.64,0
2022-06-16,Stationery,North,198,326,2.03,0
2022-06-17,Stationery,North,126,228,1.86,0
2022-06-18,Stationery,North,103,619,1.94,1
2022-06-19,Stationery,North,134,630,1.69,0
2022-06-20,Stationery,North,100,736,4.52,1
2022-06-21,Stationery,North,74,546,3.08,0
2022-06-22,Stationery,North,112,224,3.24,0
2022-06-23,Stationery,North,144,262,2.47,0
2022-06-24,Stationery,North,131,283,3.11,0
2022-06-25,Stationery,North,136,559,3.26,0
2022-06-26,Stationery,North,122,517,2.22,0
2022-06-27,Stationery,North,137,623,3.56,0
2022-06-28,Stationery,North,168,701,3.04,0
2022-06-29,Stationery,North,114,463,4.52,1
2022-06-30,Stationery,North,98,361,2.93,0
2022-07-01,Stationery,North,149,548,2.93,0
2022-07-02,Stationery,North,98,527,1.86,0
2022-07-03,Stationery,North,123,463,1.85,0
2022-07-04,Stationery,North,167,690,4.87,1
2022-07-05,Stationery,North,125,206,3.72,0
2022-07-06,Stationery,North,161,281,4.62,0
2022-07-07,Stationery,North,102,585,2.77,0
2022-07-08,Stationery,North,141,455,3.43,0
2022-07-09,Stationery,North,126,563,1.99,1
2022-07-10,Stationery,North,144,327,2.14,0
2022-07-11,Stationery,North,190,436,2.91,0
2022-07-12,Stationery,North,135,641,4.65,0
2022-07-13,Stationery,North,175,327,1.91,0
2022-07-14,Stationery,North,137,352,3.24,0
2022-07-15,Stationery,North,110,367,2.38,0
2022-07-16,Stationery,North,183,600,2.97,0
2022-07-17,Stationery,North,108,562,2.15,0
2022-07-18,Stationery,North,150,312,4.03,0
2022-07-19,Stationery,North,146,605,4.06,0
2022-07-20,Stationery,North,129,706,3.59,0
2022-07-21,Stationery,North,136,495,4.05,0
2022-07-22,Stationery,North,145,238,1.77,0
2022-07-23,Stationery,North,139,216,4.83,0
2022-07-24,Stationery,North,113,415,4.15,0
2022-07-25,Stationery,North,175,399,2.37,0
2022-07-26,Stationery,North,157,285,4.7,0
2022-07-27,Stationery,North,125,697,2.98,0
2022-07-28,Stationery,North,153,472,3.78,0
2022-07-29,Stationery,North,148,330,3.94,0
2022-07-30,Stationery,North,117,726,4.31,0
2022-07-31,Stationery,North,158,360,4.6,0
2022-08-01,Stationery,North,91,615,4.76,0
2022-08-02,Stationery,North,112,438,2.89,0
2022-08-03,Stationery,North,63,776,2.34,0
2022-08-04,Stationery,North,50,523,4.0,0
2022-08-05,Stationery,North,84,784,1.88,0
2022-08-06,Stationery,North,67,579,2.96,1
2022-08-07,Stationery,North,74,425,2.08,1
2022-08-08,Stationery,North,113,692,1.92,0
2022-08-09,Stationery,North,72,705,4.23,0
2022-08-10,Stationery,North,95,261,4.99,1
2022-08-11,Stationery,North,106,288,3.58,0
2022-08-12,Stationery,North,66,394,4.84,1
2022-08-13,Stationery,North,85,460,4.07,0
2022-08-14,Stationery,North,66,653,4.87,0
2022-08-15,Stationery,North,93,522,2.72,0
2022-08-16,Stationery,North,60,461,3.32,1
2022-08-17,Stationery,North,65,562,2.34,1
2022-08-18,Stationery,North,78,206,4.59,1
2022-08-19,Stationery,North,94,625,1.95,0
2022-08-20,Stationery,North,64,555,3.45,0
2022-08-21,Stationery,North,51,724,3.66,1
2022-08-22,Stationery,North,67,647,3.39,0
2022-08-23,Stationery,North,79,785,3.01,0
2022-08-24,Stationery,North,58,236,1.86,1
2022-08-25,Stationery,North,75,391,3.98,0
2022-08-26,Stationery,North,62,673,1.76,1
2022-08-27,Stationery,North,86,580,2.84,0
2022-08-28,Stationery,North,73,658,3.89,0
2022-08-29,Stationery,North,36,238,3.34,0
2022-08-30,Stationery,North,87,283,3.79,0
2022-08-31,Stationery,North,88,283,2.89,0
2022-09-01,Stationery,North,81,726,4.11,0
2022-09-02,Stationery,North,92,470,3.15,0
2022-09-03,Stationery,North,57,508,2.04,0
2022-09-04,Stationery,North,63,548,1.96,0
2022-09-05,Stationery,North,90,757,3.12,0
2022-09-06,Stationery,North,119,720,2.2,0
2022-09-07,Stationery,North,75,316,3.57,0
2022-09-08,Stationery,North,105,537,3.18,0
2022-09-09,Stationery,North,84,301,4.68,0
2022-09-10,Stationery,North,64,787,4.95,0
2022-09-11,Stationery,North,98,441,2.64,0
2022-09-12,Stationery,North,69,788,1.78,0
2022-09-13,Stationery,North,72,321,4.3,0
2022-09-14,Stationery,North,110,208,4.78,0
2022-09-15,Stationery,North,110,463,4.82,0
2022-09-16,Stationery,North,100,582,1.78,1
2022-09-17,Stationery,North,86,609,3.18,0
2022-09-18,Stationery,North,53,211,2.36,0
2022-09-19,Stationery,North,79,766,3.15,0
2022-09-20,Stationery,North,87,487,3.24,0
2022-09-21,Stationery,North,73,551,3.4,0
2022-09-22,Stationery,North,69,644,1.75,0
2022-09-23,Stationery,North,59,358,2.96,0
2022-09-24,Stationery,North,93,581,4.96,0
2022-09-25,Stationery,North,81,619,1.6,0
2022-09-26,Stationery,North,119,494,2.47,0
2022-09-27,Stationery,North,115,719,2.92,0
2022-09-28,Stationery,North,73,201,2.13,1
2022-09-29,Stationery,North,54,580,3.06,0
2022-09-30,Stationery,North,79,344,2.87,1
2022-10-01,Stationery,North,65,648,4.21,0
2022-10-02,Stationery,North,72,594,4.59,0
2022-10-03,Stationery,North,51,560,3.01,0
2022-10-04,Stationery,North,111,775,2.76,0
2022-10-05,Stationery,North,67,403,3.16,0
2022-10-06,Stationery,North,98,450,1.89,0
2022-10-07,Stationery,North,73,219,1.68,0
2022-10-08,Stationery,North,54,258,2.61,0
2022-10-09,Stationery,North,83,422,2.39,0
2022-10-10,Stationery,North,65,350,1.6,0
2022-10-11,Stationery,North,72,574,2.07,0
2022-10-12,Stationery,North,74,557,4.54,0
2022-10-13,Stationery,North,98,417,2.81,0
2022-10-14,Stationery,North,84,502,3.5,0
2022-10-15,Stationery,North,75,200,2.25,0
2022-10-16,Stationery,North,77,419,2.06,0
2022-10-17,Stationery,North,88,288,4.55,0
2022-10-18,Stationery,North,108,523,3.78,0
2022-10-19,Stationery,North,86,681,4.17,0
2022-10-20,Stationery,North,96,543,2.54,0
2022-10-21,Stationery,North,82,342,3.93,0
2022-10-22,Stationery,North,45,696,3.06,0
2022-10-23,Stationery,North,55,202,3.4,1
2022-10-24,Stationery,North,69,499,3.17,0
2022-10-25,Stationery,North,107,563,4.84,0
2022-10-26,Stationery,North,94,250,1.71,1
2022-10-27,Stationery,North,65,572,2.5,0
2022-10-28,Stationery,North,96,343,1.81,0
2022-10-29,Stationery,North,71,289,1.93,0
2022-10-30,Stationery,North,61,358,3.98,0
2022-10-31,Stationery,North,60,235,2.99,0
2022-11-01,Stationery,North,84,561,1.89,0
2022-11-02,Stationery,North,106,419,2.3,0
2022-11-03,Stationery,North,76,783,4.19,0
2022-11-04,Stationery,North,56,730,4.48,0
2022-11-05,Stationery,North,82,638,3.55,0
2022-11-06,Stationery,North,80,631,2.59,0
2022-11-07,Stationery,North,76,789,3.71,0
2022-11-08,Stationery,North,66,462,3.93,0
2022-11-09,Stationery,North,99,658,4.97,0
2022-11-10,Stationery,North,79,753,4.67,0
2022-11-11,Stationery,North,79,272,2.63,0
2022-11-12,Stationery,North,58,760,4.41,0
2022-11-13,Stationery,North,64,429,3.57,0
2022-11-14,Stationery,North,60,541,3.84,1
2022-11-15,Stationery,North,109,553,3.06,0
2022-11-16,Stationery,North,69,652,2.11,0
2022-11-17,Stationery,North,68,645,2.98,0
2022-11-18,Stationery,North,83,741,2.32,0
2022-11-19,Stationery,North,76,485,3.32,0
2022-11-20,Stationery,North,67,360,3.63,0
2022-11-21,Stationery,North,71,777,2.83,0
2022-11-22,Stationery,North,64,379,2.48,1
2022-11-23,Stationery,North,99,515,4.48,0
2022-11-24,Stationery,North,85,415,3.36,0
2022-11-25,Stationery,North,70,725,1.78,0
2022-11-26,Stationery,North,65,665,4.85,0
2022-11-27,Stationery,North,76,452,4.52,1
2022-11-28,Stationery,North,113,437,2.11,0
2022-11-29,Stationery,North,60,316,1.93,0
2022-11-30,Stationery,North,56,372,3.42,1
2022-12-01,Stationery,North,46,731,3.04,0
2022-12-02,Stationery,North,67,453,3.61,0
2022-12-03,Stationery,North,62,544,1.7,1
2022-12-04,Stationery,North,66,656,3.01,0
2022-12-05,Stationery,North,62,599,1.72,0
2022-12-06,Stationery,North,66,619,3.34,0
2022-12-07,Stationery,North,57,718,3.34,0
2022-12-08,Stationery,North,62,709,2.37,0
2022-12-09,Stationery,North,96,670,1.98,0
2022-12-10,Stationery,North,55,594,3.09,0
2022-12-11,Stationery,North,58,745,2.64,0
2022-12-12,Stationery,North,41,635,4.51,0
2022-12-13,Stationery,North,77,624,3.91,0
2022-12-14,Stationery,North,85,431,3.12,0
2022-12-15,Stationery,North,94,399,2.29,1
2022-12-16,Stationery,North,93,780,4.08,0
2022-12-17,Stationery,North,65,704,4.11,0
2022-12-18,Stationery,North,67,216,4.85,0
2022-12-19,Stationery,North,50,635,4.21,0
2022-12-20,Stationery,North,68,460,3.42,0
2022-12-21,Stationery,North,70,567,4.89,0
2022-12-22,Stationery,North,102,662,2.22,0
2022-12-23,Stationery,North,105,368,4.86,0
2022-12-24,Stationery,North,70,687,1.9,0
2022-12-25,Stationery,North,76,487,3.8,0
2022-12-26,Stationery,North,86,382,1.83,0
2022-12-27,Stationery,North,57,613,4.75,0
2022-12-28,Stationery,North,75,321,4.36,1
2022-12-29,Stationery,North,84,501,4.05,0
2022-12-30,Stationery,North,69,797,4.14,0
2022-12-31,Stationery,North,93,740,3.9,0
2023-01-01,Stationery,North,73,606,4.44,0
2023-01-02,Stationery,North,125,714,2.54,0
2023-01-03,Stationery,North,95,566,4.57,0
2023-01-04,Stationery,North,71,783,2.36,0
2023-01-05,Stationery,North,95,690,2.59,0
2023-01-06,Stationery,North,98,265,2.74,0
2023-01-07,Stationery,North,66,513,1.62,0
2023-01-08,Stationery,North,38,269,4.57,1
2023-01-09,Stationery,North,46,219,4.23,0
2023-01-10,Stationery,North,77,604,1.6,0
2023-01-11,Stationery,North,61,472,3.56,0
2023-01-12,Stationery,North,73,535,2.29,0
2023-01-13,Stationery,North,73,793,3.61,0
2023-01-14,Stationery,North,190,410,1.7,0
2023-01-15,Stationery,North,201,218,3.04,0
2023-01-16,Stationery,North,154,345,2.8,0
2023-01-17,Stationery,North,230,317,3.75,0
2023-01-18,Stationery,North,251,598,2.93,0
2023-01-19,Stationery,North,225,599,2.21,0
2023-01-20,Stationery,North,243,762,4.79,0
2023-01-21,Stationery,North,200,548,3.12,0
2023-01-22,Stationery,North,191,555,1.97,0
2023-01-23,Stationery,North,216,512,1.52,0
2023-01-24,Stationery,North,179,768,4.13,0
2023-01-25,Stationery,North,76,419,2.47,0
2023-01-26,Stationery,North,44,404,2.44,0
2023-01-27,Stationery,North,116,732,3.36,0
2023-01-28,Stationery,North,74,402,4.87,0
2023-01-29,Stationery,North,42,512,3.23,1
2023-01-30,Stationery,North,79,504,3.12,1
2023-01-31,Stationery,North,67,624,1.58,0
2023-02-01,Stationery,North,167,797,3.46,0
2023-02-02,Stationery,North,190,797,3.42,0
2023-02-03,Stationery,North,216,716,4.81,0
2023-02-04,Stationery,North,175,634,3.78,0
2023-02-05,Stationery,North,163,770,3.11,0
2023-02-06,Stationery,North,182,590,4.55,0
2023-02-07,Stationery,North,237,575,1.94,0
2023-02-08,Stationery,North,174,580,3.08,1
2023-02-09,Stationery,North,190,243,3.39,0
2023-02-10,Stationery,North,203,578,2.83,0
2023-02-11,Stationery,North,113,675,4.15,0
2023-02-12,Stationery,North,189,437,3.37,0
2023-02-13,Stationery,North,243,586,2.77,1
2023-02-14,Stationery,North,188,419,2.21,0
2023-02-15,Stationery,North,218,459,4.3,1
2023-02-16,Stationery,North,78,328,2.96,1
2023-02-17,Stationery,North,111,459,4.99,1
2023-02-18,Stationery,North,60,736,1.83,0
2023-02-19,Stationery,North,67,426,2.16,1
2023-02-20,Stationery,North,95,410,4.16,1
2023-02-21,Stationery,North,91,656,2.75,0
2023-02-22,Stationery,North,82,476,1.9,0
2023-02-23,Stationery,North,87,745,2.72,0
2023-02-24,Stationery,North,104,375,3.52,0
2023-02-25,Stationery,North,77,488,1.94,0
2023-02-26,Stationery,North,72,355,3.89,0
2023-02-27,Stationery,North,89,342,2.24,0
2023-02-28,Stationery,North,82,659,2.31,0
2023-03-01,Stationery,North,96,418,3.46,0
2023-03-02,Stationery,North,31,700,3.41,0
2023-03-03,Stationery,North,71,469,4.71,0
2023-03-04,Stationery,North,69,625,3.95,0
2023-03-05,Stationery,North,70,272,2.57,0
2023-03-06,Stationery,North,86,597,2.26,0
2023-03-07,Stationery,North,76,464,1.54,0
2023-03-08,Stationery,North,75,533,4.1,0
2023-03-09,Stationery,North,111,326,3.69,0
2023-03-10,Stationery,North,80,467,3.54,1
2023-03-11,Stationery,North,80,524,2.38,0
2023-03-12,Stationery,North,89,400,4.68,0
2023-03-13,Stationery,North,116,630,1.79,1
2023-03-14,Stationery,North,62,225,2.08,0
2023-03-15,Stationery,North,85,704,3.96,0
2023-03-16,Stationery,North,65,605,4.25,1
2023-03-17,Stationery,North,57,546,4.1,0
2023-03-18,Stationery,North,62,772,3.15,0
2023-03-19,Stationery,North,55,648,3.08,0
2023-03-20,Stationery,North,94,631,2.48,0
2023-03-21,Stationery,North,76,501,1.67,0
2023-03-22,Stationery,North,80,540,3.03,0
2023-03-23,Stationery,North,71,432,2.89,0
2023-03-24,Stationery,North,69,770,3.28,1
2023-03-25,Stationery,North,91,532,4.75,0
2023-03-26,Stationery,North,79,783,4.68,0
2023-03-27,Stationery,North,65,500,4.01,1
2023-03-28,Stationery,North,94,373,1.68,0
2023-03-29,Stationery,North,76,523,2.84,0
2023-03-30,Stationery,North,63,611,3.42,1
2023-03-31,Stationery,North,45,240,4.8,0
2023-04-01,Stationery,North,68,465,3.26,0
2023-04-02,Stationery,North,63,713,3.35,0
2023-04-03,Stationery,North,103,434,3.2,0
2023-04-04,Stationery,North,57,478,4.36,0
2023-04-05,Stationery,North,92,619,3.86,0
2023-04-06,Stationery,North,88,387,2.29,0
2023-04-07,Stationery,North,99,240,3.01,0
2023-04-08,Stationery,North,56,317,3.97,0
2023-04-09,Stationery,North,49,206,2.0,1
2023-04-10,Stationery,North,61,401,3.76,0
2023-04-11,Stationery,North,69,325,3.59,0
2023-04-12,Stationery,North,93,639,4.96,0
2023-04-13,Stationery,North,72,575,4.92,0
2023-04-14,Stationery,North,38,461,4.15,0
2023-04-15,Stationery,North,72,324,2.8,0
2023-04-16,Stationery,North,22,400,4.94,0
2023-04-17,Stationery,North,82,308,4.9,0
2023-04-18,Stationery,North,83,564,4.17,0
2023-04-19,Stationery,North,47,615,3.98,0
2023-04-20,Stationery,North,111,732,4.88,0
2023-04-21,Stationery,North,76,479,5.0,0
2023-04-22,Stationery,North,66,708,4.98,1
2023-04-23,Stationery,North,224,364,4.06,0
2023-04-24,Stationery,North,224,263,3.58,0
2023-04-25,Stationery,North,156,445,1.96,0
2023-04-26,Stationery,North,206,219,3.13,0
2023-04-27,Stationery,North,166,781,3.56,0
2023-04-28,Stationery,North,159,415,3.04,0
2023-04-29,Stationery,North,169,664,4.53,1
2023-04-30,Stationery,North,204,564,3.17,1
2023-05-01,Stationery,North,157,346,2.59,0
2023-05-02,Stationery,North,218,313,3.17,0
2023-05-03,Stationery,North,246,519,2.55,0
2023-05-04,Stationery,North,185,485,4.85,0
2023-05-05,Stationery,North,188,778,4.08,0
2023-05-06,Stationery,North,153,387,3.8,0
2023-05-07,Stationery,North,191,303,2.9,0
2023-05-08,Stationery,North,83,557,2.57,0
2023-05-09,Stationery,North,115,489,1.52,0
2023-05-10,Stationery,North,93,574,4.45,0
2023-05-11,Stationery,North,61,673,2.91,0
2023-05-12,Stationery,North,59,414,4.75,0
2023-05-13,Stationery,North,70,764,4.45,0
2023-05-14,Stationery,North,48,480,1.93,1
2023-05-15,Stationery,North,36,209,4.38,0
2023-05-16,Stationery,North,108,377,4.0,0
2023-05-17,Stationery,North,97,459,2.0,0
2023-05-18,Stationery,North,61,489,1.97,0
2023-05-19,Stationery,North,70,295,3.58,1
2023-05-20,Stationery,North,80,589,2.36,0
2023-05-21,Stationery,North,56,776,1.95,0
2023-05-22,Stationery,North,93,340,2.98,0
2023-05-23,Stationery,North,87,600,3.9,0
2023-05-24,Stationery,North,90,374,2.08,0
2023-05-25,Stationery,North,83,722,4.83,0
2023-05-26,Stationery,North,67,492,1.67,0
2023-05-27,Stationery,North,74,752,3.17,0
2023-05-28,Stationery,North,90,654,4.19,0
2023-05-29,Stationery,North,87,727,2.8,1
2023-05-30,Stationery,North,105,299,3.87,0
2023-05-31,Stationery,North,64,462,1.94,0
2023-06-01,Stationery,North,154,264,4.62,0
2023-06-02,Stationery,North,127,317,4.24,0
2023-06-03,Stationery,North,122,724,2.83,0
2023-06-04,Stationery,North,91,310,2.66,1
2023-06-05,Stationery,North,159,608,4.87,0
2023-06-06,Stationery,North,123,355,2.44,0
2023-06-07,Stationery,North,124,374,4.33,0
2023-06-08,Stationery,North,163,718,2.72,0
2023-06-09,Stationery,North,148,506,1.58,1
2023-06-10,Stationery,North,144,655,2.22,0
2023-06-11,Stationery,North,134,356,2.36,0
2023-06-12,Stationery,North,155,417,3.54,1
2023-06-13,Stationery,North,133,633,3.76,0
2023-06-14,Stationery,North,132,289,2.19,0
2023-06-15,Stationery,North,184,500,2.47,1
2023-06-16,Stationery,North,168,611,3.75,0
2023-06-17,Stationery,North,123,637,3.14,1
2023-06-18,Stationery,North,116,204,3.24,0
2023-06-19,Stationery,North,135,621,3.35,0
2023-06-20,Stationery,North,198,652,3.67,1
2023-06-21,Stationery,North,167,501,3.01,0
2023-06-22,Stationery,North,126,627,4.64,0
2023-06-23,Stationery,North,85,691,4.86,0
2023-06-24,Stationery,North,90,473,3.58,0
2023-06-25,Stationery,North,126,459,4.4,0
2023-06-26,Stationery,North,170,444,4.84,1
2023-06-27,Stationery,North,169,677,4.01,0
2023-06-28,Stationery,North,193,386,4.86,0
2023-06-29,Stationery,North,162,620,1.53,0
2023-06-30,Stationery,North,116,521,3.3,0
2023-07-01,Stationery,North,94,548,3.18,0
2023-07-02,Stationery,North,107,446,4.72,1
2023-07-03,Stationery,North,91,558,3.52,0
2023-07-04,Stationery,North,133,290,2.95,0
2023-07-05,Stationery,North,163,392,2.11,1
2023-07-06,Stationery,North,122,298,2.64,0
2023-07-07,Stationery,North,127,526,4.46,0
2023-07-08,Stationery,North,142,283,3.24,0
2023-07-09,Stationery,North,97,346,3.58,0
2023-07-10,Stationery,North,120,470,4.58,0
2023-07-11,Stationery,North,138,203,2.03,1
2023-07-12,Stationery,North,99,478,4.76,0
2023-07-13,Stationery,North,213,708,2.96,0
2023-07-14,Stationery,North,114,516,3.03,1
2023-07-15,Stationery,North,138,619,4.1,0
2023-07-16,Stationery,North,76,736,2.38,0
2023-07-17,Stationery,North,126,246,4.32,1
2023-07-18,Stationery,North,142,471,1.77,0
2023-07-19,Stationery,North,126,453,3.54,1
2023-07-20,Stationery,North,109,352,1.95,0
2023-07-21,Stationery,North,172,762,2.79,1
2023-07-22,Stationery,North,143,295,1.84,0
2023-07-23,Stationery,North,122,617,4.32,0
2023-07-24,Stationery,North,96,507,2.05,0
2023-07-25,Stationery,North,175,308,4.81,0
2023-07-26,Stationery,North,110,743,2.86,1
2023-07-27,Stationery,North,147,469,4.45,0
2023-07-28,Stationery,North,174,367,1.68,0
2023-07-29,Stationery,North,142,724,4.87,0
2023-07-30,Stationery,North,128,294,2.58,0
2023-07-31,Stationery,North,162,718,2.6,1
2023-08-01,Stationery,North,66,323,2.15,0
2023-08-02,Stationery,North,57,339,3.67,0
2023-08-03,Stationery,North,85,317,2.36,0
2023-08-04,Stationery,North,70,396,1.75,0
2023-08-05,Stationery,North,69,283,3.85,0
2023-08-06,Stationery,North,50,676,1.85,0
2023-08-07,Stationery,North,55,768,1.54,0
2023-08-08,Stationery,North,86,281,3.97,0
2023-08-09,Stationery,North,46,586,2.22,0
2023-08-10,Stationery,North,56,785,3.91,0
2023-08-11,Stationery,North,65,694,4.83,0
2023-08-12,Stationery,North,62,795,1.82,0
2023-08-13,Stationery,North,95,333,2.38,0
2023-08-14,Stationery,North,107,642,2.45,0
2023-08-15,Stationery,North,79,613,3.88,0
2023-08-16,Stationery,North,78,336,3.08,1
2023-08-17,Stationery,North,93,461,4.92,0
2023-08-18,Stationery,North,77,618,4.62,0
2023-08-19,Stationery,North,75,578,4.03,0
2023-08-20,Stationery,North,104,576,3.85,0
2023-08-21,Stationery,North,77,350,1.68,1
2023-08-22,Stationery,North,76,565,2.45,0
2023-08-23,Stationery,North,71,513,3.59,0
2023-08-24,Stationery,North,46,537,4.32,0
2023-08-25,Stationery,North,88,586,3.66,0
2023-08-26,Stationery,North,87,693,2.8,1
2023-08-27,Stationery,North,105,568,4.53,1
2023-08-28,Stationery,North,87,769,2.37,0
2023-08-29,Stationery,North,35,451,2.01,0
2023-08-30,Stationery,North,53,711,3.05,0
2023-08-31,Stationery,North,61,772,3.14,0
2023-09-01,Stationery,North,60,202,2.93,0
2023-09-02,Stationery,North,54,220,4.11,0
2023-09-03,Stationery,North,78,268,1.53,1
2023-09-04,Stationery,North,88,476,4.1,0
2023-09-05,Stationery,North,82,743,4.33,0
2023-09-06,Stationery,North,73,513,4.79,1
2023-09-07,Stationery,North,68,308,3.26,0
2023-09-08,Stationery,North,94,664,2.71,0
2023-09-09,Stationery,North,64,656,2.06,0
2023-09-10,Stationery,North,65,694,3.21,0
2023-09-11,Stationery,North,93,684,4.06,0
2023-09-12,Stationery,North,80,314,2.28,0
2023-09-13,Stationery,North,64,446,2.35,0
2023-09-14,Stationery,North,90,783,4.95,0
2023-09-15,Stationery,North,91,394,3.94,0
2023-09-16,Stationery,North,55,698,3.41,0
2023-09-17,Stationery,North,86,516,2.68,0
2023-09-18,Stationery,North,71,524,4.18,0
2023-09-19,Stationery,North,101,370,1.74,0
2023-09-20,Stationery,North,120,615,4.0,1
2023-09-21,Stationery,North,104,292,4.37,0
2023-09-22,Stationery,North,46,398,3.08,0
2023-09-23,Stationery,North,57,741,3.77,0
2023-09-24,Stationery,North,49,733,3.18,0
2023-09-25,Stationery,North,94,315,3.77,0
2023-09-26,Stationery,North,93,534,2.31,1
2023-09-27,Stationery,North,73,202,2.73,0
2023-09-28,Stationery,North,71,706,2.79,0
2023-09-29,Stationery,North,86,613,2.26,0
2023-09-30,Stationery,North,65,323,1.83,0
2023-10-01,Stationery,North,63,400,3.54,0
2023-10-02,Stationery,North,97,513,4.15,0
2023-10-03,Stationery,North,80,770,2.09,0
2023-10-04,Stationery,North,89,600,2.4,0
2023-10-05,Stationery,North,98,689,3.53,0
2023-10-06,Stationery,North,66,468,3.99,0
2023-10-07,Stationery,North,55,436,2.25,0
2023-10-08,Stationery,North,77,406,3.45,0
2023-10-09,Stationery,North,66,517,4.29,0
2023-10-10,Stationery,North,72,421,2.29,0
2023-10-11,Stationery,North,90,785,3.82,0
2023-10-12,Stationery,North,98,539,4.21,0
2023-10-13,Stationery,North,68,774,2.42,0
2023-10-14,Stationery,North,84,416,4.64,1
2023-10-15,Stationery,North,73,303,3.83,0
2023-10-16,Stationery,North,97,749,1.83,1
2023-10-17,Stationery,North,89,679,3.86,0
2023-10-18,Stationery,North,104,599,2.94,0
2023-10-19,Stationery,North,78,698,2.92,0
2023-10-20,Stationery,North,71,797,1.55,0
2023-10-21,Stationery,North,91,406,3.29,0
2023-10-22,Stationery,North,72,324,3.55,0
2023-10-23,Stationery,North,101,475,3.49,1
2023-10-24,Stationery,North,43,739,3.35,0
2023-10-25,Stationery,North,102,667,4.79,0
2023-10-26,Stationery,North,90,670,4.74,0
2023-10-27,Stationery,North,77,381,2.46,0
2023-10-28,Stationery,North,100,605,3.09,0
2023-10-29,Stationery,North,67,603,3.9,0
2023-10-30,Stationery,North,64,495,4.31,1
2023-10-31,Stationery,North,95,293,4.59,0
2023-11-01,Stationery,North,97,637,3.54,0
2023-11-02,Stationery,North,71,207,1.73,0
2023-11-03,Stationery,North,90,638,4.59,0
2023-11-04,Stationery,North,70,438,3.89,0
2023-11-05,Stationery,North,73,272,4.99,0
2023-11-06,Stationery,North,92,463,4.79,0
2023-11-07,Stationery,North,66,508,4.91,0
2023-11-08,Stationery,North,69,270,2.24,0
2023-11-09,Stationery,North,51,763,3.03,0
2023-11-10,Stationery,North,68,391,2.55,0
2023-11-11,Stationery,North,57,248,2.74,0
2023-11-12,Stationery,North,73,365,4.53,0
2023-11-13,Stationery,North,71,574,3.97,0
2023-11-14,Stationery,North,66,465,3.27,0
2023-11-15,Stationery,North,66,645,4.56,0
2023-11-16,Stationery,North,81,638,1.7,0
2023-11-17,Stationery,North,102,729,3.84,0
2023-11-18,Stationery,North,70,702,4.44,1
2023-11-19,Stationery,North,72,281,3.15,0
2023-11-20,Stationery,North,113,643,2.76,1
2023-11-21,Stationery,North,45,386,4.17,0
2023-11-22,Stationery,North,71,387,3.21,0
2023-11-23,Stationery,North,69,386,1.99,0
2023-11-24,Stationery,North,62,611,3.22,0
2023-11-25,Stationery,North,79,621,4.89,0
2023-11-26,Stationery,North,53,586,4.63,0
2023-11-27,Stationery,North,104,507,3.85,0
2023-11-28,Stationery,North,83,686,3.56,0
2023-11-29,Stationery,North,116,475,2.82,0
2023-11-30,Stationery,North,69,472,2.53,0
2023-12-01,Stationery,North,92,310,4.68,0
2023-12-02,Stationery,North,86,471,3.65,0
2023-12-03,Stationery,North,93,212,4.19,0
2023-12-04,Stationery,North,78,766,3.76,0
2023-12-05,Stationery,North,94,563,3.25,0
2023-12-06,Stationery,North,75,507,4.75,1
2023-12-07,Stationery,North,97,464,2.68,0
2023-12-08,Stationery,North,82,271,4.73,0
2023-12-09,Stationery,North,56,338,3.49,0
2023-12-10,Stationery,North,57,623,4.75,0
2023-12-11,Stationery,North,94,432,2.49,0
2023-12-12,Stationery,North,52,649,3.84,1
2023-12-13,Stationery,North,75,346,2.17,0
2023-12-14,Stationery,North,117,443,4.09,0
2023-12-15,Stationery,North,107,693,4.28,0
2023-12-16,Stationery,North,54,409,4.97,0
2023-12-17,Stationery,North,48,336,2.34,0
2023-12-18,Stationery,North,54,736,4.7,0
2023-12-19,Stationery,North,91,559,3.52,1
2023-12-20,Stationery,North,95,663,4.24,0
2023-12-21,Stationery,North,79,361,4.5,0
2023-12-22,Stationery,North,78,382,1.87,0
2023-12-23,Stationery,North,70,348,3.0,0
2023-12-24,Stationery,North,66,680,1.91,0
2023-12-25,Stationery,North,105,269,4.66,0
2023-12-26,Stationery,North,105,729,1.87,1
2023-12-27,Stationery,North,110,751,2.9,0
2023-12-28,Stationery,North,79,436,1.76,0
2023-12-29,Stationery,North,74,396,1.74,0
2023-12-30,Stationery,North,94,644,2.36,0
2023-12-31,Stationery,North,66,446,1.9,0
2024-01-01,Stationery,North,58,310,3.51,0
2024-01-02,Stationery,North,92,534,4.37,0
2024-01-03,Stationery,North,46,728,3.45,0
2024-01-04,Stationery,North,83,628,4.44,0
2024-01-05,Stationery,North,93,708,2.85,0
2024-01-06,Stationery,North,71,205,3.88,0
2024-01-07,Stationery,North,77,204,2.59,0
2024-01-08,Stationery,North,113,587,3.47,0
2024-01-09,Stationery,North,70,598,3.64,1
2024-01-10,Stationery,North,73,321,4.42,0
2024-01-11,Stationery,North,70,562,4.87,0
2024-01-12,Stationery,North,99,327,3.8,0
2024-01-13,Stationery,North,48,386,1.6,1
2024-01-14,Stationery,North,57,436,3.99,0
2024-01-15,Stationery,North,55,782,4.77,1
2024-01-16,Stationery,North,114,657,2.6,0
2024-01-17,Stationery,North,195,370,4.63,0
2024-01-18,Stationery,North,182,292,4.7,0
2024-01-19,Stationery,North,210,656,2.58,0
2024-01-20,Stationery,North,161,305,1.52,1
2024-01-21,Stationery,North,171,615,3.85,0
2024-01-22,Stationery,North,200,714,4.99,0
2024-01-23,Stationery,North,98,450,4.78,0
2024-01-24,Stationery,North,157,246,3.24,1
2024-01-25,Stationery,North,186,447,2.96,0
2024-01-26,Stationery,North,166,224,3.82,0
2024-01-27,Stationery,North,148,722,4.41,1
2024-01-28,Stationery,North,45,775,2.47,0
2024-01-29,Stationery,North,77,682,1.6,0
2024-01-30,Stationery,North,78,275,2.77,0
2024-01-31,Stationery,North,129,271,4.66,0
2024-02-01,Stationery,North,177,211,2.94,0
2024-02-02,Stationery,North,163,719,4.76,0
2024-02-03,Stationery,North,100,275,2.51,0
2024-02-04,Stationery,North,196,379,3.22,0
2024-02-05,Stationery,North,144,635,2.06,0
2024-02-06,Stationery,North,229,484,2.02,0
2024-02-07,Stationery,North,139,345,1.7,0
2024-02-08,Stationery,North,250,626,3.75,0
2024-02-09,Stationery,North,154,749,2.34,0
2024-02-10,Stationery,North,196,587,1.87,0
2024-02-11,Stationery,North,205,477,3.85,0
2024-02-12,Stationery,North,251,388,3.73,1
2024-02-13,Stationery,North,201,337,3.0,0
2024-02-14,Stationery,North,245,501,1.58,0
2024-02-15,Stationery,North,171,540,4.23,0
2024-02-16,Stationery,North,58,585,3.61,0
2024-02-17,Stationery,North,63,370,4.87,0
2024-02-18,Stationery,North,51,295,2.29,0
2024-02-19,Stationery,North,76,560,3.78,0
2024-02-20,Stationery,North,68,384,4.47,0
2024-02-21,Stationery,North,79,673,3.58,0
2024-02-22,Stationery,North,102,238,3.71,0
2024-02-23,Stationery,North,62,585,3.82,1
2024-02-24,Stationery,North,108,479,2.77,0
2024-02-25,Stationery,North,75,349,2.0,0
2024-02-26,Stationery,North,64,555,3.62,0
2024-02-27,Stationery,North,96,493,2.54,0
2024-02-28,Stationery,North,59,651,2.64,0
2024-02-29,Stationery,North,70,595,2.63,0
2024-03-01,Stationery,North,57,726,1.83,0
2024-03-02,Stationery,North,77,308,4.63,0
2024-03-03,Stationery,North,44,242,1.5,0
2024-03-04,Stationery,North,52,389,3.39,1
2024-03-05,Stationery,North,86,400,3.44,0
2024-03-06,Stationery,North,92,707,2.29,0
2024-03-07,Stationery,North,62,786,4.4,1
2024-03-08,Stationery,North,66,727,4.98,0
2024-03-09,Stationery,North,70,310,2.61,0
2024-03-10,Stationery,North,82,311,1.97,0
2024-03-11,Stationery,North,72,403,3.5,0
2024-03-12,Stationery,North,88,301,1.82,0
2024-03-13,Stationery,North,104,675,3.05,0
2024-03-14,Stationery,North,78,399,4.87,0
2024-03-15,Stationery,North,111,336,1.8,0
2024-03-16,Stationery,North,61,638,2.32,0
2024-03-17,Stationery,North,92,568,3.65,1
2024-03-18,Stationery,North,98,575,1.76,1
2024-03-19,Stationery,North,81,762,4.69,0
2024-03-20,Stationery,North,72,580,3.96,0
2024-03-21,Stationery,North,81,504,3.87,0
2024-03-22,Stationery,North,71,628,1.92,0
2024-03-23,Stationery,North,70,253,3.13,0
2024-03-24,Stationery,North,55,613,4.79,1
2024-03-25,Stationery,North,84,557,2.86,0
2024-03-26,Stationery,North,102,621,3.09,0
2024-03-27,Stationery,North,74,368,2.13,0
2024-03-28,Stationery,North,65,712,2.07,0
2024-03-29,Stationery,North,77,701,1.7,0
2024-03-30,Stationery,North,83,490,1.91,0
2024-03-31,Stationery,North,52,482,3.57,0
2024-04-01,Stationery,North,97,230,3.58,0
2024-04-02,Stationery,North,101,477,3.17,0
2024-04-03,Stationery,North,93,454,4.79,0
2024-04-04,Stationery,North,80,797,3.14,0
2024-04-05,Stationery,North,100,622,4.94,0
2024-04-06,Stationery,North,68,316,3.04,0
2024-04-07,Stationery,North,59,458,2.16,0
2024-04-08,Stationery,North,87,563,1.67,0
2024-04-09,Stationery,North,96,297,4.3,0
2024-04-10,Stationery,North,97,224,3.06,0
2024-04-11,Stationery,North,84,611,2.95,0
2024-04-12,Stationery,North,73,615,4.39,0
2024-04-13,Stationery,North,73,450,3.83,0
2024-04-14,Stationery,North,50,538,4.1,0
2024-04-15,Stationery,North,69,493,3.29,0
2024-04-16,Stationery,North,92,539,3.16,0
2024-04-17,Stationery,North,76,215,3.48,1
2024-04-18,Stationery,North,88,526,1.84,0
2024-04-19,Stationery,North,69,627,1.66,1
2024-04-20,Stationery,North,69,505,2.09,0
2024-04-21,Stationery,North,161,619,2.75,1
2024-04-22,Stationery,North,213,729,4.75,0
2024-04-23,Stationery,North,224,518,3.85,0
2024-04-24,Stationery,North,162,431,3.79,0
2024-04-25,Stationery,North,220,686,2.88,0
2024-04-26,Stationery,North,233,569,2.66,0
2024-04-27,Stationery,North,224,638,4.24,1
2024-04-28,Stationery,North,182,573,4.06,0
2024-04-29,Stationery,North,258,639,4.3,0
2024-04-30,Stationery,North,195,488,4.41,0
2024-05-01,Stationery,North,174,682,3.11,0
2024-05-02,Stationery,North,262,727,3.71,0
2024-05-03,Stationery,North,235,284,4.97,0
2024-05-04,Stationery,North,201,551,2.75,0
2024-05-05,Stationery,North,135,512,2.2,0
2024-05-06,Stationery,North,79,334,4.23,0
2024-05-07,Stationery,North,82,308,2.94,0
2024-05-08,Stationery,North,63,376,1.97,0
2024-05-09,Stationery,North,92,736,2.62,0
2024-05-10,Stationery,North,80,274,3.55,1
2024-05-11,Stationery,North,53,730,3.69,0
2024-05-12,Stationery,North,50,200,2.19,0
2024-05-13,Stationery,North,94,544,2.61,0
2024-05-14,Stationery,North,98,381,4.7,0
2024-05-15,Stationery,North,63,638,2.85,0
2024-05-16,Stationery,North,120,269,3.65,0
2024-05-17,Stationery,North,58,799,2.9,0
2024-05-18,Stationery,North,87,587,2.43,0
2024-05-19,Stationery,North,95,460,3.48,0
2024-05-20,Stationery,North,89,529,2.23,0
2024-05-21,Stationery,North,69,720,1.98,0
2024-05-22,Stationery,North,60,748,2.34,0
2024-05-23,Stationery,North,79,771,2.23,1
2024-05-24,Stationery,North,90,405,2.81,1
2024-05-25,Stationery,North,64,382,1.96,0
2024-05-26,Stationery,North,90,305,4.04,0
2024-05-27,Stationery,North,69,391,3.73,0
2024-05-28,Stationery,North,77,517,4.24,1
2024-05-29,Stationery,North,93,746,4.46,0
2024-05-30,Stationery,North,82,666,4.26,1
2024-05-31,Stationery,North,86,791,4.33,1
2024-06-01,Stationery,North,136,354,4.25,0
2024-06-02,Stationery,North,121,638,3.25,0
2024-06-03,Stationery,North,116,681,1.72,0
2024-06-04,Stationery,North,142,220,3.89,0
2024-06-05,Stationery,North,162,526,1.96,0
2024-06-06,Stationery,North,178,234,4.56,0
2024-06-07,Stationery,North,144,663,4.47,0
2024-06-08,Stationery,North,126,774,4.02,0
2024-06-09,Stationery,North,125,588,4.93,1
2024-06-10,Stationery,North,146,469,3.85,0
2024-06-11,Stationery,North,164,223,1.99,0
2024-06-12,Stationery,North,102,278,4.86,0
2024-06-13,Stationery,North,114,586,3.7,1
2024-06-14,Stationery,North,142,745,2.79,0
2024-06-15,Stationery,North,107,701,3.12,0
2024-06-16,Stationery,North,107,213,4.94,0
2024-06-17,Stationery,North,144,767,3.36,0
2024-06-18,Stationery,North,174,684,4.37,0
2024-06-19,Stationery,North,88,641,1.66,1
2024-06-20,Stationery,North,184,792,4.99,0
2024-06-21,Stationery,North,144,364,2.21,0
2024-06-22,Stationery,North,111,621,4.07,1
2024-06-23,Stationery,North,108,712,1.92,0
2024-06-24,Stationery,North,95,743,3.99,0
2024-06-25,Stationery,North,153,517,2.31,0
2024-06-26,Stationery,North,173,312,3.05,0
2024-06-27,Stationery,North,175,381,1.53,0
2024-06-28,Stationery,North,151,447,2.62,0
2024-06-29,Stationery,North,136,267,4.97,1
2024-06-30,Stationery,North,123,720,1.52,0
2024-07-01,Stationery,North,156,327,4.66,0
2024-07-02,Stationery,North,135,282,3.0,0
2024-07-03,Stationery,North,114,733,4.92,0
2024-07-04,Stationery,North,168,742,2.69,0
2024-07-05,Stationery,North,173,639,1.93,0
2024-07-06,Stationery,North,139,520,4.84,0
2024-07-07,Stationery,North,119,260,3.19,0
2024-07-08,Stationery,North,134,734,4.93,0
2024-07-09,Stationery,North,172,651,4.14,0
2024-07-10,Stationery,North,195,633,2.59,0
2024-07-11,Stationery,North,169,539,3.82,0
2024-07-12,Stationery,North,175,244,2.15,1
2024-07-13,Stationery,North,98,226,2.73,0
2024-07-14,Stationery,North,101,384,3.97,0
2024-07-15,Stationery,North,157,533,3.17,0
2024-07-16,Stationery,North,196,368,3.36,0
2024-07-17,Stationery,North,167,242,1.74,0
2024-07-18,Stationery,North,157,302,3.67,0
2024-07-19,Stationery,North,176,408,2.99,1
2024-07-20,Stationery,North,159,255,3.55,0
2024-07-21,Stationery,North,150,693,3.15,0
2024-07-22,Stationery,North,129,212,2.7,0
2024-07-23,Stationery,North,132,300,2.76,0
2024-07-24,Stationery,North,135,565,2.54,0
2024-07-25,Stationery,North,114,536,1.89,0
2024-07-26,Stationery,North,194,540,3.41,1
2024-07-27,Stationery,North,182,473,4.05,0
2024-07-28,Stationery,North,97,213,4.16,0
2024-07-29,Stationery,North,172,464,2.6,0
2024-07-30,Stationery,North,151,737,2.98,0
2024-07-31,Stationery,North,147,330,2.73,1
2024-08-01,Stationery,North,106,376,2.59,0
2024-08-02,Stationery,North,92,507,4.27,0
2024-08-03,Stationery,North,54,607,4.46,0
2024-08-04,Stationery,North,60,663,2.86,0
2024-08-05,Stationery,North,107,347,2.15,0
2024-08-06,Stationery,North,60,398,3.2,0
2024-08-07,Stationery,North,64,267,4.0,1
2024-08-08,Stationery,North,40,339,4.87,0
2024-08-09,Stationery,North,113,481,3.29,0
2024-08-10,Stationery,North,38,536,4.44,0
2024-08-11,Stationery,North,66,382,4.06,0
2024-08-12,Stationery,North,84,755,3.77,0
2024-08-13,Stationery,North,89,572,2.88,0
2024-08-14,Stationery,North,82,354,4.48,0
2024-08-15,Stationery,North,89,342,3.01,0
2024-08-16,Stationery,North,103,470,1.99,0
2024-08-17,Stationery,North,90,466,3.97,1
2024-08-18,Stationery,North,67,702,4.02,1
2024-08-19,Stationery,North,56,368,4.38,0
2024-08-20,Stationery,North,94,715,2.11,0
2024-08-21,Stationery,North,91,396,1.93,0
2024-08-22,Stationery,North,73,506,3.21,0
2024-08-23,Stationery,North,56,508,4.05,0
2024-08-24,Stationery,North,71,659,3.27,1
2024-08-25,Stationery,North,83,435,2.71,1
2024-08-26,Stationery,North,88,328,4.04,0
2024-08-27,Stationery,North,81,574,1.64,0
2024-08-28,Stationery,North,72,762,1.8,1
2024-08-29,Stationery,North,119,581,3.1,0
2024-08-30,Stationery,North,98,551,4.46,0
2024-08-31,Stationery,North,71,743,4.93,0
2024-09-01,Stationery,North,75,431,4.42,0
2024-09-02,Stationery,North,73,412,2.38,0
2024-09-03,Stationery,North,89,634,3.52,0
2024-09-04,Stationery,North,50,741,2.78,0
2024-09-05,Stationery,North,111,241,3.71,0
2024-09-06,Stationery,North,103,509,2.09,0
2024-09-07,Stationery,North,53,729,4.69,0
2024-09-08,Stationery,North,50,458,4.48,0
2024-09-09,Stationery,North,66,307,4.87,0
2024-09-10,Stationery,North,70,481,4.48,0
2024-09-11,Stationery,North,77,596,3.77,1
2024-09-12,Stationery,North,68,377,4.46,0
2024-09-13,Stationery,North,82,554,2.55,0
2024-09-14,Stationery,North,82,210,3.94,1
2024-09-15,Stationery,North,69,436,2.02,1
2024-09-16,Stationery,North,71,343,2.7,1
2024-09-17,Stationery,North,90,608,1.53,0
2024-09-18,Stationery,North,43,483,4.4,0
2024-09-19,Stationery,North,86,789,1.85,0
2024-09-20,Stationery,North,66,304,4.18,1
2024-09-21,Stationery,North,69,598,1.72,0
2024-09-22,Stationery,North,44,203,4.71,0
2024-09-23,Stationery,North,47,619,3.7,0
2024-09-24,Stationery,North,93,709,2.27,0
2024-09-25,Stationery,North,85,624,1.97,0
2024-09-26,Stationery,North,84,268,2.51,0
2024-09-27,Stationery,North,71,450,1.7,0
2024-09-28,Stationery,North,99,349,1.77,0
2024-09-29,Stationery,North,53,760,3.92,0
2024-09-30,Stationery,North,74,367,2.59,0
2024-10-01,Stationery,North,89,673,3.54,0
2024-10-02,Stationery,North,89,677,2.85,1
2024-10-03,Stationery,North,74,702,2.99,0
2024-10-04,Stationery,North,79,445,3.45,0
2024-10-05,Stationery,North,72,344,3.14,1
2024-10-06,Stationery,North,49,261,3.3,0
2024-10-07,Stationery,North,92,254,4.96,0
2024-10-08,Stationery,North,103,643,3.97,0
2024-10-09,Stationery,North,105,248,1.58,0
2024-10-10,Stationery,North,67,644,4.78,0
2024-10-11,Stationery,North,70,645,3.01,0
2024-10-12,Stationery,North,32,461,4.68,0
2024-10-13,Stationery,North,76,279,4.87,0
2024-10-14,Stationery,North,50,355,2.42,0
2024-10-15,Stationery,North,83,218,2.92,1
2024-10-16,Stationery,North,75,751,2.04,0
2024-10-17,Stationery,North,55,635,1.9,1
2024-10-18,Stationery,North,104,397,2.67,0
2024-10-19,Stationery,North,74,216,1.58,0
2024-10-20,Stationery,North,90,622,4.54,1
2024-10-21,Stationery,North,83,623,2.09,1
2024-10-22,Stationery,North,91,484,2.3,0
2024-10-23,Stationery,North,101,256,3.84,0
2024-10-24,Stationery,North,88,478,2.85,0
2024-10-25,Stationery,North,98,618,3.52,0
2024-10-26,Stationery,North,67,632,4.13,0
2024-10-27,Stationery,North,60,302,3.29,0
2024-10-28,Stationery,North,85,729,3.79,1
2024-10-29,Stationery,North,59,678,4.01,0
2024-10-30,Stationery,North,69,710,3.53,0
2024-10-31,Stationery,North,74,793,2.37,0
2024-11-01,Stationery,North,45,434,2.11,0
2024-11-02,Stationery,North,59,510,1.67,0
2024-11-03,Stationery,North,39,339,4.82,0
2024-11-04,Stationery,North,103,662,3.52,1
2024-11-05,Stationery,North,80,678,4.47,0
2024-11-06,Stationery,North,76,697,3.59,0
2024-11-07,Stationery,North,83,277,4.35,0
2024-11-08,Stationery,North,84,273,1.92,0
2024-11-09,Stationery,North,47,468,3.41,0
2024-11-10,Stationery,North,47,524,4.03,0
2024-11-11,Stationery,North,63,685,4.92,1
2024-11-12,Stationery,North,77,367,4.01,0
2024-11-13,Stationery,North,56,660,4.5,0
2024-11-14,Stationery,North,90,440,1.71,0
2024-11-15,Stationery,North,78,547,3.93,0
2024-11-16,Stationery,North,74,426,4.36,1
2024-11-17,Stationery,North,107,552,2.89,0
2024-11-18,Stationery,North,64,316,3.49,0
2024-11-19,Stationery,North,70,786,3.07,0
2024-11-20,Stationery,North,74,663,3.12,0
2024-11-21,Stationery,North,74,269,2.56,1
2024-11-22,Stationery,North,85,568,4.42,0
2024-11-23,Stationery,North,81,438,2.38,0
2024-11-24,Stationery,North,43,790,1.97,0
2024-11-25,Stationery,North,76,557,2.01,1
2024-11-26,Stationery,North,64,574,3.02,0
2024-11-27,Stationery,North,104,513,3.68,0
2024-11-28,Stationery,North,92,386,2.85,1
2024-11-29,Stationery,North,100,353,3.27,0
2024-11-30,Stationery,North,52,202,4.26,0
2024-12-01,Stationery,North,35,265,1.73,0
2024-12-02,Stationery,North,113,490,3.78,1
2024-12-03,Stationery,North,86,250,1.84,0
2024-12-04,Stationery,North,101,457,3.12,0
2024-12-05,Stationery,North,88,694,4.9,0
2024-12-06,Stationery,North,43,545,4.0,0
2024-12-07,Stationery,North,54,322,1.86,0
2024-12-08,Stationery,North,66,724,3.07,0
2024-12-09,Stationery,North,77,289,2.36,0
2024-12-10,Stationery,North,68,685,1.86,1
2024-12-11,Stationery,North,95,463,4.45,0
2024-12-12,Stationery,North,68,470,3.89,0
2024-12-13,Stationery,North,93,564,2.14,0
2024-12-14,Stationery,North,85,611,1.88,0
2024-12-15,Stationery,North,72,419,4.0,0
2024-12-16,Stationery,North,91,482,3.93,0
2024-12-17,Stationery,North,103,798,3.7,0
2024-12-18,Stationery,North,120,777,1.75,0
2024-12-19,Stationery,North,98,603,4.48,0
2024-12-20,Stationery,North,69,316,1.62,0
2024-12-21,Stationery,North,66,530,2.26,0
2024-12-22,Stationery,North,61,735,2.0,0
2024-12-23,Stationery,North,93,215,4.14,0
2024-12-24,Stationery,North,91,314,4.69,1
2024-12-25,Stationery,North,52,248,4.64,0
2024-12-26,Stationery,North,93,654,2.28,0
2024-12-27,Stationery,North,71,532,2.56,0
2024-12-28,Stationery,North,57,638,1.87,0
2024-12-29,Stationery,North,66,733,3.08,0
2024-12-30,Stationery,North,94,267,4.73,0
2024-12-31,Stationery,North,87,733,2.3,0
2022-01-21,Stationery,South,58,442,4.41,1
2022-01-22,Stationery,South,65,437,3.13,0
2022-01-23,Stationery,South,58,713,1.87,0
2022-01-24,Stationery,South,84,339,3.21,0
2022-01-25,Stationery,South,74,705,4.78,1
2022-01-26,Stationery,South,80,632,2.38,0
2022-01-27,Stationery,South,83,313,4.02,0
2022-01-28,Stationery,South,87,640,1.83,1
2022-01-29,Stationery,South,67,301,1.56,1
2022-01-30,Stationery,South,72,512,2.24,0
2022-01-31,Stationery,South,84,719,3.26,0
2022-02-01,Stationery,South,174,403,4.24,0
2022-02-02,Stationery,South,182,585,4.93,0
2022-02-03,Stationery,South,152,499,1.98,0
2022-02-04,Stationery,South,256,246,4.75,0
2022-02-05,Stationery,South,175,529,4.06,0
2022-02-06,Stationery,South,199,270,1.95,0
2022-02-07,Stationery,South,239,397,4.29,0
2022-02-08,Stationery,South,201,649,2.37,1
2022-02-09,Stationery,South,203,757,3.75,0
2022-02-10,Stationery,South,117,580,2.62,0
2022-02-11,Stationery,South,248,527,3.91,1
2022-02-12,Stationery,South,158,282,3.31,0
2022-02-13,Stationery,South,216,428,4.06,0
2022-02-14,Stationery,South,225,723,2.73,0
2022-02-15,Stationery,South,197,332,2.4,1
2022-02-16,Stationery,South,90,217,2.21,0
2022-02-17,Stationery,South,21,621,2.52,1
2022-02-18,Stationery,South,110,645,2.36,1
2022-02-19,Stationery,South,71,298,3.73,1
2022-02-20,Stationery,South,51,432,2.14,0
2022-02-21,Stationery,South,72,425,3.99,0
2022-02-22,Stationery,South,67,642,3.83,0
2022-02-23,Stationery,South,68,528,2.11,0
2022-02-24,Stationery,South,82,328,3.86,0
2022-02-25,Stationery,South,54,223,2.86,0
2022-02-26,Stationery,South,61,695,2.48,0
2022-02-27,Stationery,South,39,414,4.99,1
2022-02-28,Stationery,South,83,705,4.27,0
2022-03-01,Stationery,South,77,592,3.68,0
2022-03-02,Stationery,South,69,755,3.19,1
2022-03-03,Stationery,South,76,414,4.48,0
2022-03-04,Stationery,South,70,622,3.76,0
2022-03-05,Stationery,South,78,300,4.38,0
2022-03-06,Stationery,South,63,454,4.36,0
2022-03-07,Stationery,South,80,225,3.2,0
2022-03-08,Stationery,South,69,212,2.25,0
2022-03-09,Stationery,South,76,460,3.55,0
2022-03-10,Stationery,South,90,268,3.09,0
2022-03-11,Stationery,South,71,707,4.35,0
2022-03-12,Stationery,South,67,371,1.95,0
2022-03-13,Stationery,South,63,706,4.66,0
2022-03-14,Stationery,South,71,407,4.0,1
2022-03-15,Stationery,South,67,727,3.08,0
2022-03-16,Stationery,South,95,278,3.27,0
2022-03-17,Stationery,South,87,385,3.37,0
2022-03-18,Stationery,South,91,788,4.32,0
2022-03-19,Stationery,South,62,272,2.67,0
2022-03-20,Stationery,South,52,745,2.67,0
2022-03-21,Stationery,South,61,421,2.57,0
2022-03-22,Stationery,South,67,623,1.79,0
2022-03-23,Stationery,South,74,487,2.35,0
2022-03-24,Stationery,South,75,636,1.57,0
2022-03-25,Stationery,South,81,300,2.22,0
2022-03-26,Stationery,South,69,742,2.62,1
2022-03-27,Stationery,South,64,431,2.32,0
2022-03-28,Stationery,South,73,224,2.63,0
2022-03-29,Stationery,South,30,381,3.85,0
2022-03-30,Stationery,South,95,798,1.9,0
2022-03-31,Stationery,South,69,740,3.39,0
2022-04-01,Stationery,South,88,258,4.31,0
2022-04-02,Stationery,South,54,612,1.91,0
2022-04-03,Stationery,South,64,277,3.27,0
2022-04-04,Stationery,South,81,214,1.98,0
2022-04-05,Stationery,South,64,350,2.8,0
2022-04-06,Stationery,South,38,570,3.48,0
2022-04-07,Stationery,South,55,711,2.79,0
2022-04-08,Stationery,South,92,598,3.58,0
2022-04-09,Stationery,South,68,461,2.4,0
2022-04-10,Stationery,South,67,246,1.51,0
2022-04-11,Stationery,South,90,315,4.82,0
2022-04-12,Stationery,South,47,479,3.89,1
2022-04-13,Stationery,South,72,299,4.2,0
2022-04-14,Stationery,South,63,481,2.03,0
2022-04-15,Stationery,South,72,389,2.83,0
2022-04-16,Stationery,South,59,608,3.52,1
2022-04-17,Stationery,South,53,449,4.45,0
2022-04-18,Stationery,South,97,654,1.83,0
2022-04-19,Stationery,South,101,409,2.09,0
2022-04-20,Stationery,South,95,534,2.68,0
2022-04-21,Stationery,South,74,483,3.82,0
2022-04-22,Stationery,South,71,221,2.05,1
2022-04-23,Stationery,South,80,420,4.79,0
2022-04-24,Stationery,South,80,435,3.78,0
2022-04-25,Stationery,South,91,435,3.39,0
2022-04-26,Stationery,South,69,699,2.23,0
2022-04-27,Stationery,South,87,768,1.8,0
2022-04-28,Stationery,South,74,351,2.8,0
2022-04-29,Stationery,South,68,335,3.05,0
2022-04-30,Stationery,South,51,472,4.61,0
2022-05-01,Stationery,South,67,643,2.18,0
2022-05-02,Stationery,South,69,314,3.28,0
2022-05-03,Stationery,South,172,721,3.84,0
2022-05-04,Stationery,South,233,376,4.93,0
2022-05-05,Stationery,South,163,559,2.95,0
2022-05-06,Stationery,South,217,379,3.78,0
2022-05-07,Stationery,South,145,221,2.95,0
2022-05-08,Stationery,South,177,773,4.89,0
2022-05-09,Stationery,South,224,638,2.23,0
2022-05-10,Stationery,South,212,614,3.09,0
2022-05-11,Stationery,South,156,662,1.71,1
2022-05-12,Stationery,South,159,469,2.23,0
2022-05-13,Stationery,South,232,439,1.69,0
2022-05-14,Stationery,South,177,570,2.36,0
2022-05-15,Stationery,South,219,308,2.43,0
2022-05-16,Stationery,South,261,251,4.13,0
2022-05-17,Stationery,South,121,606,4.72,0
2022-05-18,Stationery,South,103,313,4.56,0
2022-05-19,Stationery,South,82,365,2.95,0
2022-05-20,Stationery,South,74,643,4.5,0
2022-05-21,Stationery,South,50,595,4.21,0
2022-05-22,Stationery,South,68,435,3.13,0
2022-05-23,Stationery,South,57,517,4.06,0
2022-05-24,Stationery,South,94,285,4.07,0
2022-05-25,Stationery,South,67,781,3.47,0
2022-05-26,Stationery,South,56,391,2.38,0
2022-05-27,Stationery,South,70,361,4.89,0
2022-05-28,Stationery,South,61,233,1.67,0
2022-05-29,Stationery,South,62,317,3.65,0
2022-05-30,Stationery,South,74,243,3.92,1
2022-05-31,Stationery,South,86,711,1.69,0
2022-06-01,Stationery,South,174,466,3.77,1
2022-06-02,Stationery,South,156,556,3.68,0
2022-06-03,Stationery,South,176,522,3.19,0
2022-06-04,Stationery,South,137,494,2.07,0
2022-06-05,Stationery,South,122,328,2.86,0
2022-06-06,Stationery,South,147,433,4.23,0
2022-06-07,Stationery,South,134,210,1.63,0
2022-06-08,Stationery,South,139,734,2.72,1
2022-06-09,Stationery,South,150,489,4.3,0
2022-06-10,Stationery,South,155,558,4.93,0
2022-06-11,Stationery,South,99,215,3.87,1
2022-06-12,Stationery,South,152,276,4.5,0
2022-06-13,Stationery,South,127,737,1.76,0
2022-06-14,Stationery,South,167,558,4.0,0
2022-06-15,Stationery,South,150,772,2.44,0
2022-06-16,Stationery,South,138,729,4.1,0
2022-06-17,Stationery,South,119,251,2.41,0
2022-06-18,Stationery,South,114,797,3.63,0
2022-06-19,Stationery,South,104,205,3.94,0
2022-06-20,Stationery,South,90,667,3.08,0
2022-06-21,Stationery,South,150,539,2.82,1
2022-06-22,Stationery,South,201,265,4.09,0
2022-06-23,Stationery,South,136,290,4.02,0
2022-06-24,Stationery,South,111,351,3.93,0
2022-06-25,Stationery,South,62,661,1.6,0
2022-06-26,Stationery,South,128,540,3.59,0
2022-06-27,Stationery,South,160,401,2.4,0
2022-06-28,Stationery,South,151,222,1.8,0
2022-06-29,Stationery,South,144,633,4.05,0
2022-06-30,Stationery,South,121,250,2.57,0
2022-07-01,Stationery,South,182,392,4.36,0
2022-07-02,Stationery,South,145,369,4.1,0
2022-07-03,Stationery,South,140,340,3.34,0
2022-07-04,Stationery,South,159,452,1.8,0
2022-07-05,Stationery,South,170,614,3.94,0
2022-07-06,Stationery,South,97,337,2.16,1
2022-07-07,Stationery,South,104,793,2.62,0
2022-07-08,Stationery,South,116,332,2.54,0
2022-07-09,Stationery,South,69,347,4.29,0
2022-07-10,Stationery,South,147,581,2.71,0
2022-07-11,Stationery,South,115,737,1.65,0
2022-07-12,Stationery,South,158,362,2.58,0
2022-07-13,Stationery,South,139,337,4.27,0
2022-07-14,Stationery,South,177,625,4.09,0
2022-07-15,Stationery,South,169,329,2.57,0
2022-07-16,Stationery,South,144,784,2.44,0
2022-07-17,Stationery,South,94,304,3.04,0
2022-07-18,Stationery,South,148,438,2.31,0
2022-07-19,Stationery,South,148,536,3.51,0
2022-07-20,Stationery,South,141,777,4.33,0
2022-07-21,Stationery,South,112,788,4.8,0
2022-07-22,Stationery,South,175,593,4.98,0
2022-07-23,Stationery,South,78,519,2.57,0
2022-07-24,Stationery,South,140,390,3.13,0
2022-07-25,Stationery,South,203,486,4.9,0
2022-07-26,Stationery,South,196,719,2.65,0
2022-07-27,Stationery,South,162,669,3.61,0
2022-07-28,Stationery,South,148,476,3.26,0
2022-07-29,Stationery,South,164,304,4.79,1
2022-07-30,Stationery,South,90,465,2.56,0
2022-07-31,Stationery,South,94,739,4.87,0
2022-08-01,Stationery,South,71,298,3.37,0
2022-08-02,Stationery,South,96,741,1.69,0
2022-08-03,Stationery,South,94,331,3.37,1
2022-08-04,Stationery,South,102,659,3.32,1
2022-08-05,Stationery,South,77,305,1.94,1
2022-08-06,Stationery,South,73,726,3.29,1
2022-08-07,Stationery,South,70,498,4.89,1
2022-08-08,Stationery,South,61,267,3.28,0
2022-08-09,Stationery,South,87,558,4.68,0
2022-08-10,Stationery,South,66,303,3.7,0
2022-08-11,Stationery,South,83,358,1.77,0
2022-08-12,Stationery,South,51,343,2.03,0
2022-08-13,Stationery,South,83,615,2.69,1
2022-08-14,Stationery,South,48,295,3.2,0
2022-08-15,Stationery,South,73,581,4.8,1
2022-08-16,Stationery,South,59,663,3.19,0
2022-08-17,Stationery,South,47,219,2.84,0
2022-08-18,Stationery,South,53,218,4.51,0
2022-08-19,Stationery,South,99,664,2.46,0
2022-08-20,Stationery,South,75,338,4.74,0
2022-08-21,Stationery,South,78,203,4.69,0
2022-08-22,Stationery,South,88,412,4.48,1
2022-08-23,Stationery,South,116,715,3.77,0
2022-08-24,Stationery,South,69,750,2.99,0
2022-08-25,Stationery,South,86,641,3.49,0
2022-08-26,Stationery,South,78,341,3.86,0
2022-08-27,Stationery,South,91,357,2.01,0
2022-08-28,Stationery,South,70,202,3.14,1
2022-08-29,Stationery,South,81,376,3.96,1
2022-08-30,Stationery,South,51,531,3.75,0
2022-08-31,Stationery,South,89,398,1.89,0
2022-09-01,Stationery,South,118,448,3.41,0
2022-09-02,Stationery,South,95,287,1.64,0
2022-09-03,Stationery,South,77,757,2.64,0
2022-09-04,Stationery,South,73,516,2.34,0
2022-09-05,Stationery,South,115,778,3.97,0
2022-09-06,Stationery,South,79,332,4.18,0
2022-09-07,Stationery,South,66,275,3.87,0
2022-09-08,Stationery,South,111,668,1.63,1
2022-09-09,Stationery,South,82,601,4.86,0
2022-09-10,Stationery,South,90,499,4.95,0
2022-09-11,Stationery,South,64,721,2.41,0
2022-09-12,Stationery,South,95,601,4.99,0
2022-09-13,Stationery,South,80,604,2.88,0
2022-09-14,Stationery,South,94,213,2.22,0
2022-09-15,Stationery,South,91,682,3.14,0
2022-09-16,Stationery,South,93,585,2.36,1
2022-09-17,Stationery,South,96,469,3.72,0
2022-09-18,Stationery,South,38,482,4.74,0
2022-09-19,Stationery,South,77,391,4.18,0
2022-09-20,Stationery,South,110,799,3.33,0
2022-09-21,Stationery,South,103,776,1.94,0
2022-09-22,Stationery,South,100,409,3.79,0
2022-09-23,Stationery,South,61,334,1.6,0
2022-09-24,Stationery,South,74,357,2.24,0
2022-09-25,Stationery,South,61,300,4.68,0
2022-09-26,Stationery,South,78,291,1.9,0
2022-09-27,Stationery,South,102,634,2.94,0
2022-09-28,Stationery,South,74,773,2.1,0
2022-09-29,Stationery,South,90,229,2.07,0
2022-09-30,Stationery,South,93,468,4.21,0
2022-10-01,Stationery,South,90,679,3.68,0
2022-10-02,Stationery,South,78,552,2.57,0
2022-10-03,Stationery,South,58,681,2.45,0
2022-10-04,Stationery,South,51,443,2.51,0
2022-10-05,Stationery,South,36,508,4.51,0
2022-10-06,Stationery,South,58,212,4.36,0
2022-10-07,Stationery,South,83,479,3.17,1
2022-10-08,Stationery,South,65,472,4.94,0
2022-10-09,Stationery,South,46,608,4.73,0
2022-10-10,Stationery,South,56,298,1.9,0
2022-10-11,Stationery,South,96,702,2.42,0
2022-10-12,Stationery,South,51,538,2.79,0
2022-10-13,Stationery,South,65,368,2.53,0
2022-10-14,Stationery,South,99,671,4.66,1
2022-10-15,Stationery,South,66,524,4.0,1
2022-10-16,Stationery,South,57,564,4.89,0
2022-10-17,Stationery,South,93,245,2.7,0
2022-10-18,Stationery,South,85,259,2.0,0
2022-10-19,Stationery,South,80,201,4.37,1
2022-10-20,Stationery,South,70,364,1.66,0
2022-10-21,Stationery,South,79,715,4.49,1
2022-10-22,Stationery,South,71,273,2.88,0
2022-10-23,Stationery,South,75,397,1.5,0
2022-10-24,Stationery,South,51,630,4.63,0
2022-10-25,Stationery,South,86,596,4.15,0
2022-10-26,Stationery,South,71,770,4.58,0
2022-10-27,Stationery,South,86,247,2.49,1
2022-10-28,Stationery,South,94,648,3.22,0
2022-10-29,Stationery,South,36,201,4.31,0
2022-10-30,Stationery,South,42,760,1.64,1
2022-10-31,Stationery,South,80,377,2.03,0
2022-11-01,Stationery,South,77,347,1.73,1
2022-11-02,Stationery,South,78,264,2.62,1
2022-11-03,Stationery,South,74,675,3.96,0
2022-11-04,Stationery,South,65,742,2.16,0
2022-11-05,Stationery,South,70,436,1.7,0
2022-11-06,Stationery,South,84,582,2.99,0
2022-11-07,Stationery,South,75,316,3.97,1
2022-11-08,Stationery,South,74,535,3.41,0
2022-11-09,Stationery,South,92,648,3.79,0
2022-11-10,Stationery,South,81,796,3.23,0
2022-11-11,Stationery,South,110,626,2.98,0
2022-11-12,Stationery,South,53,474,3.89,0
2022-11-13,Stationery,South,87,772,3.46,0
2022-11-14,Stationery,South,67,279,1.58,0
2022-11-15,Stationery,South,76,325,3.56,0
2022-11-16,Stationery,South,97,322,1.56,0
2022-11-17,Stationery,South,79,222,3.14,0
2022-11-18,Stationery,South,112,415,2.12,0
2022-11-19,Stationery,South,27,456,4.39,0
2022-11-20,Stationery,South,48,499,1.91,0
2022-11-21,Stationery,South,57,227,2.96,0
2022-11-22,Stationery,South,65,785,3.82,0
2022-11-23,Stationery,South,57,700,3.01,0
2022-11-24,Stationery,South,93,666,2.3,0
2022-11-25,Stationery,South,76,587,3.08,0
2022-11-26,Stationery,South,80,651,3.78,0
2022-11-27,Stationery,South,51,426,3.87,0
2022-11-28,Stationery,South,70,650,2.92,0
2022-11-29,Stationery,South,60,533,3.64,0
2022-11-30,Stationery,South,91,696,4.42,0
2022-12-01,Stationery,South,74,524,1.63,1
2022-12-02,Stationery,South,45,763,3.84,0
2022-12-03,Stationery,South,76,763,1.98,0
2022-12-04,Stationery,South,34,447,4.86,0
2022-12-05,Stationery,South,79,669,3.93,0
2022-12-06,Stationery,South,60,508,1.75,1
2022-12-07,Stationery,South,78,331,4.42,0
2022-12-08,Stationery,South,71,238,2.64,0
2022-12-09,Stationery,South,74,261,2.68,0
2022-12-10,Stationery,South,85,314,4.02,0
2022-12-11,Stationery,South,85,607,4.46,0
2022-12-12,Stationery,South,54,402,3.1,0
2022-12-13,Stationery,South,89,672,4.56,0
2022-12-14,Stationery,South,97,525,3.11,0
2022-12-15,Stationery,South,88,286,4.81,0
2022-12-16,Stationery,South,93,620,3.07,0
2022-12-17,Stationery,South,118,671,1.6,0
2022-12-18,Stationery,South,41,580,4.63,1
2022-12-19,Stationery,South,74,383,2.02,0
2022-12-20,Stationery,South,111,258,3.97,0
2022-12-21,Stationery,South,71,207,2.28,0
2022-12-22,Stationery,South,84,716,4.04,1
2022-12-23,Stationery,South,70,294,4.66,0
2022-12-24,Stationery,South,60,694,2.68,0
2022-12-25,Stationery,South,50,544,4.44,0
2022-12-26,Stationery,South,77,787,4.11,1
2022-12-27,Stationery,South,94,467,2.05,0
2022-12-28,Stationery,South,114,691,2.01,0
2022-12-29,Stationery,South,73,372,3.61,0
2022-12-30,Stationery,South,75,436,1.95,0
2022-12-31,Stationery,South,62,428,2.08,0
2023-01-01,Stationery,South,50,400,3.9,0
2023-01-02,Stationery,South,102,664,2.16,0
2023-01-03,Stationery,South,73,453,1.63,0
2023-01-04,Stationery,South,95,784,3.85,0
2023-01-05,Stationery,South,96,492,2.7,0
2023-01-06,Stationery,South,96,626,4.95,0
2023-01-07,Stationery,South,75,460,1.76,0
2023-01-08,Stationery,South,75,362,3.44,0
2023-01-09,Stationery,South,53,626,2.59,0
2023-01-10,Stationery,South,80,491,3.54,0
2023-01-11,Stationery,South,96,363,2.43,0
2023-01-12,Stationery,South,112,686,1.61,0
2023-01-13,Stationery,South,99,422,1.82,0
2023-01-14,Stationery,South,111,364,2.01,0
2023-01-15,Stationery,South,172,505,2.93,0
2023-01-16,Stationery,South,196,649,1.99,0
2023-01-17,Stationery,South,225,306,4.32,0
2023-01-18,Stationery,South,200,535,4.56,0
2023-01-19,Stationery,South,267,271,1.78,0
2023-01-20,Stationery,South,211,378,3.12,0
2023-01-21,Stationery,South,179,777,4.72,0
2023-01-22,Stationery,South,209,454,2.99,0
2023-01-23,Stationery,South,177,644,3.61,0
2023-01-24,Stationery,South,226,768,4.94,0
2023-01-25,Stationery,South,92,502,2.69,0
2023-01-26,Stationery,South,81,716,2.67,0
2023-01-27,Stationery,South,90,340,4.76,0
2023-01-28,Stationery,South,65,630,4.81,0
2023-01-29,Stationery,South,73,452,3.88,0
2023-01-30,Stationery,South,91,269,4.5,0
2023-01-31,Stationery,South,63,223,3.09,0
2023-02-01,Stationery,South,147,547,4.49,0
2023-02-02,Stationery,South,140,258,2.39,1
2023-02-03,Stationery,South,214,729,2.83,0
2023-02-04,Stationery,South,175,275,4.8,0
2023-02-05,Stationery,South,143,359,1.94,0
2023-02-06,Stationery,South,195,374,3.09,0
2023-02-07,Stationery,South,180,517,2.33,0
2023-02-08,Stationery,South,206,455,4.41,0
2023-02-09,Stationery,South,229,470,4.43,0
2023-02-10,Stationery,South,197,431,1.98,0
2023-02-11,Stationery,South,141,656,1.53,0
2023-02-12,Stationery,South,182,309,1.55,0
2023-02-13,Stationery,South,166,365,4.11,0
2023-02-14,Stationery,South,310,404,4.38,0
2023-02-15,Stationery,South,130,440,3.26,0
2023-02-16,Stationery,South,44,483,4.64,1
2023-02-17,Stationery,South,40,362,3.52,0
2023-02-18,Stationery,South,72,442,2.58,0
2023-02-19,Stationery,South,85,338,3.38,0
2023-02-20,Stationery,South,72,434,3.75,0
2023-02-21,Stationery,South,85,250,2.6,0
2023-02-22,Stationery,South,75,680,1.83,0
2023-02-23,Stationery,South,73,730,3.28,0
2023-02-24,Stationery,South,52,350,3.47,0
2023-02-25,Stationery,South,58,639,1.99,0
2023-02-26,Stationery,South,72,662,3.93,0
2023-02-27,Stationery,South,84,683,2.6,0
2023-02-28,Stationery,South,108,332,1.59,0
2023-03-01,Stationery,South,91,492,4.94,0
2023-03-02,Stationery,South,62,700,1.56,0
2023-03-03,Stationery,South,99,290,3.07,0
2023-03-04,Stationery,South,40,260,4.27,0
2023-03-05,Stationery,South,59,713,3.46,1
2023-03-06,Stationery,South,66,448,3.97,0
2023-03-07,Stationery,South,51,472,4.73,0
2023-03-08,Stationery,South,92,713,3.93,0
2023-03-09,Stationery,South,89,435,3.87,0
2023-03-10,Stationery,South,109,691,4.63,0
2023-03-11,Stationery,South,77,228,3.09,0
2023-03-12,Stationery,South,81,665,2.82,0
2023-03-13,Stationery,South,77,721,3.37,0
2023-03-14,Stationery,South,89,225,3.97,0
2023-03-15,Stationery,South,78,234,3.15,0
2023-03-16,Stationery,South,63,768,4.86,0
2023-03-17,Stationery,South,86,335,2.32,0
2023-03-18,Stationery,South,102,379,3.02,0
2023-03-19,Stationery,South,67,553,1.95,0
2023-03-20,Stationery,South,71,752,2.37,0
2023-03-21,Stationery,South,64,292,4.83,0
2023-03-22,Stationery,South,99,663,3.07,0
2023-03-23,Stationery,South,94,535,4.59,1
2023-03-24,Stationery,South,97,461,1.97,0
2023-03-25,Stationery,South,73,453,1.9,0
2023-03-26,Stationery,South,82,544,1.67,0
2023-03-27,Stationery,South,65,427,4.1,0
2023-03-28,Stationery,South,50,626,1.56,0
2023-03-29,Stationery,South,89,784,2.35,0
2023-03-30,Stationery,South,55,572,3.88,1
2023-03-31,Stationery,South,78,613,1.94,1
2023-04-01,Stationery,South,68,592,3.48,0
2023-04-02,Stationery,South,85,541,1.72,0
2023-04-03,Stationery,South,86,337,4.56,0
2023-04-04,Stationery,South,72,517,4.83,0
2023-04-05,Stationery,South,85,566,2.38,0
2023-04-06,Stationery,South,79,781,2.91,0
2023-04-07,Stationery,South,44,374,1.82,0
2023-04-08,Stationery,South,67,548,2.18,0
2023-04-09,Stationery,South,81,207,2.19,0
2023-04-10,Stationery,South,58,467,2.02,0
2023-04-11,Stationery,South,87,209,1.57,0
2023-04-12,Stationery,South,73,663,4.15,0
2023-04-13,Stationery,South,107,679,2.17,0
2023-04-14,Stationery,South,83,545,2.39,0
2023-04-15,Stationery,South,62,465,4.34,1
2023-04-16,Stationery,South,71,481,3.47,0
2023-04-17,Stationery,South,86,769,4.32,0
2023-04-18,Stationery,South,56,673,3.43,0
2023-04-19,Stationery,South,73,589,1.52,0
2023-04-20,Stationery,South,52,455,1.84,0
2023-04-21,Stationery,South,101,587,1.67,0
2023-04-22,Stationery,South,70,521,2.94,0
2023-04-23,Stationery,South,141,684,1.64,0
2023-04-24,Stationery,South,228,443,2.37,1
2023-04-25,Stationery,South,177,572,1.8,0
2023-04-26,Stationery,South,168,503,4.35,0
2023-04-27,Stationery,South,212,228,3.56,0
2023-04-28,Stationery,South,219,294,1.99,0
2023-04-29,Stationery,South,146,218,2.65,0
2023-04-30,Stationery,South,175,724,4.64,0
2023-05-01,Stationery,South,250,799,2.16,0
2023-05-02,Stationery,South,224,765,1.6,0
2023-05-03,Stationery,South,182,541,2.25,0
2023-05-04,Stationery,South,175,614,4.28,0
2023-05-05,Stationery,South,199,674,2.1,0
2023-05-06,Stationery,South,167,293,2.24,0
2023-05-07,Stationery,South,204,239,3.13,0
2023-05-08,Stationery,South,103,369,4.25,0
2023-05-09,Stationery,South,86,540,4.25,0
2023-05-10,Stationery,South,62,446,1.54,1
2023-05-11,Stationery,South,87,315,4.48,0
2023-05-12,Stationery,South,60,434,4.62,0
2023-05-13,Stationery,South,72,791,3.09,0
2023-05-14,Stationery,South,79,547,4.52,0
2023-05-15,Stationery,South,72,665,3.53,0
2023-05-16,Stationery,South,66,426,2.06,0
2023-05-17,Stationery,South,75,291,3.85,0
2023-05-18,Stationery,South,57,437,3.62,0
2023-05-19,Stationery,South,99,420,4.5,1
2023-05-20,Stationery,South,77,756,4.46,0
2023-05-21,Stationery,South,73,748,2.35,0
2023-05-22,Stationery,South,44,499,2.73,0
2023-05-23,Stationery,South,100,407,4.11,0
2023-05-24,Stationery,South,109,225,1.54,0
2023-05-25,Stationery,South,65,204,1.51,1
2023-05-26,Stationery,South,38,586,2.67,0
2023-05-27,Stationery,South,63,756,3.79,0
2023-05-28,Stationery,South,65,341,4.51,0
2023-05-29,Stationery,South,100,376,3.93,0
2023-05-30,Stationery,South,76,207,4.1,0
2023-05-31,Stationery,South,99,444,2.38,0
2023-06-01,Stationery,South,95,589,1.83,0
2023-06-02,Stationery,South,155,477,3.78,0
2023-06-03,Stationery,South,124,214,2.61,0
2023-06-04,Stationery,South,125,688,2.31,0
2023-06-05,Stationery,South,138,623,4.79,1
2023-06-06,Stationery,South,105,543,3.44,0
2023-06-07,Stationery,South,106,294,2.48,1
2023-06-08,Stationery,South,149,572,2.76,1
2023-06-09,Stationery,South,173,238,2.62,0
2023-06-10,Stationery,South,148,378,3.21,0
2023-06-11,Stationery,South,108,689,1.58,0
2023-06-12,Stationery,South,173,687,4.89,0
2023-06-13,Stationery,South,88,492,3.39,0
2023-06-14,Stationery,South,171,685,4.31,0
2023-06-15,Stationery,South,128,251,4.31,0
2023-06-16,Stationery,South,144,760,2.95,0
2023-06-17,Stationery,South,113,774,2.51,0
2023-06-18,Stationery,South,120,380,3.89,0
2023-06-19,Stationery,South,129,459,4.65,0
2023-06-20,Stationery,South,109,701,2.11,0
2023-06-21,Stationery,South,108,652,2.53,0
2023-06-22,Stationery,South,122,455,1.57,0
2023-06-23,Stationery,South,149,214,3.85,0
2023-06-24,Stationery,South,122,244,4.09,0
2023-06-25,Stationery,South,77,573,2.91,0
2023-06-26,Stationery,South,188,229,2.04,0
2023-06-27,Stationery,South,181,304,3.21,0
2023-06-28,Stationery,South,93,513,4.66,0
2023-06-29,Stationery,South,205,452,4.99,0
2023-06-30,Stationery,South,176,763,4.42,0
2023-07-01,Stationery,South,85,474,3.14,0
2023-07-02,Stationery,South,134,436,2.51,0
2023-07-03,Stationery,South,152,594,3.61,0
2023-07-04,Stationery,South,94,212,3.44,0
2023-07-05,Stationery,South,154,200,4.02,0
2023-07-06,Stationery,South,120,243,3.54,0
2023-07-07,Stationery,South,166,673,2.05,1
2023-07-08,Stationery,South,62,386,4.65,1
2023-07-09,Stationery,South,123,409,4.34,1
2023-07-10,Stationery,South,132,521,1.62,0
2023-07-11,Stationery,South,213,346,2.0,0
2023-07-12,Stationery,South,135,600,2.68,0
2023-07-13,Stationery,South,125,300,3.62,0
2023-07-14,Stationery,South,90,432,4.4,0
2023-07-15,Stationery,South,95,364,4.67,1
2023-07-16,Stationery,South,104,563,2.51,0
2023-07-17,Stationery,South,167,744,1.61,0
2023-07-18,Stationery,South,185,485,4.53,0
2023-07-19,Stationery,South,103,387,2.99,0
2023-07-20,Stationery,South,159,270,3.18,0
2023-07-21,Stationery,South,128,734,2.49,0
2023-07-22,Stationery,South,159,524,1.93,0
2023-07-23,Stationery,South,98,701,4.22,0
2023-07-24,Stationery,South,105,608,2.96,0
2023-07-25,Stationery,South,146,358,4.65,0
2023-07-26,Stationery,South,165,788,2.41,0
2023-07-27,Stationery,South,128,702,3.97,0
2023-07-28,Stationery,South,129,469,2.69,0
2023-07-29,Stationery,South,120,740,3.48,0
2023-07-30,Stationery,South,162,508,1.9,0
2023-07-31,Stationery,South,149,423,2.75,0
2023-08-01,Stationery,South,75,409,1.94,0
2023-08-02,Stationery,South,76,563,2.01,0
2023-08-03,Stationery,South,77,213,4.19,0
2023-08-04,Stationery,South,73,791,1.8,0
2023-08-05,Stationery,South,57,619,2.6,0
2023-08-06,Stationery,South,62,269,1.95,0
2023-08-07,Stationery,South,81,402,2.85,0
2023-08-08,Stationery,South,95,634,2.94,0
2023-08-09,Stationery,South,90,302,2.58,0
2023-08-10,Stationery,South,95,368,3.51,1
2023-08-11,Stationery,South,84,601,2.15,0
2023-08-12,Stationery,South,61,212,1.6,0
2023-08-13,Stationery,South,53,318,2.97,0
2023-08-14,Stationery,South,68,245,3.65,0
2023-08-15,Stationery,South,86,202,3.08,0
2023-08-16,Stationery,South,109,313,1.52,1
2023-08-17,Stationery,South,48,533,3.55,0
2023-08-18,Stationery,South,79,215,2.75,0
2023-08-19,Stationery,South,59,459,1.85,0
2023-08-20,Stationery,South,64,720,3.26,0
2023-08-21,Stationery,South,87,787,2.78,1
2023-08-22,Stationery,South,98,570,3.36,1
2023-08-23,Stationery,South,72,481,3.0,0
2023-08-24,Stationery,South,108,294,4.44,0
2023-08-25,Stationery,South,107,286,3.57,0
2023-08-26,Stationery,South,54,340,2.3,0
2023-08-27,Stationery,South,97,453,4.29,0
2023-08-28,Stationery,South,78,435,3.12,0
2023-08-29,Stationery,South,87,797,4.39,1
2023-08-30,Stationery,South,58,542,1.52,0
2023-08-31,Stationery,South,49,369,3.47,0
2023-09-01,Stationery,South,90,726,3.32,0
2023-09-02,Stationery,South,65,324,4.31,0
2023-09-03,Stationery,South,51,542,1.91,0
2023-09-04,Stationery,South,72,731,2.09,0
2023-09-05,Stationery,South,111,591,2.66,0
2023-09-06,Stationery,South,113,210,3.64,0
2023-09-07,Stationery,South,97,572,3.56,0
2023-09-08,Stationery,South,59,518,3.3,0
2023-09-09,Stationery,South,92,320,4.48,0
2023-09-10,Stationery,South,45,514,1.91,0
2023-09-11,Stationery,South,86,794,1.68,0
2023-09-12,Stationery,South,69,762,1.9,0
2023-09-13,Stationery,South,101,261,4.99,0
2023-09-14,Stationery,South,90,730,4.42,0
2023-09-15,Stationery,South,74,280,3.96,0
2023-09-16,Stationery,South,27,371,3.82,0
2023-09-17,Stationery,South,40,225,3.31,0
2023-09-18,Stationery,South,72,661,4.99,0
2023-09-19,Stationery,South,86,606,2.27,0
2023-09-20,Stationery,South,85,215,2.12,0
2023-09-21,Stationery,South,83,646,4.6,0
2023-09-22,Stationery,South,62,489,4.24,0
2023-09-23,Stationery,South,63,557,3.14,0
2023-09-24,Stationery,South,69,588,3.69,1
2023-09-25,Stationery,South,73,476,3.21,0
2023-09-26,Stationery,South,96,256,1.8,1
2023-09-27,Stationery,South,78,550,2.64,0
2023-09-28,Stationery,South,66,600,4.3,0
2023-09-29,Stationery,South,53,633,3.35,0
2023-09-30,Stationery,South,38,261,2.91,0
2023-10-01,Stationery,South,50,452,3.14,0
2023-10-02,Stationery,South,85,404,4.02,0
2023-10-03,Stationery,South,87,216,3.37,0
2023-10-04,Stationery,South,71,611,3.43,0
2023-10-05,Stationery,South,56,601,4.79,0
2023-10-06,Stationery,South,74,732,4.07,0
2023-10-07,Stationery,South,36,324,4.42,0
2023-10-08,Stationery,South,62,552,3.74,0
2023-10-09,Stationery,South,69,416,3.81,0
2023-10-10,Stationery,South,90,474,2.67,0
2023-10-11,Stationery,South,52,578,2.1,0
2023-10-12,Stationery,South,55,223,1.61,0
2023-10-13,Stationery,South,60,506,4.77,0
2023-10-14,Stationery,South,58,233,3.11,1
2023-10-15,Stationery,South,48,288,4.41,0
2023-10-16,Stationery,South,99,576,4.43,0
2023-10-17,Stationery,South,108,550,4.57,0
2023-10-18,Stationery,South,91,568,1.77,0
2023-10-19,Stationery,South,101,659,2.35,0
2023-10-20,Stationery,South,115,735,3.08,0
2023-10-21,Stationery,South,87,689,3.56,0
2023-10-22,Stationery,South,71,210,4.62,0
2023-10-23,Stationery,South,94,202,4.15,0
2023-10-24,Stationery,South,75,579,1.94,0
2023-10-25,Stationery,South,63,693,4.7,0
2023-10-26,Stationery,South,56,546,1.65,0
2023-10-27,Stationery,South,57,630,4.33,0
2023-10-28,Stationery,South,48,214,3.02,0
2023-10-29,Stationery,South,68,722,3.48,1
2023-10-30,Stationery,South,57,783,3.33,0
2023-10-31,Stationery,South,94,331,2.52,0
2023-11-01,Stationery,South,88,517,1.81,0
2023-11-02,Stationery,South,105,243,3.14,0
2023-11-03,Stationery,South,106,663,4.82,1
2023-11-04,Stationery,South,74,503,1.81,0
2023-11-05,Stationery,South,67,783,1.72,0
2023-11-06,Stationery,South,95,477,2.08,0
2023-11-07,Stationery,South,54,594,3.44,1
2023-11-08,Stationery,South,102,536,4.82,0
2023-11-09,Stationery,South,75,471,3.66,0
2023-11-10,Stationery,South,75,621,4.33,0
2023-11-11,Stationery,South,78,484,1.98,0
2023-11-12,Stationery,South,63,269,2.59,0
2023-11-13,Stationery,South,106,336,4.17,0
2023-11-14,Stationery,South,94,343,2.92,0
2023-11-15,Stationery,South,84,355,3.97,0
2023-11-16,Stationery,South,64,224,2.97,0
2023-11-17,Stationery,South,62,265,4.32,0
2023-11-18,Stationery,South,90,367,4.52,0
2023-11-19,Stationery,South,82,242,3.79,1
2023-11-20,Stationery,South,106,270,4.57,1
2023-11-21,Stationery,South,58,412,4.82,1
2023-11-22,Stationery,South,82,413,2.5,0
2023-11-23,Stationery,South,65,375,2.89,0
2023-11-24,Stationery,South,70,508,3.59,0
2023-11-25,Stationery,South,65,760,1.89,0
2023-11-26,Stationery,South,63,215,2.0,0
2023-11-27,Stationery,South,71,468,4.82,0
2023-11-28,Stationery,South,86,475,4.4,0
2023-11-29,Stationery,South,79,765,2.54,0
2023-11-30,Stationery,South,73,573,2.02,0
2023-12-01,Stationery,South,94,478,4.9,0
2023-12-02,Stationery,South,104,380,2.03,0
2023-12-03,Stationery,South,69,215,2.16,1
2023-12-04,Stationery,South,55,220,2.57,1
2023-12-05,Stationery,South,77,747,4.07,0
2023-12-06,Stationery,South,48,733,4.04,0
2023-12-07,Stationery,South,63,306,4.35,1
2023-12-08,Stationery,South,80,500,3.91,0
2023-12-09,Stationery,South,65,566,1.52,0
2023-12-10,Stationery,South,56,710,2.54,0
2023-12-11,Stationery,South,81,652,3.54,0
2023-12-12,Stationery,South,71,793,4.83,1
2023-12-13,Stationery,South,90,718,1.59,0
2023-12-14,Stationery,South,71,276,2.0,0
2023-12-15,Stationery,South,78,795,3.14,0
2023-12-16,Stationery,South,44,689,3.22,1
2023-12-17,Stationery,South,69,788,4.62,0
2023-12-18,Stationery,South,91,488,3.04,0
2023-12-19,Stationery,South,64,679,2.52,0
2023-12-20,Stationery,South,40,673,3.15,1
2023-12-21,Stationery,South,105,265,2.37,0
2023-12-22,Stationery,South,62,633,3.55,0
2023-12-23,Stationery,South,65,673,3.67,1
2023-12-24,Stationery,South,84,313,4.55,0
2023-12-25,Stationery,South,79,701,2.68,0
2023-12-26,Stationery,South,60,333,2.68,0
2023-12-27,Stationery,South,64,771,2.13,0
2023-12-28,Stationery,South,91,273,3.06,0
2023-12-29,Stationery,South,104,565,4.7,0
2023-12-30,Stationery,South,77,489,3.22,0
2023-12-31,Stationery,South,55,207,3.95,0
2024-01-01,Stationery,South,87,750,2.98,0
2024-01-02,Stationery,South,92,615,2.66,0
2024-01-03,Stationery,South,60,300,3.91,0
2024-01-04,Stationery,South,80,652,4.78,0
2024-01-05,Stationery,South,73,479,2.18,0
2024-01-06,Stationery,South,59,393,3.85,0
2024-01-07,Stationery,South,107,252,3.36,0
2024-01-08,Stationery,South,85,316,4.73,0
2024-01-09,Stationery,South,80,272,2.39,0
2024-01-10,Stationery,South,80,666,3.09,0
2024-01-11,Stationery,South,59,220,2.99,0
2024-01-12,Stationery,South,123,603,2.65,0
2024-01-13,Stationery,South,83,423,2.54,0
2024-01-14,Stationery,South,30,505,4.19,0
2024-01-15,Stationery,South,90,694,4.23,0
2024-01-16,Stationery,South,99,341,2.1,0
2024-01-17,Stationery,South,116,772,1.99,0
2024-01-18,Stationery,South,181,377,3.25,0
2024-01-19,Stationery,South,165,594,4.28,0
2024-01-20,Stationery,South,219,577,2.68,0
2024-01-21,Stationery,South,138,274,4.12,0
2024-01-22,Stationery,South,234,729,4.04,0
2024-01-23,Stationery,South,164,783,2.99,0
2024-01-24,Stationery,South,248,497,2.72,0
2024-01-25,Stationery,South,224,531,2.71,0
2024-01-26,Stationery,South,258,395,4.95,0
2024-01-27,Stationery,South,189,258,2.01,1
2024-01-28,Stationery,South,63,333,4.14,0
2024-01-29,Stationery,South,98,489,2.11,0
2024-01-30,Stationery,South,91,495,2.4,0
2024-01-31,Stationery,South,64,627,1.64,0
2024-02-01,Stationery,South,260,472,1.78,0
2024-02-02,Stationery,South,182,464,3.3,0
2024-02-03,Stationery,South,182,262,1.98,0
2024-02-04,Stationery,South,106,401,2.57,0
2024-02-05,Stationery,South,191,256,1.9,0
2024-02-06,Stationery,South,223,305,4.57,0
2024-02-07,Stationery,South,195,427,3.77,0
2024-02-08,Stationery,South,208,602,4.93,1
2024-02-09,Stationery,South,142,255,2.37,0
2024-02-10,Stationery,South,196,468,4.62,0
2024-02-11,Stationery,South,202,250,4.26,0
2024-02-12,Stationery,South,229,515,2.92,0
2024-02-13,Stationery,South,227,270,4.66,0
2024-02-14,Stationery,South,231,790,3.18,0
2024-02-15,Stationery,South,135,704,3.33,1
2024-02-16,Stationery,South,98,688,3.75,0
2024-02-17,Stationery,South,65,282,3.53,0
2024-02-18,Stationery,South,50,658,4.02,0
2024-02-19,Stationery,South,85,524,2.26,0
2024-02-20,Stationery,South,50,262,3.43,0
2024-02-21,Stationery,South,97,276,4.01,0
2024-02-22,Stationery,South,76,506,2.94,1
2024-02-23,Stationery,South,83,768,1.5,0
2024-02-24,Stationery,South,77,277,1.93,0
2024-02-25,Stationery,South,62,404,4.54,0
2024-02-26,Stationery,South,112,426,3.53,0
2024-02-27,Stationery,South,102,619,4.38,0
2024-02-28,Stationery,South,66,229,3.67,0
2024-02-29,Stationery,South,97,479,3.81,0
2024-03-01,Stationery,South,55,233,3.29,0
2024-03-02,Stationery,South,95,246,2.74,0
2024-03-03,Stationery,South,38,401,4.15,0
2024-03-04,Stationery,South,72,265,1.5,0
2024-03-05,Stationery,South,104,516,2.56,0
2024-03-06,Stationery,South,100,214,1.71,0
2024-03-07,Stationery,South,65,670,1.93,0
2024-03-08,Stationery,South,88,346,3.63,0
2024-03-09,Stationery,South,91,302,3.08,0
2024-03-10,Stationery,South,83,213,4.64,1
2024-03-11,Stationery,South,55,382,4.1,0
2024-03-12,Stationery,South,85,794,4.53,0
2024-03-13,Stationery,South,105,759,4.17,0
2024-03-14,Stationery,South,101,466,3.69,0
2024-03-15,Stationery,South,67,309,2.41,0
2024-03-16,Stationery,South,79,605,2.45,0
2024-03-17,Stationery,South,71,419,2.23,0
2024-03-18,Stationery,South,91,388,4.98,0
2024-03-19,Stationery,South,78,754,3.67,0
2024-03-20,Stationery,South,92,475,3.34,0
2024-03-21,Stationery,South,99,588,2.4,0
2024-03-22,Stationery,South,62,372,3.79,0
2024-03-23,Stationery,South,84,702,4.78,0
2024-03-24,Stationery,South,59,638,3.33,0
2024-03-25,Stationery,South,61,457,3.56,0
2024-03-26,Stationery,South,100,341,2.96,0
2024-03-27,Stationery,South,72,664,3.78,0
2024-03-28,Stationery,South,55,482,4.4,0
2024-03-29,Stationery,South,110,760,2.44,0
2024-03-30,Stationery,South,89,606,2.68,0
2024-03-31,Stationery,South,50,304,3.86,0
2024-04-01,Stationery,South,99,421,3.97,0
2024-04-02,Stationery,South,75,476,4.14,0
2024-04-03,Stationery,South,83,562,1.76,0
2024-04-04,Stationery,South,97,429,3.76,0
2024-04-05,Stationery,South,75,574,3.11,0
2024-04-06,Stationery,South,98,718,1.61,0
2024-04-07,Stationery,South,72,789,4.63,1
2024-04-08,Stationery,South,83,476,4.61,0
2024-04-09,Stationery,South,77,271,3.39,0
2024-04-10,Stationery,South,45,400,4.42,0
2024-04-11,Stationery,South,95,759,3.32,0
2024-04-12,Stationery,South,83,775,4.56,0
2024-04-13,Stationery,South,26,636,3.4,0
2024-04-14,Stationery,South,23,238,3.39,0
2024-04-15,Stationery,South,82,246,4.56,0
2024-04-16,Stationery,South,75,567,3.32,0
2024-04-17,Stationery,South,70,380,4.95,0
2024-04-18,Stationery,South,82,298,2.24,1
2024-04-19,Stationery,South,86,783,4.26,0
2024-04-20,Stationery,South,66,760,2.66,0
2024-04-21,Stationery,South,199,670,3.95,0
2024-04-22,Stationery,South,211,790,3.88,0
2024-04-23,Stationery,South,197,432,3.85,0
2024-04-24,Stationery,South,119,492,3.56,0
2024-04-25,Stationery,South,217,627,4.21,0
2024-04-26,Stationery,South,187,627,2.46,0
2024-04-27,Stationery,South,200,358,1.95,0
2024-04-28,Stationery,South,168,444,4.28,1
2024-04-29,Stationery,South,163,613,3.25,1
2024-04-30,Stationery,South,203,215,3.84,1
2024-05-01,Stationery,South,103,595,3.08,0
2024-05-02,Stationery,South,212,227,3.18,0
2024-05-03,Stationery,South,193,547,3.55,1
2024-05-04,Stationery,South,218,608,1.88,0
2024-05-05,Stationery,South,140,509,1.71,0
2024-05-06,Stationery,South,92,649,4.37,0
2024-05-07,Stationery,South,63,470,4.69,0
2024-05-08,Stationery,South,83,537,1.66,0
2024-05-09,Stationery,South,82,793,2.48,1
2024-05-10,Stationery,South,79,307,1.78,0
2024-05-11,Stationery,South,81,661,4.84,0
2024-05-12,Stationery,South,52,545,4.34,0
2024-05-13,Stationery,South,57,607,2.67,0
2024-05-14,Stationery,South,53,513,3.48,0
2024-05-15,Stationery,South,91,215,3.21,1
2024-05-16,Stationery,South,83,267,2.2,0
2024-05-17,Stationery,South,93,736,1.75,0
2024-05-18,Stationery,South,55,677,3.6,0
2024-05-19,Stationery,South,74,277,2.83,0
2024-05-20,Stationery,South,82,291,4.9,0
2024-05-21,Stationery,South,74,758,3.72,0
2024-05-22,Stationery,South,84,721,2.39,1
2024-05-23,Stationery,South,79,412,4.54,1
2024-05-24,Stationery,South,91,601,3.15,1
2024-05-25,Stationery,South,71,351,3.69,0
2024-05-26,Stationery,South,72,440,4.91,0
2024-05-27,Stationery,South,73,665,2.12,1
2024-05-28,Stationery,South,90,392,2.51,1
2024-05-29,Stationery,South,97,353,2.05,0
2024-05-30,Stationery,South,56,427,4.11,0
2024-05-31,Stationery,South,52,242,4.46,0
2024-06-01,Stationery,South,133,535,3.75,0
2024-06-02,Stationery,South,124,642,3.25,0
2024-06-03,Stationery,South,168,429,3.68,0
2024-06-04,Stationery,South,124,672,3.87,0
2024-06-05,Stationery,South,97,612,3.54,0
2024-06-06,Stationery,South,87,272,1.56,0
2024-06-07,Stationery,South,154,730,3.33,0
2024-06-08,Stationery,South,134,538,2.23,0
2024-06-09,Stationery,South,122,631,2.74,0
2024-06-10,Stationery,South,179,268,1.67,0
2024-06-11,Stationery,South,114,497,1.59,0
2024-06-12,Stationery,South,194,674,2.08,0
2024-06-13,Stationery,South,106,258,4.26,0
2024-06-14,Stationery,South,138,566,4.29,0
2024-06-15,Stationery,South,111,262,2.46,0
2024-06-16,Stationery,South,84,272,4.23,0
2024-06-17,Stationery,South,141,227,3.37,0
2024-06-18,Stationery,South,149,229,4.17,0
2024-06-19,Stationery,South,141,643,2.68,0
2024-06-20,Stationery,South,151,515,1.87,0
2024-06-21,Stationery,South,175,584,2.62,0
2024-06-22,Stationery,South,143,538,2.06,0
2024-06-23,Stationery,South,136,418,3.77,0
2024-06-24,Stationery,South,175,422,4.9,0
2024-06-25,Stationery,South,169,278,2.87,0
2024-06-26,Stationery,South,110,450,2.54,0
2024-06-27,Stationery,South,146,360,2.83,1
2024-06-28,Stationery,South,109,749,2.29,1
2024-06-29,Stationery,South,177,556,2.93,0
2024-06-30,Stationery,South,139,485,3.63,0
2024-07-01,Stationery,South,105,697,4.82,0
2024-07-02,Stationery,South,156,242,3.77,1
2024-07-03,Stationery,South,163,612,4.62,0
2024-07-04,Stationery,South,155,291,3.29,1
2024-07-05,Stationery,South,120,366,1.88,0
2024-07-06,Stationery,South,117,711,4.0,0
2024-07-07,Stationery,South,180,630,4.1,0
2024-07-08,Stationery,South,92,547,3.93,1
2024-07-09,Stationery,South,177,242,3.5,1
2024-07-10,Stationery,South,161,227,2.52,0
2024-07-11,Stationery,South,60,366,4.39,0
2024-07-12,Stationery,South,102,433,2.46,0
2024-07-13,Stationery,South,142,216,4.59,0
2024-07-14,Stationery,South,100,401,2.36,0
2024-07-15,Stationery,South,120,795,2.28,0
2024-07-16,Stationery,South,186,499,2.16,0
2024-07-17,Stationery,South,160,541,4.74,0
2024-07-18,Stationery,South,102,628,4.3,0
2024-07-19,Stationery,South,137,546,2.18,1
2024-07-20,Stationery,South,161,416,1.97,0
2024-07-21,Stationery,South,112,565,3.38,0
2024-07-22,Stationery,South,137,688,4.79,0
2024-07-23,Stationery,South,113,281,3.88,0
2024-07-24,Stationery,South,171,415,2.88,0
2024-07-25,Stationery,South,107,782,2.77,1
2024-07-26,Stationery,South,174,640,2.23,0
2024-07-27,Stationery,South,86,212,2.08,0
2024-07-28,Stationery,South,110,303,3.53,1
2024-07-29,Stationery,South,150,241,3.62,0
2024-07-30,Stationery,South,122,636,2.49,0
2024-07-31,Stationery,South,128,579,3.71,0
2024-08-01,Stationery,South,54,770,5.0,0
2024-08-02,Stationery,South,80,342,4.32,0
2024-08-03,Stationery,South,34,263,3.19,0
2024-08-04,Stationery,South,74,705,2.27,0
2024-08-05,Stationery,South,78,528,2.69,0
2024-08-06,Stationery,South,75,321,2.93,0
2024-08-07,Stationery,South,77,269,3.34,1
2024-08-08,Stationery,South,115,742,2.52,0
2024-08-09,Stationery,South,101,705,2.75,0
2024-08-10,Stationery,South,58,316,2.21,0
2024-08-11,Stationery,South,59,731,1.95,0
2024-08-12,Stationery,South,73,258,2.14,0
2024-08-13,Stationery,South,103,464,3.51,1
2024-08-14,Stationery,South,96,559,3.15,1
2024-08-15,Stationery,South,65,791,3.56,1
2024-08-16,Stationery,South,44,588,1.87,0
2024-08-17,Stationery,South,57,235,4.35,0
2024-08-18,Stationery,South,70,216,3.01,0
2024-08-19,Stationery,South,65,277,4.46,0
2024-08-20,Stationery,South,75,243,2.92,1
2024-08-21,Stationery,South,70,493,3.6,0
2024-08-22,Stationery,South,76,265,4.06,0
2024-08-23,Stationery,South,78,445,3.19,0
2024-08-24,Stationery,South,48,270,2.59,0
2024-08-25,Stationery,South,89,459,3.63,0
2024-08-26,Stationery,South,34,556,2.04,0
2024-08-27,Stationery,South,97,480,4.62,1
2024-08-28,Stationery,South,115,341,3.13,1
2024-08-29,Stationery,South,35,569,4.42,0
2024-08-30,Stationery,South,97,644,1.61,0
2024-08-31,Stationery,South,64,292,2.17,1
2024-09-01,Stationery,South,66,565,2.63,1
2024-09-02,Stationery,South,83,321,2.28,1
2024-09-03,Stationery,South,81,352,2.16,0
2024-09-04,Stationery,South,63,427,3.81,0
2024-09-05,Stationery,South,89,786,4.62,0
2024-09-06,Stationery,South,72,739,2.18,0
2024-09-07,Stationery,South,91,507,2.61,0
2024-09-08,Stationery,South,70,772,2.9,0
2024-09-09,Stationery,South,61,207,4.47,0
2024-09-10,Stationery,South,83,570,3.95,0
2024-09-11,Stationery,South,123,536,3.57,0
2024-09-12,Stationery,South,96,586,4.98,0
2024-09-13,Stationery,South,83,686,4.56,1
2024-09-14,Stationery,South,76,212,4.84,0
2024-09-15,Stationery,South,19,329,4.45,0
2024-09-16,Stationery,South,78,774,2.17,0
2024-09-17,Stationery,South,66,532,4.81,0
2024-09-18,Stationery,South,82,365,3.51,0
2024-09-19,Stationery,South,87,240,2.59,0
2024-09-20,Stationery,South,75,729,4.12,0
2024-09-21,Stationery,South,75,680,4.78,0
2024-09-22,Stationery,South,88,664,2.45,0
2024-09-23,Stationery,South,77,697,1.67,0
2024-09-24,Stationery,South,136,476,4.69,0
2024-09-25,Stationery,South,77,603,1.55,0
2024-09-26,Stationery,South,74,618,2.65,0
2024-09-27,Stationery,South,110,235,3.15,0
2024-09-28,Stationery,South,67,440,4.83,0
2024-09-29,Stationery,South,64,650,3.38,1
2024-09-30,Stationery,South,77,774,4.98,0
2024-10-01,Stationery,South,73,230,4.07,0
2024-10-02,Stationery,South,97,569,3.8,0
2024-10-03,Stationery,South,90,212,4.35,0
2024-10-04,Stationery,South,88,634,1.56,0
2024-10-05,Stationery,South,75,789,4.48,0
2024-10-06,Stationery,South,43,205,3.47,0
2024-10-07,Stationery,South,86,209,4.25,0
2024-10-08,Stationery,South,73,277,1.57,0
2024-10-09,Stationery,South,44,221,4.24,0
2024-10-10,Stationery,South,80,246,2.95,0
2024-10-11,Stationery,South,83,500,4.86,0
2024-10-12,Stationery,South,80,401,2.65,0
2024-10-13,Stationery,South,56,470,3.68,0
2024-10-14,Stationery,South,71,497,3.44,0
2024-10-15,Stationery,South,81,438,2.64,0
2024-10-16,Stationery,South,114,207,2.64,0
2024-10-17,Stationery,South,93,254,3.74,0
2024-10-18,Stationery,South,69,620,3.68,0
2024-10-19,Stationery,South,93,460,3.21,1
2024-10-20,Stationery,South,47,485,4.16,1
2024-10-21,Stationery,South,77,639,2.3,0
2024-10-22,Stationery,South,61,537,3.81,0
2024-10-23,Stationery,South,79,375,3.84,0
2024-10-24,Stationery,South,68,505,1.86,0
2024-10-25,Stationery,South,73,641,3.96,1
2024-10-26,Stationery,South,45,376,3.8,0
2024-10-27,Stationery,South,62,466,3.4,0
2024-10-28,Stationery,South,76,739,2.7,0
2024-10-29,Stationery,South,58,604,2.72,0
2024-10-30,Stationery,South,86,432,4.64,1
2024-10-31,Stationery,South,83,200,2.78,0
2024-11-01,Stationery,South,72,719,2.56,0
2024-11-02,Stationery,South,84,510,2.23,0
2024-11-03,Stationery,South,82,238,2.02,0
2024-11-04,Stationery,South,66,446,4.53,0
2024-11-05,Stationery,South,78,295,1.53,1
2024-11-06,Stationery,South,49,764,2.61,0
2024-11-07,Stationery,South,76,765,2.25,0
2024-11-08,Stationery,South,69,697,3.76,0
2024-11-09,Stationery,South,70,390,3.16,0
2024-11-10,Stationery,South,67,305,2.0,0
2024-11-11,Stationery,South,105,252,3.74,0
2024-11-12,Stationery,South,107,258,1.9,0
2024-11-13,Stationery,South,73,217,4.51,0
2024-11-14,Stationery,South,58,727,4.55,0
2024-11-15,Stationery,South,72,509,4.04,0
2024-11-16,Stationery,South,71,290,4.3,0
2024-11-17,Stationery,South,89,446,2.76,0
2024-11-18,Stationery,South,81,237,2.97,1
2024-11-19,Stationery,South,87,761,3.52,0
2024-11-20,Stationery,South,61,667,3.08,0
2024-11-21,Stationery,South,55,243,2.84,0
2024-11-22,Stationery,South,76,257,2.49,0
2024-11-23,Stationery,South,68,657,3.78,0
2024-11-24,Stationery,South,67,598,4.07,0
2024-11-25,Stationery,South,93,494,3.08,1
2024-11-26,Stationery,South,94,236,3.7,0
2024-11-27,Stationery,South,87,429,1.75,0
2024-11-28,Stationery,South,47,462,3.53,0
2024-11-29,Stationery,South,55,284,2.41,1
2024-11-30,Stationery,South,85,651,3.89,0
2024-12-01,Stationery,South,37,496,4.93,0
2024-12-02,Stationery,South,93,518,4.76,1
2024-12-03,Stationery,South,79,588,2.28,0
2024-12-04,Stationery,South,98,564,2.96,0
2024-12-05,Stationery,South,93,231,2.47,0
2024-12-06,Stationery,South,99,391,2.98,0
2024-12-07,Stationery,South,64,288,2.87,0
2024-12-08,Stationery,South,75,532,3.9,0
2024-12-09,Stationery,South,100,571,2.92,1
2024-12-10,Stationery,South,99,664,3.61,0
2024-12-11,Stationery,South,126,550,4.61,0
2024-12-12,Stationery,South,71,539,3.19,1
2024-12-13,Stationery,South,53,311,1.98,0
2024-12-14,Stationery,South,73,601,2.45,1
2024-12-15,Stationery,South,73,235,4.58,0
2024-12-16,Stationery,South,55,478,1.65,0
2024-12-17,Stationery,South,85,309,3.7,0
2024-12-18,Stationery,South,79,312,2.91,0
2024-12-19,Stationery,South,101,577,2.68,0
2024-12-20,Stationery,South,88,731,1.92,0
2024-12-21,Stationery,South,46,689,4.67,0
2024-12-22,Stationery,South,95,225,3.08,0
2024-12-23,Stationery,South,71,633,3.64,0
2024-12-24,Stationery,South,111,208,4.34,0
2024-12-25,Stationery,South,118,377,2.68,0
2024-12-26,Stationery,South,50,304,2.39,1
2024-12-27,Stationery,South,96,241,1.51,0
2024-12-28,Stationery,South,67,257,3.32,0
2024-12-29,Stationery,South,62,612,4.71,0
2024-12-30,Stationery,South,79,741,1.58,0
2024-12-31,Stationery,South,98,582,2.95,0
2022-01-21,Stationery,West,100,564,2.62,0
2022-01-22,Stationery,West,82,786,3.3,0
2022-01-23,Stationery,West,64,215,1.95,0
2022-01-24,Stationery,West,79,683,4.26,0
2022-01-25,Stationery,West,89,615,4.41,0
2022-01-26,Stationery,West,55,622,2.62,0
2022-01-27,Stationery,West,58,619,4.27,0
2022-01-28,Stationery,West,83,665,3.2,0
2022-01-29,Stationery,West,75,663,4.0,1
2022-01-30,Stationery,West,39,659,3.93,0
2022-01-31,Stationery,West,93,390,4.05,0
2022-02-01,Stationery,West,182,619,3.87,0
2022-02-02,Stationery,West,160,372,1.76,0
2022-02-03,Stationery,West,218,422,2.09,0
2022-02-04,Stationery,West,194,513,4.28,0
2022-02-05,Stationery,West,182,251,4.83,0
2022-02-06,Stationery,West,105,445,2.58,0
2022-02-07,Stationery,West,145,617,2.33,0
2022-02-08,Stationery,West,173,224,1.84,0
2022-02-09,Stationery,West,176,531,4.53,1
2022-02-10,Stationery,West,197,482,1.81,0
2022-02-11,Stationery,West,163,454,3.81,0
2022-02-12,Stationery,West,196,606,2.4,0
2022-02-13,Stationery,West,167,361,2.93,0
2022-02-14,Stationery,West,171,316,2.38,0
2022-02-15,Stationery,West,301,380,2.94,0
2022-02-16,Stationery,West,75,461,1.95,0
2022-02-17,Stationery,West,97,220,4.32,0
2022-02-18,Stationery,West,86,456,1.63,0
2022-02-19,Stationery,West,78,587,4.14,0
2022-02-20,Stationery,West,57,265,3.28,0
2022-02-21,Stationery,West,72,250,3.74,0
2022-02-22,Stationery,West,108,354,1.54,0
2022-02-23,Stationery,West,61,438,2.57,0
2022-02-24,Stationery,West,98,563,2.27,0
2022-02-25,Stationery,West,74,307,4.55,0
2022-02-26,Stationery,West,82,555,4.97,0
2022-02-27,Stationery,West,80,722,3.17,0
2022-02-28,Stationery,West,58,549,2.47,0
2022-03-01,Stationery,West,91,740,4.04,0
2022-03-02,Stationery,West,69,463,4.36,0
2022-03-03,Stationery,West,90,299,1.82,0
2022-03-04,Stationery,West,94,382,4.36,0
2022-03-05,Stationery,West,72,733,1.65,0
2022-03-06,Stationery,West,82,718,3.72,0
2022-03-07,Stationery,West,70,273,3.58,1
2022-03-08,Stationery,West,81,518,4.77,0
2022-03-09,Stationery,West,89,662,4.27,0
2022-03-10,Stationery,West,104,517,4.15,1
2022-03-11,Stationery,West,78,741,4.01,0
2022-03-12,Stationery,West,16,478,4.78,0
2022-03-13,Stationery,West,81,385,3.95,0
2022-03-14,Stationery,West,63,720,1.89,0
2022-03-15,Stationery,West,70,674,3.86,0
2022-03-16,Stationery,West,69,348,2.54,0
2022-03-17,Stationery,West,91,737,3.92,0
2022-03-18,Stationery,West,66,494,4.85,1
2022-03-19,Stationery,West,64,575,1.54,1
2022-03-20,Stationery,West,56,503,3.66,0
2022-03-21,Stationery,West,60,453,4.38,0
2022-03-22,Stationery,West,86,760,2.63,1
2022-03-23,Stationery,West,112,416,3.48,0
2022-03-24,Stationery,West,63,524,4.27,0
2022-03-25,Stationery,West,70,487,2.16,0
2022-03-26,Stationery,West,72,560,2.67,0
2022-03-27,Stationery,West,93,665,3.89,0
2022-03-28,Stationery,West,82,507,3.97,0
2022-03-29,Stationery,West,73,386,3.42,0
2022-03-30,Stationery,West,84,649,4.56,0
2022-03-31,Stationery,West,88,397,1.6,0
2022-04-01,Stationery,West,99,271,1.86,0
2022-04-02,Stationery,West,30,670,2.46,0
2022-04-03,Stationery,West,70,229,1.75,0
2022-04-04,Stationery,West,91,598,1.8,0
2022-04-05,Stationery,West,103,788,4.86,0
2022-04-06,Stationery,West,75,606,4.43,0
2022-04-07,Stationery,West,70,215,4.49,1
2022-04-08,Stationery,West,68,707,1.59,0
2022-04-09,Stationery,West,62,360,2.69,0
2022-04-10,Stationery,West,82,631,2.52,0
2022-04-11,Stationery,West,75,489,3.75,0
2022-04-12,Stationery,West,109,536,4.94,0
2022-04-13,Stationery,West,64,337,4.04,0
2022-04-14,Stationery,West,39,610,3.48,1
2022-04-15,Stationery,West,99,784,2.16,0
2022-04-16,Stationery,West,72,634,3.17,1
2022-04-17,Stationery,West,91,559,1.58,0
2022-04-18,Stationery,West,119,318,2.71,0
2022-04-19,Stationery,West,71,764,3.42,0
2022-04-20,Stationery,West,67,574,4.09,1
2022-04-21,Stationery,West,48,235,1.67,0
2022-04-22,Stationery,West,67,790,4.47,0
2022-04-23,Stationery,West,42,456,4.84,0
2022-04-24,Stationery,West,73,349,4.98,0
2022-04-25,Stationery,West,99,322,4.57,0
2022-04-26,Stationery,West,78,665,4.73,0
2022-04-27,Stationery,West,106,779,2.61,0
2022-04-28,Stationery,West,99,593,3.08,0
2022-04-29,Stationery,West,62,544,1.6,0
2022-04-30,Stationery,West,57,732,4.73,0
2022-05-01,Stationery,West,66,393,1.77,0
2022-05-02,Stationery,West,63,330,2.36,0
2022-05-03,Stationery,West,155,332,3.06,0
2022-05-04,Stationery,West,228,673,2.14,0
2022-05-05,Stationery,West,186,328,1.87,0
2022-05-06,Stationery,West,214,492,1.75,0
2022-05-07,Stationery,West,212,332,3.58,0
2022-05-08,Stationery,West,180,715,3.07,0
2022-05-09,Stationery,West,172,417,4.89,0
2022-05-10,Stationery,West,208,280,1.54,1
2022-05-11,Stationery,West,141,742,2.43,0
2022-05-12,Stationery,West,243,209,3.05,0
2022-05-13,Stationery,West,178,640,2.66,0
2022-05-14,Stationery,West,139,383,4.25,0
2022-05-15,Stationery,West,148,544,2.45,0
2022-05-16,Stationery,West,180,523,4.2,1
2022-05-17,Stationery,West,248,476,3.37,0
2022-05-18,Stationery,West,63,565,4.85,0
2022-05-19,Stationery,West,58,699,4.22,0
2022-05-20,Stationery,West,74,521,3.77,0
2022-05-21,Stationery,West,68,294,3.97,0
2022-05-22,Stationery,West,79,786,4.81,0
2022-05-23,Stationery,West,81,699,2.96,0
2022-05-24,Stationery,West,99,384,2.69,0
2022-05-25,Stationery,West,85,708,4.96,0
2022-05-26,Stationery,West,84,472,3.24,0
2022-05-27,Stationery,West,52,630,3.69,1
2022-05-28,Stationery,West,50,240,2.98,0
2022-05-29,Stationery,West,37,588,2.97,0
2022-05-30,Stationery,West,86,713,1.53,0
2022-05-31,Stationery,West,75,218,1.89,1
2022-06-01,Stationery,West,143,251,1.95,0
2022-06-02,Stationery,West,149,200,2.16,0
2022-06-03,Stationery,West,135,223,2.63,0
2022-06-04,Stationery,West,133,703,3.78,0
2022-06-05,Stationery,West,113,742,2.24,0
2022-06-06,Stationery,West,133,421,3.01,0
2022-06-07,Stationery,West,126,214,2.02,0
2022-06-08,Stationery,West,179,418,1.68,0
2022-06-09,Stationery,West,97,673,1.72,0
2022-06-10,Stationery,West,169,238,4.12,0
2022-06-11,Stationery,West,114,760,1.56,0
2022-06-12,Stationery,West,138,264,3.89,1
2022-06-13,Stationery,West,170,391,2.76,0
2022-06-14,Stationery,West,135,247,4.1,0
2022-06-15,Stationery,West,95,235,2.16,0
2022-06-16,Stationery,West,198,238,4.93,0
2022-06-17,Stationery,West,140,262,2.9,0
2022-06-18,Stationery,West,156,256,3.95,1
2022-06-19,Stationery,West,103,493,4.41,0
2022-06-20,Stationery,West,108,466,3.78,0
2022-06-21,Stationery,West,133,630,2.61,0
2022-06-22,Stationery,West,148,265,1.95,0
2022-06-23,Stationery,West,143,496,1.52,0
2022-06-24,Stationery,West,160,621,1.55,0
2022-06-25,Stationery,West,99,581,1.8,0
2022-06-26,Stationery,West,156,654,2.36,0
2022-06-27,Stationery,West,137,411,3.09,0
2022-06-28,Stationery,West,151,752,3.89,0
2022-06-29,Stationery,West,116,655,1.81,0
2022-06-30,Stationery,West,138,491,3.1,0
2022-07-01,Stationery,West,179,225,2.29,0
2022-07-02,Stationery,West,115,767,1.76,1
2022-07-03,Stationery,West,155,643,3.29,0
2022-07-04,Stationery,West,102,524,3.79,0
2022-07-05,Stationery,West,141,448,2.54,0
2022-07-06,Stationery,West,169,516,4.45,0
2022-07-07,Stationery,West,137,318,1.5,0
2022-07-08,Stationery,West,124,752,2.67,0
2022-07-09,Stationery,West,69,444,3.38,0
2022-07-10,Stationery,West,163,549,2.95,0
2022-07-11,Stationery,West,116,219,4.07,0
2022-07-12,Stationery,West,117,225,3.36,0
2022-07-13,Stationery,West,170,282,4.23,0
2022-07-14,Stationery,West,164,597,4.23,0
2022-07-15,Stationery,West,140,642,4.34,0
2022-07-16,Stationery,West,118,240,2.79,0
2022-07-17,Stationery,West,103,378,4.31,1
2022-07-18,Stationery,West,168,458,1.75,0
2022-07-19,Stationery,West,173,468,4.01,1
2022-07-20,Stationery,West,125,281,1.61,0
2022-07-21,Stationery,West,170,232,2.47,0
2022-07-22,Stationery,West,74,241,2.85,0
2022-07-23,Stationery,West,138,635,2.03,0
2022-07-24,Stationery,West,124,707,4.68,0
2022-07-25,Stationery,West,144,464,4.79,0
2022-07-26,Stationery,West,107,272,3.18,0
2022-07-27,Stationery,West,133,596,2.47,0
2022-07-28,Stationery,West,130,415,2.94,0
2022-07-29,Stationery,West,180,725,2.71,0
2022-07-30,Stationery,West,107,647,4.49,0
2022-07-31,Stationery,West,128,288,1.53,0
2022-08-01,Stationery,West,78,366,3.84,0
2022-08-02,Stationery,West,42,242,4.15,0
2022-08-03,Stationery,West,74,587,2.68,0
2022-08-04,Stationery,West,87,604,2.08,0
2022-08-05,Stationery,West,66,598,2.24,0
2022-08-06,Stationery,West,77,733,4.13,0
2022-08-07,Stationery,West,63,448,3.93,0
2022-08-08,Stationery,West,66,783,4.78,0
2022-08-09,Stationery,West,53,335,1.66,0
2022-08-10,Stationery,West,98,714,4.29,0
2022-08-11,Stationery,West,61,341,3.74,0
2022-08-12,Stationery,West,67,403,3.46,0
2022-08-13,Stationery,West,75,521,2.26,0
2022-08-14,Stationery,West,97,304,2.41,0
2022-08-15,Stationery,West,72,434,1.52,0
2022-08-16,Stationery,West,106,753,3.31,0
2022-08-17,Stationery,West,80,552,2.11,0
2022-08-18,Stationery,West,99,507,3.84,0
2022-08-19,Stationery,West,48,364,2.97,0
2022-08-20,Stationery,West,87,723,2.41,0
2022-08-21,Stationery,West,68,472,3.64,0
2022-08-22,Stationery,West,48,697,2.19,0
2022-08-23,Stationery,West,65,575,3.88,1
2022-08-24,Stationery,West,68,220,2.86,0
2022-08-25,Stationery,West,88,461,4.92,0
2022-08-26,Stationery,West,101,596,3.18,0
2022-08-27,Stationery,West,70,728,3.94,0
2022-08-28,Stationery,West,78,415,4.64,0
2022-08-29,Stationery,West,102,756,3.57,0
2022-08-30,Stationery,West,80,406,2.82,0
2022-08-31,Stationery,West,93,309,3.64,1
2022-09-01,Stationery,West,82,505,4.28,0
2022-09-02,Stationery,West,76,755,3.45,0
2022-09-03,Stationery,West,70,708,2.45,1
2022-09-04,Stationery,West,72,378,3.07,0
2022-09-05,Stationery,West,71,296,4.31,0
2022-09-06,Stationery,West,66,589,2.23,0
2022-09-07,Stationery,West,93,702,4.48,1
2022-09-08,Stationery,West,96,732,3.55,0
2022-09-09,Stationery,West,93,296,2.1,1
2022-09-10,Stationery,West,114,411,3.83,0
2022-09-11,Stationery,West,68,297,4.53,0
2022-09-12,Stationery,West,72,649,4.84,0
2022-09-13,Stationery,West,104,510,4.0,0
2022-09-14,Stationery,West,35,776,4.56,1
2022-09-15,Stationery,West,120,519,3.84,0
2022-09-16,Stationery,West,60,695,1.91,0
2022-09-17,Stationery,West,36,749,4.8,0
2022-09-18,Stationery,West,94,252,4.79,0
2022-09-19,Stationery,West,47,246,3.71,0
2022-09-20,Stationery,West,97,377,1.76,0
2022-09-21,Stationery,West,85,627,2.09,0
2022-09-22,Stationery,West,82,301,2.22,0
2022-09-23,Stationery,West,96,788,2.16,0
2022-09-24,Stationery,West,42,334,3.97,1
2022-09-25,Stationery,West,71,560,3.08,1
2022-09-26,Stationery,West,70,390,4.06,0
2022-09-27,Stationery,West,64,733,4.54,0
2022-09-28,Stationery,West,109,701,1.72,0
2022-09-29,Stationery,West,80,219,1.73,0
2022-09-30,Stationery,West,88,512,3.12,0
2022-10-01,Stationery,West,77,213,1.89,0
2022-10-02,Stationery,West,73,459,4.96,0
2022-10-03,Stationery,West,121,778,4.82,0
2022-10-04,Stationery,West,70,342,2.26,0
2022-10-05,Stationery,West,71,752,3.74,0
2022-10-06,Stationery,West,55,391,3.47,0
2022-10-07,Stationery,West,101,475,3.42,0
2022-10-08,Stationery,West,53,785,2.41,0
2022-10-09,Stationery,West,42,654,3.86,0
2022-10-10,Stationery,West,102,232,3.42,0
2022-10-11,Stationery,West,81,431,2.99,0
2022-10-12,Stationery,West,70,369,3.81,0
2022-10-13,Stationery,West,89,778,3.53,0
2022-10-14,Stationery,West,62,750,2.36,0
2022-10-15,Stationery,West,49,660,2.18,1
2022-10-16,Stationery,West,66,333,3.46,1
2022-10-17,Stationery,West,82,704,4.59,1
2022-10-18,Stationery,West,70,502,4.36,0
2022-10-19,Stationery,West,63,547,4.59,0
2022-10-20,Stationery,West,83,761,4.89,0
2022-10-21,Stationery,West,57,533,4.91,1
2022-10-22,Stationery,West,66,201,2.07,0
2022-10-23,Stationery,West,42,779,3.0,0
2022-10-24,Stationery,West,83,328,2.86,1
2022-10-25,Stationery,West,66,437,3.03,0
2022-10-26,Stationery,West,51,554,1.73,0
2022-10-27,Stationery,West,71,339,2.21,0
2022-10-28,Stationery,West,74,329,2.42,0
2022-10-29,Stationery,West,67,583,2.33,0
2022-10-30,Stationery,West,37,709,3.94,0
2022-10-31,Stationery,West,61,798,3.85,1
2022-11-01,Stationery,West,80,216,2.73,0
2022-11-02,Stationery,West,70,206,2.22,0
2022-11-03,Stationery,West,96,486,1.7,0
2022-11-04,Stationery,West,116,314,4.04,0
2022-11-05,Stationery,West,42,362,2.97,0
2022-11-06,Stationery,West,55,733,3.5,1
2022-11-07,Stationery,West,82,509,2.32,1
2022-11-08,Stationery,West,84,647,2.89,0
2022-11-09,Stationery,West,70,726,3.28,0
2022-11-10,Stationery,West,128,417,2.31,0
2022-11-11,Stationery,West,77,213,4.49,0
2022-11-12,Stationery,West,57,467,1.78,0
2022-11-13,Stationery,West,54,717,4.44,0
2022-11-14,Stationery,West,84,337,4.55,0
2022-11-15,Stationery,West,50,383,4.01,0
2022-11-16,Stationery,West,96,208,2.23,0
2022-11-17,Stationery,West,68,787,4.87,0
2022-11-18,Stationery,West,105,322,3.03,0
2022-11-19,Stationery,West,57,590,4.05,0
2022-11-20,Stationery,West,41,275,4.43,0
2022-11-21,Stationery,West,74,506,3.84,0
2022-11-22,Stationery,West,88,538,2.15,0
2022-11-23,Stationery,West,82,743,2.1,0
2022-11-24,Stationery,West,76,785,3.6,0
2022-11-25,Stationery,West,46,277,4.31,0
2022-11-26,Stationery,West,64,617,3.36,0
2022-11-27,Stationery,West,47,510,4.05,0
2022-11-28,Stationery,West,71,511,3.87,1
2022-11-29,Stationery,West,59,715,2.12,0
2022-11-30,Stationery,West,105,284,3.73,0
2022-12-01,Stationery,West,78,446,3.03,0
2022-12-02,Stationery,West,72,288,4.75,0
2022-12-03,Stationery,West,59,450,2.54,0
2022-12-04,Stationery,West,49,600,2.14,1
2022-12-05,Stationery,West,81,297,4.41,0
2022-12-06,Stationery,West,84,559,3.03,0
2022-12-07,Stationery,West,61,357,3.06,1
2022-12-08,Stationery,West,77,767,3.57,0
2022-12-09,Stationery,West,36,201,1.61,1
2022-12-10,Stationery,West,92,705,4.34,0
2022-12-11,Stationery,West,68,560,3.67,0
2022-12-12,Stationery,West,95,397,3.72,0
2022-12-13,Stationery,West,89,216,2.58,0
2022-12-14,Stationery,West,75,444,4.07,0
2022-12-15,Stationery,West,76,339,1.69,0
2022-12-16,Stationery,West,91,494,4.06,0
2022-12-17,Stationery,West,62,491,3.15,0
2022-12-18,Stationery,West,70,238,4.63,0
2022-12-19,Stationery,West,86,363,1.63,0
2022-12-20,Stationery,West,87,444,3.29,0
2022-12-21,Stationery,West,48,265,2.47,0
2022-12-22,Stationery,West,94,435,4.21,0
2022-12-23,Stationery,West,65,788,2.47,0
2022-12-24,Stationery,West,49,613,4.19,0
2022-12-25,Stationery,West,63,704,4.14,0
2022-12-26,Stationery,West,85,533,3.09,0
2022-12-27,Stationery,West,62,406,1.73,0
2022-12-28,Stationery,West,129,623,3.58,0
2022-12-29,Stationery,West,79,348,3.8,0
2022-12-30,Stationery,West,99,373,3.13,1
2022-12-31,Stationery,West,33,264,1.59,0
2023-01-01,Stationery,West,77,266,4.28,0
2023-01-02,Stationery,West,67,677,3.36,0
2023-01-03,Stationery,West,59,270,3.05,0
2023-01-04,Stationery,West,95,376,4.75,0
2023-01-05,Stationery,West,92,393,2.36,0
2023-01-06,Stationery,West,78,265,3.43,0
2023-01-07,Stationery,West,62,235,4.81,0
2023-01-08,Stationery,West,71,730,4.88,1
2023-01-09,Stationery,West,108,602,1.71,0
2023-01-10,Stationery,West,81,288,2.88,0
2023-01-11,Stationery,West,52,601,2.87,0
2023-01-12,Stationery,West,89,379,3.54,0
2023-01-13,Stationery,West,66,281,4.05,1
2023-01-14,Stationery,West,237,355,3.3,0
2023-01-15,Stationery,West,190,563,2.92,0
2023-01-16,Stationery,West,175,365,4.48,0
2023-01-17,Stationery,West,312,450,1.85,1
2023-01-18,Stationery,West,251,694,2.98,0
2023-01-19,Stationery,West,199,489,4.67,0
2023-01-20,Stationery,West,205,682,2.35,0
2023-01-21,Stationery,West,151,794,1.56,0
2023-01-22,Stationery,West,208,649,2.58,1
2023-01-23,Stationery,West,230,467,3.21,0
2023-01-24,Stationery,West,183,515,2.38,0
2023-01-25,Stationery,West,97,799,1.64,1
2023-01-26,Stationery,West,111,708,4.13,0
2023-01-27,Stationery,West,112,692,3.16,0
2023-01-28,Stationery,West,101,451,2.74,0
2023-01-29,Stationery,West,94,671,3.07,0
2023-01-30,Stationery,West,86,228,4.03,0
2023-01-31,Stationery,West,88,718,2.37,0
2023-02-01,Stationery,West,208,386,3.38,0
2023-02-02,Stationery,West,202,252,2.07,0
2023-02-03,Stationery,West,185,371,3.65,0
2023-02-04,Stationery,West,153,329,4.79,0
2023-02-05,Stationery,West,183,761,2.13,0
2023-02-06,Stationery,West,212,355,2.77,1
2023-02-07,Stationery,West,188,581,2.52,0
2023-02-08,Stationery,West,246,754,3.53,0
2023-02-09,Stationery,West,216,413,4.92,0
2023-02-10,Stationery,West,155,720,2.16,0
2023-02-11,Stationery,West,218,345,4.65,0
2023-02-12,Stationery,West,129,679,4.97,0
2023-02-13,Stationery,West,173,287,4.74,0
2023-02-14,Stationery,West,164,369,2.15,1
2023-02-15,Stationery,West,190,393,3.8,0
2023-02-16,Stationery,West,113,462,2.62,1
2023-02-17,Stationery,West,106,306,1.78,0
2023-02-18,Stationery,West,49,441,2.01,1
2023-02-19,Stationery,West,84,286,4.78,0
2023-02-20,Stationery,West,50,230,1.8,0
2023-02-21,Stationery,West,75,724,3.36,1
2023-02-22,Stationery,West,59,562,4.78,0
2023-02-23,Stationery,West,104,489,4.74,0
2023-02-24,Stationery,West,56,629,2.42,0
2023-02-25,Stationery,West,64,440,2.38,0
2023-02-26,Stationery,West,91,311,3.65,0
2023-02-27,Stationery,West,84,649,3.58,1
2023-02-28,Stationery,West,69,533,2.56,0
2023-03-01,Stationery,West,55,266,3.13,0
2023-03-02,Stationery,West,81,385,2.41,0
2023-03-03,Stationery,West,70,613,2.86,0
2023-03-04,Stationery,West,61,565,2.16,1
2023-03-05,Stationery,West,111,245,2.88,0
2023-03-06,Stationery,West,102,515,4.93,1
2023-03-07,Stationery,West,75,270,1.96,0
2023-03-08,Stationery,West,81,384,4.73,0
2023-03-09,Stationery,West,60,706,2.06,0
2023-03-10,Stationery,West,62,626,4.14,1
2023-03-11,Stationery,West,68,559,3.84,0
2023-03-12,Stationery,West,62,285,3.49,0
2023-03-13,Stationery,West,106,508,2.2,1
2023-03-14,Stationery,West,56,755,3.28,0
2023-03-15,Stationery,West,99,311,3.84,0
2023-03-16,Stationery,West,79,420,4.44,0
2023-03-17,Stationery,West,88,616,1.67,0
2023-03-18,Stationery,West,43,627,1.84,0
2023-03-19,Stationery,West,90,431,3.33,0
2023-03-20,Stationery,West,77,264,4.47,0
2023-03-21,Stationery,West,96,426,3.34,0
2023-03-22,Stationery,West,48,252,3.06,0
2023-03-23,Stationery,West,71,636,1.64,0
2023-03-24,Stationery,West,96,471,2.24,0
2023-03-25,Stationery,West,73,239,3.88,0
2023-03-26,Stationery,West,79,770,2.35,1
2023-03-27,Stationery,West,87,473,4.71,0
2023-03-28,Stationery,West,71,279,4.99,0
2023-03-29,Stationery,West,69,796,2.77,0
2023-03-30,Stationery,West,92,289,1.62,0
2023-03-31,Stationery,West,59,578,2.68,0
2023-04-01,Stationery,West,89,433,3.6,0
2023-04-02,Stationery,West,46,334,1.53,0
2023-04-03,Stationery,West,75,598,2.76,1
2023-04-04,Stationery,West,90,544,2.9,0
2023-04-05,Stationery,West,98,296,4.71,0
2023-04-06,Stationery,West,105,682,4.93,1
2023-04-07,Stationery,West,104,496,2.43,0
2023-04-08,Stationery,West,68,388,3.57,0
2023-04-09,Stationery,West,96,629,1.55,0
2023-04-10,Stationery,West,68,369,2.17,0
2023-04-11,Stationery,West,91,501,3.33,0
2023-04-12,Stationery,West,72,453,1.85,1
2023-04-13,Stationery,West,75,620,1.57,0
2023-04-14,Stationery,West,92,232,2.2,0
2023-04-15,Stationery,West,75,544,2.92,1
2023-04-16,Stationery,West,46,386,2.55,0
2023-04-17,Stationery,West,53,380,2.13,0
2023-04-18,Stationery,West,115,554,2.84,0
2023-04-19,Stationery,West,101,421,4.05,0
2023-04-20,Stationery,West,104,600,2.12,0
2023-04-21,Stationery,West,96,302,4.89,0
2023-04-22,Stationery,West,91,519,4.89,0
2023-04-23,Stationery,West,102,457,2.52,0
2023-04-24,Stationery,West,183,586,3.75,0
2023-04-25,Stationery,West,175,348,2.15,0
2023-04-26,Stationery,West,152,701,1.75,0
2023-04-27,Stationery,West,187,614,2.8,0
2023-04-28,Stationery,West,240,623,2.4,0
2023-04-29,Stationery,West,153,605,1.6,0
2023-04-30,Stationery,West,106,535,2.03,0
2023-05-01,Stationery,West,232,624,3.29,0
2023-05-02,Stationery,West,161,673,3.13,1
2023-05-03,Stationery,West,205,272,4.58,0
2023-05-04,Stationery,West,188,280,2.66,1
2023-05-05,Stationery,West,178,677,4.4,0
2023-05-06,Stationery,West,170,337,3.47,0
2023-05-07,Stationery,West,184,475,3.7,0
2023-05-08,Stationery,West,72,370,3.98,0
2023-05-09,Stationery,West,114,372,3.48,0
2023-05-10,Stationery,West,88,710,4.35,0
2023-05-11,Stationery,West,95,596,1.58,0
2023-05-12,Stationery,West,85,557,1.78,0
2023-05-13,Stationery,West,50,664,2.94,0
2023-05-14,Stationery,West,81,745,1.53,0
2023-05-15,Stationery,West,72,381,4.75,1
2023-05-16,Stationery,West,80,239,4.59,0
2023-05-17,Stationery,West,79,399,1.84,0
2023-05-18,Stationery,West,88,480,2.99,1
2023-05-19,Stationery,West,73,442,2.55,0
2023-05-20,Stationery,West,68,575,1.79,0
2023-05-21,Stationery,West,79,619,4.02,0
2023-05-22,Stationery,West,81,788,4.64,0
2023-05-23,Stationery,West,39,580,4.37,0
2023-05-24,Stationery,West,100,775,4.1,0
2023-05-25,Stationery,West,108,709,2.74,1
2023-05-26,Stationery,West,98,366,2.81,0
2023-05-27,Stationery,West,95,249,3.97,0
2023-05-28,Stationery,West,61,694,3.24,1
2023-05-29,Stationery,West,99,702,2.34,0
2023-05-30,Stationery,West,93,677,4.03,0
2023-05-31,Stationery,West,88,315,4.57,0
2023-06-01,Stationery,West,194,421,4.6,0
2023-06-02,Stationery,West,95,697,1.96,0
2023-06-03,Stationery,West,93,717,4.25,0
2023-06-04,Stationery,West,116,789,2.17,1
2023-06-05,Stationery,West,169,287,3.55,0
2023-06-06,Stationery,West,172,534,4.2,0
2023-06-07,Stationery,West,134,505,2.65,1
2023-06-08,Stationery,West,171,747,4.81,0
2023-06-09,Stationery,West,159,422,4.87,0
2023-06-10,Stationery,West,138,231,1.83,0
2023-06-11,Stationery,West,80,248,3.81,0
2023-06-12,Stationery,West,116,375,4.43,0
2023-06-13,Stationery,West,122,413,4.21,0
2023-06-14,Stationery,West,138,308,3.34,1
2023-06-15,Stationery,West,124,530,1.6,0
2023-06-16,Stationery,West,181,535,2.93,0
2023-06-17,Stationery,West,119,668,3.65,0
2023-06-18,Stationery,West,153,349,3.71,0
2023-06-19,Stationery,West,125,561,1.85,0
2023-06-20,Stationery,West,174,723,2.15,0
2023-06-21,Stationery,West,108,622,4.51,1
2023-06-22,Stationery,West,171,742,2.75,0
2023-06-23,Stationery,West,151,683,2.01,0
2023-06-24,Stationery,West,80,673,3.24,0
2023-06-25,Stationery,West,107,678,3.36,0
2023-06-26,Stationery,West,201,281,4.2,1
2023-06-27,Stationery,West,131,324,4.98,0
2023-06-28,Stationery,West,163,581,2.25,1
2023-06-29,Stationery,West,145,361,1.77,0
2023-06-30,Stationery,West,126,734,1.76,0
2023-07-01,Stationery,West,96,387,4.11,0
2023-07-02,Stationery,West,122,460,3.87,1
2023-07-03,Stationery,West,186,217,4.66,0
2023-07-04,Stationery,West,130,207,4.67,1
2023-07-05,Stationery,West,163,752,1.72,0
2023-07-06,Stationery,West,138,522,4.68,1
2023-07-07,Stationery,West,102,688,3.24,0
2023-07-08,Stationery,West,71,443,3.04,0
2023-07-09,Stationery,West,157,530,2.03,0
2023-07-10,Stationery,West,154,624,4.72,0
2023-07-11,Stationery,West,120,454,2.96,0
2023-07-12,Stationery,West,216,781,2.11,0
2023-07-13,Stationery,West,119,709,3.37,0
2023-07-14,Stationery,West,135,560,2.72,0
2023-07-15,Stationery,West,141,688,4.2,0
2023-07-16,Stationery,West,150,675,3.02,0
2023-07-17,Stationery,West,131,601,2.13,0
2023-07-18,Stationery,West,143,316,4.23,0
2023-07-19,Stationery,West,123,564,4.76,1
2023-07-20,Stationery,West,187,667,4.78,1
2023-07-21,Stationery,West,124,784,2.45,0
2023-07-22,Stationery,West,136,718,3.98,0
2023-07-23,Stationery,West,142,259,2.27,0
2023-07-24,Stationery,West,148,230,1.99,0
2023-07-25,Stationery,West,131,688,2.47,0
2023-07-26,Stationery,West,132,796,3.61,0
2023-07-27,Stationery,West,111,547,3.74,0
2023-07-28,Stationery,West,172,311,4.59,1
2023-07-29,Stationery,West,139,724,4.38,0
2023-07-30,Stationery,West,112,349,2.71,1
2023-07-31,Stationery,West,140,726,4.94,0
2023-08-01,Stationery,West,81,653,2.92,0
2023-08-02,Stationery,West,78,433,4.56,0
2023-08-03,Stationery,West,76,663,1.68,0
2023-08-04,Stationery,West,77,414,3.34,0
2023-08-05,Stationery,West,63,341,4.76,0
2023-08-06,Stationery,West,66,261,4.33,0
2023-08-07,Stationery,West,61,388,2.49,0
2023-08-08,Stationery,West,123,784,3.51,1
2023-08-09,Stationery,West,130,440,2.9,0
2023-08-10,Stationery,West,84,500,3.43,0
2023-08-11,Stationery,West,64,536,4.63,0
2023-08-12,Stationery,West,66,247,2.71,0
2023-08-13,Stationery,West,56,379,3.53,0
2023-08-14,Stationery,West,77,780,1.72,1
2023-08-15,Stationery,West,83,376,2.68,0
2023-08-16,Stationery,West,80,322,3.02,0
2023-08-17,Stationery,West,66,250,2.93,0
2023-08-18,Stationery,West,81,525,1.99,0
2023-08-19,Stationery,West,83,532,3.5,1
2023-08-20,Stationery,West,64,684,4.92,0
2023-08-21,Stationery,West,110,309,2.29,0
2023-08-22,Stationery,West,84,245,4.4,0
2023-08-23,Stationery,West,83,276,4.64,1
2023-08-24,Stationery,West,92,234,2.85,1
2023-08-25,Stationery,West,90,770,3.09,0
2023-08-26,Stationery,West,48,702,4.43,0
2023-08-27,Stationery,West,50,286,2.29,0
2023-08-28,Stationery,West,105,345,2.3,0
2023-08-29,Stationery,West,68,285,4.9,0
2023-08-30,Stationery,West,47,361,4.99,0
2023-08-31,Stationery,West,81,761,1.56,0
2023-09-01,Stationery,West,53,363,2.24,0
2023-09-02,Stationery,West,80,784,4.31,0
2023-09-03,Stationery,West,86,677,3.29,1
2023-09-04,Stationery,West,102,714,2.28,0
2023-09-05,Stationery,West,71,424,4.25,0
2023-09-06,Stationery,West,81,502,1.74,0
2023-09-07,Stationery,West,79,655,3.14,1
2023-09-08,Stationery,West,110,547,4.45,0
2023-09-09,Stationery,West,57,209,4.06,0
2023-09-10,Stationery,West,74,218,4.17,0
2023-09-11,Stationery,West,56,739,4.08,0
2023-09-12,Stationery,West,76,710,1.55,0
2023-09-13,Stationery,West,64,444,3.53,0
2023-09-14,Stationery,West,92,419,4.54,0
2023-09-15,Stationery,West,61,533,3.14,0
2023-09-16,Stationery,West,61,729,3.55,1
2023-09-17,Stationery,West,57,200,2.22,0
2023-09-18,Stationery,West,90,357,3.43,0
2023-09-19,Stationery,West,80,313,3.62,0
2023-09-20,Stationery,West,80,519,2.63,0
2023-09-21,Stationery,West,110,590,3.37,0
2023-09-22,Stationery,West,81,413,2.3,0
2023-09-23,Stationery,West,109,341,2.85,1
2023-09-24,Stationery,West,79,555,4.44,0
2023-09-25,Stationery,West,94,470,4.83,1
2023-09-26,Stationery,West,92,488,1.67,0
2023-09-27,Stationery,West,48,363,1.63,0
2023-09-28,Stationery,West,85,589,4.0,1
2023-09-29,Stationery,West,96,277,2.35,0
2023-09-30,Stationery,West,74,623,2.85,0
2023-10-01,Stationery,West,36,626,4.45,0
2023-10-02,Stationery,West,88,263,2.71,1
2023-10-03,Stationery,West,98,212,3.93,0
2023-10-04,Stationery,West,55,518,3.29,0
2023-10-05,Stationery,West,78,402,4.19,0
2023-10-06,Stationery,West,62,245,3.41,1
2023-10-07,Stationery,West,61,401,3.89,0
2023-10-08,Stationery,West,89,724,4.72,0
2023-10-09,Stationery,West,101,413,3.26,0
2023-10-10,Stationery,West,83,223,3.29,0
2023-10-11,Stationery,West,79,767,4.41,0
2023-10-12,Stationery,West,77,751,2.6,0
2023-10-13,Stationery,West,68,464,2.92,0
2023-10-14,Stationery,West,91,424,4.33,0
2023-10-15,Stationery,West,81,690,4.91,0
2023-10-16,Stationery,West,79,777,3.06,0
2023-10-17,Stationery,West,96,451,1.79,1
2023-10-18,Stationery,West,103,306,3.08,1
2023-10-19,Stationery,West,67,396,2.34,0
2023-10-20,Stationery,West,68,680,2.81,0
2023-10-21,Stationery,West,65,693,4.76,0
2023-10-22,Stationery,West,62,215,2.09,1
2023-10-23,Stationery,West,97,667,1.92,0
2023-10-24,Stationery,West,73,687,3.62,0
2023-10-25,Stationery,West,77,772,1.98,1
2023-10-26,Stationery,West,81,673,4.59,0
2023-10-27,Stationery,West,89,621,1.74,0
2023-10-28,Stationery,West,44,484,4.4,0
2023-10-29,Stationery,West,105,557,1.89,0
2023-10-30,Stationery,West,55,617,4.83,0
2023-10-31,Stationery,West,103,335,4.64,1
2023-11-01,Stationery,West,88,253,1.6,0
2023-11-02,Stationery,West,86,681,1.9,0
2023-11-03,Stationery,West,71,211,4.17,1
2023-11-04,Stationery,West,65,369,4.84,0
2023-11-05,Stationery,West,94,252,2.67,0
2023-11-06,Stationery,West,56,756,2.55,0
2023-11-07,Stationery,West,104,678,1.88,0
2023-11-08,Stationery,West,82,407,2.45,0
2023-11-09,Stationery,West,126,736,2.12,0
2023-11-10,Stationery,West,75,265,1.81,0
2023-11-11,Stationery,West,87,586,4.93,0
2023-11-12,Stationery,West,47,580,4.25,1
2023-11-13,Stationery,West,58,798,3.4,0
2023-11-14,Stationery,West,48,642,2.05,0
2023-11-15,Stationery,West,65,440,1.7,0
2023-11-16,Stationery,West,98,230,2.17,0
2023-11-17,Stationery,West,96,720,4.86,0
2023-11-18,Stationery,West,76,666,2.98,0
2023-11-19,Stationery,West,51,431,1.86,0
2023-11-20,Stationery,West,78,215,1.56,1
2023-11-21,Stationery,West,82,662,3.99,0
2023-11-22,Stationery,West,82,379,1.62,0
2023-11-23,Stationery,West,82,380,4.88,0
2023-11-24,Stationery,West,86,481,3.75,0
2023-11-25,Stationery,West,83,593,4.78,0
2023-11-26,Stationery,West,85,557,1.5,0
2023-11-27,Stationery,West,92,397,3.68,0
2023-11-28,Stationery,West,59,348,4.78,0
2023-11-29,Stationery,West,86,385,1.81,0
2023-11-30,Stationery,West,47,448,4.99,0
2023-12-01,Stationery,West,96,401,2.64,0
2023-12-02,Stationery,West,68,674,4.96,0
2023-12-03,Stationery,West,47,603,1.77,0
2023-12-04,Stationery,West,72,664,2.51,0
2023-12-05,Stationery,West,75,274,3.55,0
2023-12-06,Stationery,West,79,333,1.57,0
2023-12-07,Stationery,West,52,736,4.78,0
2023-12-08,Stationery,West,102,336,1.62,0
2023-12-09,Stationery,West,57,367,2.68,0
2023-12-10,Stationery,West,66,302,2.08,1
2023-12-11,Stationery,West,88,497,3.21,0
2023-12-12,Stationery,West,84,525,3.36,0
2023-12-13,Stationery,West,106,534,4.6,0
2023-12-14,Stationery,West,88,437,4.24,0
2023-12-15,Stationery,West,100,316,1.64,0
2023-12-16,Stationery,West,81,786,4.61,0
2023-12-17,Stationery,West,74,580,2.38,0
2023-12-18,Stationery,West,80,401,3.44,0
2023-12-19,Stationery,West,58,372,3.21,0
2023-12-20,Stationery,West,69,373,2.19,1
2023-12-21,Stationery,West,83,481,2.12,0
2023-12-22,Stationery,West,63,401,4.59,0
2023-12-23,Stationery,West,89,254,1.65,0
2023-12-24,Stationery,West,54,429,3.9,0
2023-12-25,Stationery,West,86,425,2.07,0
2023-12-26,Stationery,West,92,792,1.64,1
2023-12-27,Stationery,West,42,450,1.62,0
2023-12-28,Stationery,West,68,795,4.4,0
2023-12-29,Stationery,West,82,266,3.03,0
2023-12-30,Stationery,West,52,344,3.51,0
2023-12-31,Stationery,West,68,544,2.3,1
2024-01-01,Stationery,West,102,303,2.79,0
2024-01-02,Stationery,West,97,392,4.09,0
2024-01-03,Stationery,West,71,637,2.14,1
2024-01-04,Stationery,West,47,724,2.14,0
2024-01-05,Stationery,West,74,768,2.17,0
2024-01-06,Stationery,West,51,271,3.9,0
2024-01-07,Stationery,West,57,773,2.87,0
2024-01-08,Stationery,West,73,508,2.99,1
2024-01-09,Stationery,West,96,568,4.46,0
2024-01-10,Stationery,West,50,317,2.52,0
2024-01-11,Stationery,West,90,312,1.8,0
2024-01-12,Stationery,West,48,249,4.97,0
2024-01-13,Stationery,West,65,344,1.96,0
2024-01-14,Stationery,West,89,285,4.49,1
2024-01-15,Stationery,West,91,329,2.23,0
2024-01-16,Stationery,West,93,477,2.51,0
2024-01-17,Stationery,West,214,286,4.11,0
2024-01-18,Stationery,West,159,649,2.35,0
2024-01-19,Stationery,West,246,662,1.72,0
2024-01-20,Stationery,West,180,681,4.29,0
2024-01-21,Stationery,West,134,394,2.63,0
2024-01-22,Stationery,West,238,310,4.63,0
2024-01-23,Stationery,West,212,531,3.12,0
2024-01-24,Stationery,West,232,653,2.89,0
2024-01-25,Stationery,West,86,299,1.89,0
2024-01-26,Stationery,West,258,694,3.81,0
2024-01-27,Stationery,West,143,712,3.49,0
2024-01-28,Stationery,West,83,474,3.58,0
2024-01-29,Stationery,West,60,633,3.9,0
2024-01-30,Stationery,West,128,256,2.45,0
2024-01-31,Stationery,West,81,618,3.09,0
2024-02-01,Stationery,West,216,700,4.45,0
2024-02-02,Stationery,West,177,547,3.24,0
2024-02-03,Stationery,West,124,707,3.48,0
2024-02-04,Stationery,West,192,647,2.08,0
2024-02-05,Stationery,West,172,760,4.79,0
2024-02-06,Stationery,West,186,480,1.59,0
2024-02-07,Stationery,West,180,437,2.38,0
2024-02-08,Stationery,West,135,714,3.59,0
2024-02-09,Stationery,West,237,279,1.61,0
2024-02-10,Stationery,West,169,592,2.19,0
2024-02-11,Stationery,West,177,465,2.62,0
2024-02-12,Stationery,West,237,375,3.59,0
2024-02-13,Stationery,West,215,704,4.25,0
2024-02-14,Stationery,West,160,482,3.62,0
2024-02-15,Stationery,West,189,476,2.55,0
2024-02-16,Stationery,West,73,765,4.78,0
2024-02-17,Stationery,West,76,784,1.62,0
2024-02-18,Stationery,West,98,772,3.79,0
2024-02-19,Stationery,West,87,293,1.75,0
2024-02-20,Stationery,West,73,408,3.51,0
2024-02-21,Stationery,West,57,405,4.73,0
2024-02-22,Stationery,West,46,541,1.64,0
2024-02-23,Stationery,West,82,341,3.99,1
2024-02-24,Stationery,West,84,356,2.01,0
2024-02-25,Stationery,West,45,632,3.1,0
2024-02-26,Stationery,West,50,693,2.04,1
2024-02-27,Stationery,West,91,791,3.93,0
2024-02-28,Stationery,West,92,539,1.98,0
2024-02-29,Stationery,West,115,347,1.79,0
2024-03-01,Stationery,West,82,330,4.71,0
2024-03-02,Stationery,West,65,654,2.87,0
2024-03-03,Stationery,West,43,535,2.7,1
2024-03-04,Stationery,West,91,322,3.92,0
2024-03-05,Stationery,West,97,570,2.36,0
2024-03-06,Stationery,West,101,461,3.08,0
2024-03-07,Stationery,West,70,500,3.63,0
2024-03-08,Stationery,West,91,217,2.84,1
2024-03-09,Stationery,West,50,617,3.78,1
2024-03-10,Stationery,West,68,619,2.54,0
2024-03-11,Stationery,West,75,436,4.52,0
2024-03-12,Stationery,West,81,778,3.48,1
2024-03-13,Stationery,West,90,610,1.74,0
2024-03-14,Stationery,West,106,574,2.54,0
2024-03-15,Stationery,West,131,680,3.82,0
2024-03-16,Stationery,West,68,449,4.48,0
2024-03-17,Stationery,West,63,657,2.87,0
2024-03-18,Stationery,West,70,423,2.7,0
2024-03-19,Stationery,West,78,482,4.41,0
2024-03-20,Stationery,West,98,335,1.76,0
2024-03-21,Stationery,West,74,648,2.13,0
2024-03-22,Stationery,West,79,418,1.97,0
2024-03-23,Stationery,West,58,438,3.56,0
2024-03-24,Stationery,West,79,387,1.64,0
2024-03-25,Stationery,West,55,591,2.27,0
2024-03-26,Stationery,West,70,488,4.85,0
2024-03-27,Stationery,West,77,422,4.43,0
2024-03-28,Stationery,West,71,260,3.67,0
2024-03-29,Stationery,West,77,228,4.58,0
2024-03-30,Stationery,West,71,418,1.67,0
2024-03-31,Stationery,West,52,676,1.61,0
2024-04-01,Stationery,West,64,570,4.1,0
2024-04-02,Stationery,West,65,765,2.41,0
2024-04-03,Stationery,West,80,404,4.2,1
2024-04-04,Stationery,West,67,320,4.81,0
2024-04-05,Stationery,West,88,452,3.84,0
2024-04-06,Stationery,West,87,413,4.59,0
2024-04-07,Stationery,West,75,734,4.72,0
2024-04-08,Stationery,West,71,231,4.47,0
2024-04-09,Stationery,West,102,797,4.93,0
2024-04-10,Stationery,West,99,592,2.88,1
2024-04-11,Stationery,West,91,714,3.49,1
2024-04-12,Stationery,West,101,230,2.28,0
2024-04-13,Stationery,West,61,699,4.5,0
2024-04-14,Stationery,West,62,445,2.23,0
2024-04-15,Stationery,West,107,257,3.5,0
2024-04-16,Stationery,West,112,434,2.39,1
2024-04-17,Stationery,West,56,494,3.0,1
2024-04-18,Stationery,West,94,781,2.58,0
2024-04-19,Stationery,West,71,651,4.52,0
2024-04-20,Stationery,West,78,722,3.48,0
2024-04-21,Stationery,West,191,407,4.65,0
2024-04-22,Stationery,West,236,231,1.95,0
2024-04-23,Stationery,West,194,640,3.7,1
2024-04-24,Stationery,West,210,570,2.44,0
2024-04-25,Stationery,West,197,514,3.75,0
2024-04-26,Stationery,West,197,595,2.37,0
2024-04-27,Stationery,West,190,589,3.76,1
2024-04-28,Stationery,West,176,722,2.65,0
2024-04-29,Stationery,West,129,773,3.15,1
2024-04-30,Stationery,West,186,623,3.49,0
2024-05-01,Stationery,West,188,565,4.3,0
2024-05-02,Stationery,West,176,254,1.71,0
2024-05-03,Stationery,West,98,517,4.78,0
2024-05-04,Stationery,West,130,256,3.88,0
2024-05-05,Stationery,West,150,475,3.38,0
2024-05-06,Stationery,West,68,634,2.52,1
2024-05-07,Stationery,West,64,498,3.01,0
2024-05-08,Stationery,West,57,295,3.06,0
2024-05-09,Stationery,West,88,381,3.48,0
2024-05-10,Stationery,West,78,250,1.7,0
2024-05-11,Stationery,West,86,267,3.61,0
2024-05-12,Stationery,West,32,784,3.73,0
2024-05-13,Stationery,West,96,583,1.68,0
2024-05-14,Stationery,West,80,216,2.05,1
2024-05-15,Stationery,West,87,269,4.59,0
2024-05-16,Stationery,West,67,502,4.42,0
2024-05-17,Stationery,West,85,200,1.7,0
2024-05-18,Stationery,West,84,590,2.44,0
2024-05-19,Stationery,West,54,241,2.51,0
2024-05-20,Stationery,West,82,256,2.36,1
2024-05-21,Stationery,West,68,749,4.93,0
2024-05-22,Stationery,West,83,408,2.13,0
2024-05-23,Stationery,West,84,410,3.15,1
2024-05-24,Stationery,West,66,667,4.0,0
2024-05-25,Stationery,West,86,785,4.5,0
2024-05-26,Stationery,West,88,797,3.04,0
2024-05-27,Stationery,West,109,611,2.86,0
2024-05-28,Stationery,West,81,445,1.55,0
2024-05-29,Stationery,West,88,378,3.04,0
2024-05-30,Stationery,West,89,797,2.81,0
2024-05-31,Stationery,West,83,224,4.76,0
2024-06-01,Stationery,West,116,402,4.59,0
2024-06-02,Stationery,West,142,668,3.94,0
2024-06-03,Stationery,West,180,449,3.68,0
2024-06-04,Stationery,West,153,743,2.64,0
2024-06-05,Stationery,West,153,425,2.6,0
2024-06-06,Stationery,West,131,300,4.29,1
2024-06-07,Stationery,West,140,567,2.18,0
2024-06-08,Stationery,West,155,249,1.54,1
2024-06-09,Stationery,West,114,523,4.21,1
2024-06-10,Stationery,West,118,309,3.96,0
2024-06-11,Stationery,West,139,683,4.75,0
2024-06-12,Stationery,West,144,764,2.79,0
2024-06-13,Stationery,West,90,409,3.33,0
2024-06-14,Stationery,West,141,776,1.78,0
2024-06-15,Stationery,West,130,667,2.92,0
2024-06-16,Stationery,West,123,643,2.41,1
2024-06-17,Stationery,West,141,329,2.82,1
2024-06-18,Stationery,West,107,360,3.56,0
2024-06-19,Stationery,West,82,613,1.59,0
2024-06-20,Stationery,West,142,409,1.93,0
2024-06-21,Stationery,West,134,379,2.22,0
2024-06-22,Stationery,West,108,674,3.56,0
2024-06-23,Stationery,West,132,732,1.93,1
2024-06-24,Stationery,West,154,766,4.83,0
2024-06-25,Stationery,West,149,259,2.56,1
2024-06-26,Stationery,West,88,733,3.24,1
2024-06-27,Stationery,West,161,673,3.63,0
2024-06-28,Stationery,West,203,226,4.18,0
2024-06-29,Stationery,West,62,349,3.32,0
2024-06-30,Stationery,West,122,456,3.59,0
2024-07-01,Stationery,West,173,404,2.55,0
2024-07-02,Stationery,West,183,285,2.27,0
2024-07-03,Stationery,West,136,288,2.64,0
2024-07-04,Stationery,West,134,251,4.67,0
2024-07-05,Stationery,West,140,470,3.26,0
2024-07-06,Stationery,West,100,741,3.86,0
2024-07-07,Stationery,West,118,563,2.29,0
2024-07-08,Stationery,West,108,503,2.33,0
2024-07-09,Stationery,West,103,287,2.09,0
2024-07-10,Stationery,West,162,634,2.99,0
2024-07-11,Stationery,West,171,548,1.5,0
2024-07-12,Stationery,West,130,386,4.95,0
2024-07-13,Stationery,West,76,728,4.84,0
2024-07-14,Stationery,West,105,494,2.78,0
2024-07-15,Stationery,West,153,372,4.67,0
2024-07-16,Stationery,West,155,366,3.44,0
2024-07-17,Stationery,West,125,583,4.55,0
2024-07-18,Stationery,West,165,392,1.89,0
2024-07-19,Stationery,West,163,270,2.92,1
2024-07-20,Stationery,West,195,213,1.88,1
2024-07-21,Stationery,West,151,445,4.42,0
2024-07-22,Stationery,West,73,541,2.98,0
2024-07-23,Stationery,West,133,241,1.69,0
2024-07-24,Stationery,West,111,332,4.04,0
2024-07-25,Stationery,West,106,594,1.87,0
2024-07-26,Stationery,West,110,441,3.33,0
2024-07-27,Stationery,West,94,501,2.07,0
2024-07-28,Stationery,West,103,496,2.08,0
2024-07-29,Stationery,West,159,750,3.83,0
2024-07-30,Stationery,West,168,226,2.45,0
2024-07-31,Stationery,West,92,235,3.79,0
2024-08-01,Stationery,West,74,436,3.69,0
2024-08-02,Stationery,West,86,774,2.22,0
2024-08-03,Stationery,West,46,352,3.61,1
2024-08-04,Stationery,West,55,621,3.14,0
2024-08-05,Stationery,West,61,577,2.68,0
2024-08-06,Stationery,West,73,608,3.53,0
2024-08-07,Stationery,West,91,751,3.59,0
2024-08-08,Stationery,West,97,619,2.45,0
2024-08-09,Stationery,West,100,426,4.84,0
2024-08-10,Stationery,West,65,203,2.72,0
2024-08-11,Stationery,West,60,700,3.17,0
2024-08-12,Stationery,West,98,379,2.75,0
2024-08-13,Stationery,West,76,418,3.62,0
2024-08-14,Stationery,West,78,242,2.25,0
2024-08-15,Stationery,West,75,506,3.75,0
2024-08-16,Stationery,West,75,329,4.27,0
2024-08-17,Stationery,West,96,793,5.0,0
2024-08-18,Stationery,West,70,361,2.7,0
2024-08-19,Stationery,West,88,370,4.95,0
2024-08-20,Stationery,West,69,516,2.54,0
2024-08-21,Stationery,West,101,695,1.94,0
2024-08-22,Stationery,West,58,576,1.7,1
2024-08-23,Stationery,West,54,736,1.69,0
2024-08-24,Stationery,West,93,424,4.03,0
2024-08-25,Stationery,West,95,629,4.09,0
2024-08-26,Stationery,West,92,554,4.74,0
2024-08-27,Stationery,West,55,551,3.04,0
2024-08-28,Stationery,West,86,708,4.72,0
2024-08-29,Stationery,West,92,707,4.26,0
2024-08-30,Stationery,West,71,308,3.73,1
2024-08-31,Stationery,West,76,497,4.42,0
2024-09-01,Stationery,West,80,758,1.76,0
2024-09-02,Stationery,West,78,442,2.18,0
2024-09-03,Stationery,West,110,361,4.65,0
2024-09-04,Stationery,West,69,431,3.81,0
2024-09-05,Stationery,West,91,665,3.35,0
2024-09-06,Stationery,West,101,770,4.63,0
2024-09-07,Stationery,West,89,450,3.77,1
2024-09-08,Stationery,West,38,222,3.96,0
2024-09-09,Stationery,West,49,269,2.77,0
2024-09-10,Stationery,West,73,644,3.07,0
2024-09-11,Stationery,West,63,455,2.09,0
2024-09-12,Stationery,West,90,786,1.73,0
2024-09-13,Stationery,West,116,643,3.04,1
2024-09-14,Stationery,West,65,644,4.41,0
2024-09-15,Stationery,West,98,538,2.66,0
2024-09-16,Stationery,West,101,637,1.85,0
2024-09-17,Stationery,West,85,604,1.77,0
2024-09-18,Stationery,West,80,773,4.21,1
2024-09-19,Stationery,West,73,483,3.85,0
2024-09-20,Stationery,West,87,739,2.82,0
2024-09-21,Stationery,West,65,655,2.65,0
2024-09-22,Stationery,West,70,213,4.62,0
2024-09-23,Stationery,West,78,557,4.58,1
2024-09-24,Stationery,West,91,767,4.35,0
2024-09-25,Stationery,West,78,350,2.44,0
2024-09-26,Stationery,West,97,769,2.86,0
2024-09-27,Stationery,West,101,248,3.39,0
2024-09-28,Stationery,West,73,481,4.89,0
2024-09-29,Stationery,West,77,230,4.41,0
2024-09-30,Stationery,West,73,504,3.67,0
2024-10-01,Stationery,West,62,594,3.07,0
2024-10-02,Stationery,West,69,220,4.37,0
2024-10-03,Stationery,West,74,274,1.75,1
2024-10-04,Stationery,West,75,490,3.82,0
2024-10-05,Stationery,West,88,337,3.28,0
2024-10-06,Stationery,West,51,682,2.6,0
2024-10-07,Stationery,West,52,668,3.69,0
2024-10-08,Stationery,West,83,478,3.18,0
2024-10-09,Stationery,West,84,782,4.57,0
2024-10-10,Stationery,West,55,435,3.18,0
2024-10-11,Stationery,West,71,587,4.18,0
2024-10-12,Stationery,West,85,771,3.37,0
2024-10-13,Stationery,West,82,714,4.31,0
2024-10-14,Stationery,West,68,469,1.85,0
2024-10-15,Stationery,West,82,385,2.25,0
2024-10-16,Stationery,West,81,557,2.48,1
2024-10-17,Stationery,West,103,440,2.82,0
2024-10-18,Stationery,West,115,635,2.24,0
2024-10-19,Stationery,West,107,261,1.52,0
2024-10-20,Stationery,West,92,368,2.55,0
2024-10-21,Stationery,West,65,590,1.91,0
2024-10-22,Stationery,West,78,669,3.8,0
2024-10-23,Stationery,West,61,569,4.49,0
2024-10-24,Stationery,West,72,339,2.56,0
2024-10-25,Stationery,West,68,589,4.92,0
2024-10-26,Stationery,West,122,630,4.02,0
2024-10-27,Stationery,West,108,381,2.38,0
2024-10-28,Stationery,West,69,229,2.21,0
2024-10-29,Stationery,West,67,596,4.77,0
2024-10-30,Stationery,West,93,759,4.74,0
2024-10-31,Stationery,West,88,711,4.12,1
2024-11-01,Stationery,West,71,680,4.38,0
2024-11-02,Stationery,West,70,618,4.09,1
2024-11-03,Stationery,West,88,260,3.67,0
2024-11-04,Stationery,West,109,501,3.34,0
2024-11-05,Stationery,West,48,665,4.52,1
2024-11-06,Stationery,West,75,753,3.71,0
2024-11-07,Stationery,West,56,622,4.14,0
2024-11-08,Stationery,West,87,725,2.74,0
2024-11-09,Stationery,West,38,272,4.02,0
2024-11-10,Stationery,West,54,550,2.46,0
2024-11-11,Stationery,West,61,328,2.09,0
2024-11-12,Stationery,West,76,722,2.94,0
2024-11-13,Stationery,West,76,613,2.81,0
2024-11-14,Stationery,West,85,220,4.02,0
2024-11-15,Stationery,West,86,535,2.01,0
2024-11-16,Stationery,West,51,751,4.25,0
2024-11-17,Stationery,West,84,789,2.53,0
2024-11-18,Stationery,West,115,613,4.64,1
2024-11-19,Stationery,West,79,354,3.02,1
2024-11-20,Stationery,West,41,532,4.33,0
2024-11-21,Stationery,West,80,685,4.91,0
2024-11-22,Stationery,West,47,333,4.77,0
2024-11-23,Stationery,West,51,314,2.19,0
2024-11-24,Stationery,West,69,268,2.02,0
2024-11-25,Stationery,West,71,457,4.6,1
2024-11-26,Stationery,West,67,436,2.84,0
2024-11-27,Stationery,West,135,476,4.57,0
2024-11-28,Stationery,West,66,408,3.68,0
2024-11-29,Stationery,West,81,742,4.52,0
2024-11-30,Stationery,West,63,792,2.18,0
2024-12-01,Stationery,West,58,558,4.82,0
2024-12-02,Stationery,West,85,239,3.64,0
2024-12-03,Stationery,West,98,698,2.09,0
2024-12-04,Stationery,West,103,792,2.39,0
2024-12-05,Stationery,West,60,293,1.53,0
2024-12-06,Stationery,West,73,725,2.67,0
2024-12-07,Stationery,West,63,673,4.33,0
2024-12-08,Stationery,West,74,291,3.78,0
2024-12-09,Stationery,West,99,302,3.43,0
2024-12-10,Stationery,West,48,458,4.45,0
2024-12-11,Stationery,West,67,759,3.31,0
2024-12-12,Stationery,West,71,560,3.03,0
2024-12-13,Stationery,West,57,795,3.26,0
2024-12-14,Stationery,West,68,421,2.54,0
2024-12-15,Stationery,West,49,507,3.46,0
2024-12-16,Stationery,West,84,408,1.95,0
2024-12-17,Stationery,West,31,627,3.59,0
2024-12-18,Stationery,West,88,397,3.54,0
2024-12-19,Stationery,West,95,515,3.49,0
2024-12-20,Stationery,West,66,778,2.01,0
2024-12-21,Stationery,West,59,207,4.53,1
2024-12-22,Stationery,West,85,313,3.22,0
2024-12-23,Stationery,West,90,255,2.2,1
2024-12-24,Stationery,West,104,761,3.06,0
2024-12-25,Stationery,West,101,392,3.23,0
2024-12-26,Stationery,West,69,251,2.04,0
2024-12-27,Stationery,West,49,210,3.73,0
2024-12-28,Stationery,West,68,280,4.28,1
2024-12-29,Stationery,West,59,673,2.64,0
2024-12-30,Stationery,West,71,489,2.7,0
2024-12-31,Stationery,West,69,574,4.14,0
